body_id,name,segment,county,schools,enrollment,website,coverage_level,blocker_code,platform,board_page_url,own_site_doc_links,expected_meetings_per_year,docs_count,last_checked,last_success,manual_notes
NCES-3603840,Baldwin Union Free School District,LI school districts,Nassau,7,4476,http://www.baldwinschools.org,3,PLATFORM_BLOCKS_BOTS,BoardDocs,https://go.boarddocs.com/ny/baldwinschools/Board.nsf/files/DLJRW86D04A6/$file/Highlights%20From%20the%20Summer%20%20EOY%20Results%20from%202024-2025%20SY%20Summer%202025.pdf,3,,0,2026-09-20,,BoardDocs returned 403 to automated clients on 2026-09-20 (tested from cloud and from a home network).
NCES-3604410,Bellmore Union Free School District,LI school districts,Nassau,3,1080,http://www.bellmoreschools.org,3,,PDFs on own site,https://www.bellmoreschools.org/documents/district/board-of-education/agendas-and-minutes/2025-26/21433411,,,0,2026-09-20,,"Resolved by browser render 2026-09-20, 28 doc links on page"
NCES-3619020,Bellmore-Merrick Central High School District,LI school districts,Nassau,5,5243,http://www.bellmore-merrick.k12.ny.us,3,PLATFORM_BLOCKS_BOTS_CHECK_OWN_SITE,BoardDocs,https://go.boarddocs.com/ny/bellmoremerrick/Board.nsf/vpublic?open,17,,0,2026-09-20,,BoardDocs returned 403 to automated clients on 2026-09-20 (tested from cloud and from a home network). District site also shows 17 agenda/minutes links. Check if they are current.
NCES-3604740,Bethpage Union Free School District,LI school districts,Nassau,5,2990,http://www.bethpagecommunity.com,3,,Google Drive links,https://www.bethpagecommunity.com/page/board-of-ed,,,0,2026-09-20,,
NCES-3606540,Carle Place Union Free School District,LI school districts,Nassau,3,1264,http://www.cps.k12.ny.us,3,PLATFORM_BLOCKS_BOTS,BoardDocs,,,,0,2026-09-20,,BoardDocs returned 403 to automated clients on 2026-09-20 (tested from cloud and from a home network).
NCES-3609840,East Meadow Union Free School District,LI school districts,Nassau,9,7802,https://eastmeadowschoolsny.sites.thrillshare.com,2,PLATFORM_URL_MISSING,BoardDocs,https://eastmeadowschoolsny.sites.thrillshare.com/page/board-of-education,,,0,2026-09-20,,"Found by web search 2026-09-20. Registry URL is dead, district moved sites. Board page states BoardDocs is used. BoardDocs address not yet captured"
NCES-3609960,East Rockaway Union Free School District,LI school districts,Nassau,3,1153,http://www.eastrockawayschools.org,3,,PDFs on own site,https://www.eastrockawayschools.org/agendas,,,0,2026-09-20,,
NCES-3610050,East Williston Union Free School District,LI school districts,Nassau,3,1609,http://www.ewsdonline.org,1,ROBOTS_DISALLOW,,,,,0,2026-09-20,,
NCES-3610620,Elmont Union Free School District,LI school districts,Nassau,6,3394,http://www.elmontschools.org,3,PLATFORM_BLOCKS_BOTS_CHECK_OWN_SITE,BoardDocs,https://go.boarddocs.com/ny/elmont/Board.nsf/files/DTURJX6E48E8/$file/April,175,,0,2026-09-20,,BoardDocs returned 403 to automated clients on 2026-09-20 (tested from cloud and from a home network). District site also shows 175 agenda/minutes links. Check if they are current.
NCES-3610980,Farmingdale Union Free School District,LI school districts,Nassau,6,5251,http://www.farmingdaleschools.org,3,,Google Drive links,https://www.farmingdaleschools.org/boe-goals,,,0,2026-09-20,,
NCES-3611160,Floral Park-Bellerose Union Free School District,LI school districts,Nassau,2,1597,http://www.fpbsd.org,1,ROBOTS_DISALLOW,,,,,0,2026-09-20,,
NCES-3611460,Franklin Square Union Free School District,LI school districts,Nassau,3,1930,http://www.franklinsquare.k12.ny.us,3,PLATFORM_BLOCKS_BOTS,BoardDocs,https://go.boarddocs.com/ny/frsq/Board.nsf/Public#,,,0,2026-09-20,,BoardDocs returned 403 to automated clients on 2026-09-20 (tested from cloud and from a home network).
NCES-3611550,Freeport Union Free School District,LI school districts,Nassau,8,6469,http://www.freeportschools.org,1,NOT_DETECTED,,,,,0,2026-09-20,,2 possible doc links at https://www.freeportschools.org/nysed-parent-dashboard
NCES-3611760,Garden City Union Free School District,LI school districts,Nassau,7,3945,http://www.gardencity.k12.ny.us,3,PLATFORM_BLOCKS_BOTS,Diligent Community,https://gardencity-k12.community.diligentoneplatform.com/Portal/#jumpToMain,,,0,2026-09-20,,Resolved by browser render 2026-09-20 | BoardDocs returned 403 to automated clients on 2026-09-20 (tested from cloud and from a home network).
NCES-3612180,Glen Cove City School District,LI school districts,Nassau,6,3214,http://www.glencoveschools.org,3,,Google Drive links,https://www.glencoveschools.org/board-of-education/boe-meeting-dates,,,0,2026-09-20,,
NCES-3612510,Great Neck Union Free School District,LI school districts,Nassau,10,6836,http://www.greatneck.k12.ny.us,3,PLATFORM_BLOCKS_BOTS,BoardDocs,https://go.boarddocs.com/ny/gnps/Board.nsf/Public,1,,0,2026-09-20,,BoardDocs returned 403 to automated clients on 2026-09-20 (tested from cloud and from a home network).
NCES-3614130,Hempstead Union Free School District,LI school districts,Nassau,8,6114,http://www.hempsteadschools.org,3,PLATFORM_BLOCKS_BOTS_CHECK_OWN_SITE,BoardDocs,https://go.boarddocs.com/ny/hempstead/Board.nsf/Public,625,,0,2026-09-20,,BoardDocs returned 403 to automated clients on 2026-09-20 (tested from cloud and from a home network). District site also shows 625 agenda/minutes links. Check if they are current.
NCES-3614280,Herricks Union Free School District,LI school districts,Nassau,5,4258,http://www.herricks.org,3,,Google Drive links,https://www.herricks.org/board-of-education/board-meeting-dates-and-livestream-links,,,0,2026-09-20,,
NCES-3631710,Hewlett-Woodmere Union Free School District,LI school districts,Nassau,5,2884,http://www.hewlett-woodmere.net,3,PLATFORM_BLOCKS_BOTS,BoardDocs,https://go.boarddocs.com/ny/hwps/Board.nsf/Public,,,0,2026-09-20,,BoardDocs returned 403 to automated clients on 2026-09-20 (tested from cloud and from a home network).
NCES-3614340,Hicksville Union Free School District,LI school districts,Nassau,9,5548,http://www.hicksvillepublicschools.org,3,PLATFORM_BLOCKS_BOTS,BoardDocs,https://go.boarddocs.com/ny/hicksville/Board.nsf/goto?open&id=DP7PJX64C4F2,,,0,2026-09-20,,BoardDocs returned 403 to automated clients on 2026-09-20 (tested from cloud and from a home network).
NCES-3615480,Island Park Union Free School District,LI school districts,Nassau,2,707,http://www.ips.k12.ny.us,3,PLATFORM_BLOCKS_BOTS_CHECK_OWN_SITE,BoardDocs,https://go.boarddocs.com/ny/island/Board.nsf/Public,21,,0,2026-09-20,,BoardDocs returned 403 to automated clients on 2026-09-20 (tested from cloud and from a home network). District site also shows 21 agenda/minutes links. Check if they are current.
NCES-3615510,Island Trees Union Free School District,LI school districts,Nassau,4,2223,http://www.islandtrees.org,3,PLATFORM_BLOCKS_BOTS_CHECK_OWN_SITE,BoardDocs,http://www.boarddocs.com/ny/ISTR/Board.nsf/Public,18,,0,2026-09-20,,BoardDocs returned 403 to automated clients on 2026-09-20 (tested from cloud and from a home network). District site also shows 18 agenda/minutes links. Check if they are current.
NCES-3615810,Jericho Union Free School District,LI school districts,Nassau,5,3236,http://www.jerichoschools.org,3,PLATFORM_BLOCKS_BOTS,Diligent Community,https://jerichoschools.community.diligentoneplatform.com/Portal/MeetingTypeList.aspx,,,0,2026-09-20,,BoardDocs returned 403 to automated clients on 2026-09-20 (tested from cloud and from a home network).
NCES-3616830,Lawrence Union Free School District,LI school districts,Nassau,5,2306,http://www.lawrence.org,1,NOT_DETECTED,,,,,0,2026-09-20,,
NCES-3617160,Levittown Union Free School District,LI school districts,Nassau,10,7177,http://www.levittownschools.com,3,PLATFORM_BLOCKS_BOTS_CHECK_OWN_SITE,BoardDocs,https://go.boarddocs.com/ny/levittown/Board.nsf/Public,334,,0,2026-09-20,,BoardDocs returned 403 to automated clients on 2026-09-20 (tested from cloud and from a home network). District site also shows 334 agenda/minutes links. Check if they are current.
NCES-3617700,Locust Valley Central School District,LI school districts,Nassau,6,1920,http://www.locustvalleyschools.org,3,,Google Drive links,,,,0,2026-09-20,,
NCES-3617730,Long Beach City School District,LI school districts,Nassau,6,3590,http://www.lbeach.org,3,,PDFs on own site,https://www.lbeach.org/boe-meeting-videos,,,0,2026-09-20,,
NCES-3617910,Lynbrook Union Free School District,LI school districts,Nassau,7,2764,http://www.lynbrookschools.org,1,NOT_DETECTED,,,,,0,2026-09-20,,2 possible doc links at https://www.lynbrookschools.org/nysed-parent-data-dashboard
NCES-3618210,Malverne Union Free School District,LI school districts,Nassau,4,1848,http://www.malverne.k12.ny.us,1,NOT_DETECTED,,,,,0,2026-09-20,,
NCES-3618270,Manhasset Union Free School District,LI school districts,Nassau,4,3021,http://www.manhassetschools.org,3,PLATFORM_BLOCKS_BOTS,BoardDocs,https://go.boarddocs.com/ny/manhps/Board.nsf/Public,,,0,2026-09-20,,BoardDocs returned 403 to automated clients on 2026-09-20 (tested from cloud and from a home network).
NCES-3618630,Massapequa Union Free School District,LI school districts,Nassau,9,6536,http://www.msd.k12.ny.us,3,,Google Drive links,https://www.msd.k12.ny.us/page/boe-meeting-live-stream,,,0,2026-09-20,,
NCES-3619110,Merrick Union Free School District,LI school districts,Nassau,3,1664,http://www.merrick.k12.ny.us,3,,PDFs on own site,https://www.merrick.k12.ny.us/board-of-education,,,0,2026-09-20,,
NCES-3619500,Mineola Union Free School District,LI school districts,Nassau,5,2868,http://www.mineola.k12.ny.us,3,,PDFs on own site,https://www.mineola.k12.ny.us/board-policies,,,0,2026-09-20,,
NCES-3620400,New Hyde Park-Garden City Park Union Free School District,LI school districts,Nassau,4,1653,http://www.nhp-gcp.org,3,PLATFORM_BLOCKS_BOTS,BoardDocs,,,,0,2026-09-20,,BoardDocs returned 403 to automated clients on 2026-09-20 (tested from cloud and from a home network).
NCES-3620940,North Bellmore Union Free School District,LI school districts,Nassau,5,2046,http://www.northbellmoreschools.org,3,,PDFs on own site,https://www.northbellmoreschools.org/boe-meeting-dates,,,0,2026-09-20,,
NCES-3621120,North Merrick Union Free School District,LI school districts,Nassau,3,1214,http://www.nmerrickschools.org,1,NOT_DETECTED,,,,,0,2026-09-20,,
NCES-3626370,North Shore Central School District,LI school districts,Nassau,5,2572,http://www.northshoreschools.org,3,PLATFORM_BLOCKS_BOTS_CHECK_OWN_SITE,BoardDocs,https://go.boarddocs.com/ny/northshore/Board.nsf/Public,383,,0,2026-09-20,,BoardDocs returned 403 to automated clients on 2026-09-20 (tested from cloud and from a home network). District site also shows 383 agenda/minutes links. Check if they are current.
NCES-3621570,Oceanside Union Free School District,LI school districts,Nassau,10,5514,http://www.oceansideschools.org,3,PLATFORM_BLOCKS_BOTS,BoardDocs,https://go.boarddocs.com/ny/oceanside/Board.nsf/goto?open&amp;id=CRUP6K61D3B9,,,0,2026-09-20,,BoardDocs returned 403 to automated clients on 2026-09-20 (tested from cloud and from a home network).
NCES-3622290,Oyster Bay-East Norwich Central School District,LI school districts,Nassau,4,1400,http://www.obenschools.org,2,PLATFORM_URL_MISSING,BoardDocs,,,,0,2026-09-20,,District site states it uses BoardDocs since Feb 2022. BoardDocs address not yet captured
NCES-3623190,Plainedge Union Free School District,LI school districts,Nassau,5,2880,http://www.plainedgeschools.org,3,PLATFORM_BLOCKS_BOTS_CHECK_OWN_SITE,BoardDocs,http://go.boarddocs.com/ny/plainedge/Board.nsf/goto?open=&#038;id=AZWPDZ6430F9,26,,0,2026-09-20,,BoardDocs returned 403 to automated clients on 2026-09-20 (tested from cloud and from a home network). District site also shows 26 agenda/minutes links. Check if they are current.
NCES-3623220,Plainview-Old Bethpage Central School District,LI school districts,Nassau,7,5245,http://www.pobschools.org,3,PLATFORM_BLOCKS_BOTS,BoardDocs,https://go.boarddocs.com/ny/pobcsd/Board.nsf/goto?open&amp;id=965J9L4C1C05#,,,0,2026-09-20,,BoardDocs returned 403 to automated clients on 2026-09-20 (tested from cloud and from a home network).
NCES-3623580,Port Washington Union Free School District,LI school districts,Nassau,7,5294,http://www.portnet.org,3,PLATFORM_BLOCKS_BOTS,BoardDocs,https://go.boarddocs.com/ny/pwufsd/Board.nsf/vpublic?open,,,0,2026-09-20,,Resolved by browser render 2026-09-20 | BoardDocs returned 403 to automated clients on 2026-09-20 (tested from cloud and from a home network).
NCES-3624780,Rockville Centre Union Free School District,LI school districts,Nassau,7,3384,http://www.rvcschools.org,3,PLATFORM_BLOCKS_BOTS,BoardDocs,https://go.boarddocs.com/ny/rockville/Board.nsf/vpublic?open,,,0,2026-09-20,,Resolved by browser render 2026-09-20 | BoardDocs returned 403 to automated clients on 2026-09-20 (tested from cloud and from a home network).
NCES-3624990,Roosevelt Union Free School District,LI school districts,Nassau,5,3196,http://www.rooseveltufsd.org,3,PLATFORM_BLOCKS_BOTS,BoardDocs,,,,0,2026-09-20,,BoardDocs returned 403 to automated clients on 2026-09-20 (tested from cloud and from a home network).
NCES-3625050,Roslyn Union Free School District,LI school districts,Nassau,5,3301,http://www.roslynschools.org,3,,Google Drive links,https://www.roslynschools.org/board-of-education/board-meeting-schedule,,,0,2026-09-20,,
NCES-3626400,Seaford Union Free School District,LI school districts,Nassau,4,2200,http://www.seaford.k12.ny.us,3,PLATFORM_BLOCKS_BOTS,BoardDocs,https://go.boarddocs.com/ny/seafordufsd/board.nsf/vpublic?open&amp;id=policies,1,,0,2026-09-20,,BoardDocs returned 403 to automated clients on 2026-09-20 (tested from cloud and from a home network).
NCES-3626520,Sewanhaka Central High School District,LI school districts,Nassau,5,7862,http://www.sewanhakaschools.org,3,PLATFORM_BLOCKS_BOTS,BoardDocs,https://go.boarddocs.com/ny/schsd/Board.nsf/Public,4,,0,2026-09-20,,BoardDocs returned 403 to automated clients on 2026-09-20 (tested from cloud and from a home network).
NCES-3628560,Syosset Central School District,LI school districts,Nassau,10,6938,http://syossetschools.org,3,PLATFORM_BLOCKS_BOTS,BoardDocs,https://go.boarddocs.com/ny/syossetschools/Board.nsf/Public,1,,0,2026-09-20,,BoardDocs returned 403 to automated clients on 2026-09-20 (tested from cloud and from a home network).
NCES-3629280,Uniondale Union Free School District,LI school districts,Nassau,8,6211,http://www.district.uniondaleschools.org,3,PLATFORM_BLOCKS_BOTS,BoardDocs,https://go.boarddocs.com/ny/uniondale/Board.nsf/Public,,,0,2026-09-20,,Resolved by deeper crawl 2026-09-20 | BoardDocs returned 403 to automated clients on 2026-09-20 (tested from cloud and from a home network).
NCES-3629430,Valley Stream 13 Union Free School District,LI school districts,Nassau,4,2026,http://valleystream13.com/,1,BOT_CHALLENGE,,,,,0,2026-09-20,,
NCES-3629460,Valley Stream 24 Union Free School District,LI school districts,Nassau,3,1055,http://valleystreamschooldistrict24.org/,3,PLATFORM_BLOCKS_BOTS_CHECK_OWN_SITE,Diligent Community,https://valleystreamschooldistrict24.community.diligentoneplatform.com/Portal/Welcome.aspx,355,,0,2026-09-20,,BoardDocs returned 403 to automated clients on 2026-09-20 (tested from cloud and from a home network). District site also shows 355 agenda/minutes links. Check if they are current.
NCES-3629490,Valley Stream 30 Union Free School District,LI school districts,Nassau,3,1456,http://www.valleystream30.com,3,PLATFORM_BLOCKS_BOTS_CHECK_OWN_SITE,Diligent Community,https://valleystream30.community.diligentoneplatform.com/Portal/MeetingSchedule.aspx?meetingTypeId=16&amp;month=7,481,,0,2026-09-20,,BoardDocs returned 403 to automated clients on 2026-09-20 (tested from cloud and from a home network). District site also shows 481 agenda/minutes links. Check if they are current.
NCES-3629520,Valley Stream Central High School District,LI school districts,Nassau,4,4714,http://www.vschsd.org,1,BOT_CHALLENGE,,,,,0,2026-09-20,,
NCES-3629850,Wantagh Union Free School District,LI school districts,Nassau,5,2905,http://www.wantaghschools.org,3,,PDFs on own site,https://www.wantaghschools.org/boe,,,0,2026-09-20,,
NCES-3630660,West Hempstead Union Free School District,LI school districts,Nassau,4,1586,http://www.whufsd.com,3,PLATFORM_BLOCKS_BOTS,BoardDocs,https://go.boarddocs.com/ny/whufsd/Board.nsf,,,0,2026-09-20,,BoardDocs returned 403 to automated clients on 2026-09-20 (tested from cloud and from a home network).
NCES-3630960,Westbury Union Free School District,LI school districts,Nassau,6,4768,http://www.westburyschools.org,3,PLATFORM_BLOCKS_BOTS,BoardDocs,https://go.boarddocs.com/ny/wufsd/Board.nsf/Public,1,,0,2026-09-20,,BoardDocs returned 403 to automated clients on 2026-09-20 (tested from cloud and from a home network).
NCES-3602880,Amagansett Union Free School District,LI school districts,Suffolk,1,125,http://www.aufsd.org,1,NOT_DETECTED,,,,,0,2026-09-20,,
NCES-3602940,Amityville Union Free School District,LI school districts,Suffolk,5,2951,http://www.amityvilleschools.org,3,PLATFORM_BLOCKS_BOTS_CHECK_OWN_SITE,BoardDocs,http://www.boarddocs.com/ny/aufsd/Board.nsf/Public,63,,0,2026-09-20,,BoardDocs returned 403 to automated clients on 2026-09-20 (tested from cloud and from a home network). District site also shows 63 agenda/minutes links. Check if they are current.
NCES-3603720,Babylon Union Free School District,LI school districts,Suffolk,3,1558,http://babylon.k12.ny.us,3,PLATFORM_BLOCKS_BOTS,BoardDocs,https://go.boarddocs.com/ny/babylon/Board.nsf/Public,,,0,2026-09-20,,Resolved by browser render 2026-09-20 | BoardDocs returned 403 to automated clients on 2026-09-20 (tested from cloud and from a home network).
NCES-3604080,Bay Shore Union Free School District,LI school districts,Suffolk,7,5854,http://www.bayshoreschools.org,1,ROBOTS_DISALLOW,,,,,0,2026-09-20,,
NCES-3604110,Bayport-Blue Point Union Free School District,LI school districts,Suffolk,5,1924,http://www.bbpschools.org,3,PLATFORM_BLOCKS_BOTS,BoardDocs,https://go.boarddocs.com/ny/bbps/Board.nsf/goto?open&amp;id=9Y2LGM506D64,,,0,2026-09-20,,BoardDocs returned 403 to automated clients on 2026-09-20 (tested from cloud and from a home network).
NCES-3605280,Brentwood Union Free School District,LI school districts,Suffolk,17,18323,http://www.brentwood.k12.ny.us,3,,PDFs on own site,https://www.bufsd.org/board-of-education/board-meetings,,,0,2026-09-20,,
NCES-3605370,Bridgehampton Union Free School District,LI school districts,Suffolk,1,198,http://www.bridgehampton.k12.ny.us,3,,Google Drive links,,,,0,2026-09-20,,"Resolved by browser render 2026-09-20, 445 doc links. Page URL to recapture on next run"
NCES-3615780,Brookhaven-Comsewogue Union Free School District,LI school districts,Suffolk,6,3571,http://www.comsewogue.k12.ny.us,3,PLATFORM_BLOCKS_BOTS,BoardDocs,https://go.boarddocs.com/ny/comsewogue/Board.nsf/Public,,,0,2026-09-20,,BoardDocs returned 403 to automated clients on 2026-09-20 (tested from cloud and from a home network).
NCES-3606840,Center Moriches Union Free School District,LI school districts,Suffolk,3,1488,http://www.cmschools.org,3,PLATFORM_BLOCKS_BOTS,BoardDocs,https://go.boarddocs.com/ny/cmschools/Board.nsf/,,,0,2026-09-20,,Resolved by browser render 2026-09-20 | BoardDocs returned 403 to automated clients on 2026-09-20 (tested from cloud and from a home network).
NCES-3606870,Central Islip Union Free School District,LI school districts,Suffolk,8,7902,http://www.centralislip.k12.ny.us,3,PLATFORM_BLOCKS_BOTS,BoardDocs,https://go.boarddocs.com/ny/cislipps/Board.nsf/goto?open&amp;id=CXKFZX419D9C,2,,0,2026-09-20,,BoardDocs returned 403 to automated clients on 2026-09-20 (tested from cloud and from a home network).
NCES-3608010,Cold Spring Harbor Central School District,LI school districts,Suffolk,4,1570,http://www.csh.k12.ny.us,3,,Google Drive links,https://www.csh.k12.ny.us/bo/boe-meeting-presentations,,,0,2026-09-20,,
NCES-3608130,Commack Union Free School District,LI school districts,Suffolk,8,5590,http://commack.k12.ny.us,3,,PDFs on own site,https://commack.k12.ny.us/agenda,,,0,2026-09-20,,
NCES-3608160,Connetquot Central School District,LI school districts,Suffolk,10,5393,http://www.ccsdli.org,3,PLATFORM_BLOCKS_BOTS,BoardDocs,http://www.boarddocs.com/ny/ccsdli/Board.nsf/goto?open&id=8WWMUG5CF002,,,0,2026-09-20,,BoardDocs returned 403 to automated clients on 2026-09-20 (tested from cloud and from a home network).
NCES-3608310,Copiague Union Free School District,LI school districts,Suffolk,6,4876,http://www.copiague.k12.ny.us,3,PLATFORM_BLOCKS_BOTS,BoardDocs,https://go.boarddocs.com/ny/copiague/Board.nsf/Public,,,0,2026-09-20,,BoardDocs returned 403 to automated clients on 2026-09-20 (tested from cloud and from a home network).
NCES-3608880,Deer Park Union Free School District,LI school districts,Suffolk,5,4050,http://www.deerparkschools.org,3,,PDFs on own site,https://www.deerparkschools.org/agenda-and-minutes,,,0,2026-09-20,,
NCES-3609660,East Hampton Union Free School District,LI school districts,Suffolk,3,1844,http://www.ehufsd.org,3,PLATFORM_BLOCKS_BOTS,BoardDocs,https://go.boarddocs.com/ny/ehufsd/Board.nsf/Public,,,0,2026-09-20,,Resolved by deeper crawl 2026-09-20 | BoardDocs returned 403 to automated clients on 2026-09-20 (tested from cloud and from a home network).
NCES-3609720,East Islip Union Free School District,LI school districts,Suffolk,6,3446,http://www.eischools.org,3,PLATFORM_BLOCKS_BOTS,BoardDocs,https://go.boarddocs.com/ny/eisd/Board.nsf/Public#tab-policies,1,,0,2026-09-20,,BoardDocs returned 403 to automated clients on 2026-09-20 (tested from cloud and from a home network).
NCES-3609870,East Moriches Union Free School District,LI school districts,Suffolk,2,649,http://www.emoschools.org,1,NOT_DETECTED,,,,,0,2026-09-20,,
NCES-3609900,East Quogue Union Free School District,LI school districts,Suffolk,1,361,http://www.eastquogue.k12.ny.us,3,PLATFORM_BLOCKS_BOTS_CHECK_OWN_SITE,BoardDocs,https://go.boarddocs.com/ny/equfsd/Board.nsf/Public,38,,0,2026-09-20,,BoardDocs returned 403 to automated clients on 2026-09-20 (tested from cloud and from a home network). District site also shows 38 agenda/minutes links. Check if they are current.
NCES-3600125,Eastport-South Manor Csd,LI school districts,Suffolk,5,2791,http://www.esmonline.org,3,PLATFORM_BLOCKS_BOTS_CHECK_OWN_SITE,BoardDocs,https://go.boarddocs.com/ny/esm/Board.nsf,18,,0,2026-09-20,,BoardDocs returned 403 to automated clients on 2026-09-20 (tested from cloud and from a home network). District site also shows 18 agenda/minutes links. Check if they are current.
NCES-3610680,Elwood Union Free School District,LI school districts,Suffolk,4,1998,http://www.elwood.k12.ny.us,1,BOT_CHALLENGE,,,,,0,2026-09-20,,
NCES-3621540,Fire Island Union Free School District,LI school districts,Suffolk,1,34,http://www.fi.k12.ny.us,3,,PDFs on own site,,,,0,2026-09-20,,"Resolved by browser render 2026-09-20, 72 doc links. Page URL to recapture on next run"
NCES-3611100,Fishers Island Union Free School District,LI school districts,Suffolk,1,57,http://www.fischool.com,3,PLATFORM_BLOCKS_BOTS,BoardDocs,,,,0,2026-09-20,,BoardDocs returned 403 to automated clients on 2026-09-20 (tested from cloud and from a home network).
NCES-3612840,Greenport Union Free School District,LI school districts,Suffolk,2,704,http://www.gufsd.org,3,PLATFORM_BLOCKS_BOTS,BoardDocs,https://go.boarddocs.com/ny/gufsd/Board.nsf/Public,,,0,2026-09-20,,BoardDocs returned 403 to automated clients on 2026-09-20 (tested from cloud and from a home network).
NCES-3613290,Half Hollow Hills Central School District,LI school districts,Suffolk,9,7317,http://www.halfhollowhills.k12.ny.us,3,,Google Drive links,https://www.hhh.k12.ny.us/district/board-of-education,,,0,2026-09-20,,
NCES-3613530,Hampton Bays Union Free School District,LI school districts,Suffolk,3,2065,http://www.hbschools.us,3,PLATFORM_BLOCKS_BOTS,BoardDocs,https://go.boarddocs.com/ny/hbschools/Board.nsf/Public,,,0,2026-09-20,,Resolved by deeper crawl 2026-09-20 | BoardDocs returned 403 to automated clients on 2026-09-20 (tested from cloud and from a home network).
NCES-3613620,Harborfields Central School District,LI school districts,Suffolk,4,2794,http://www.harborfieldscsd.net,3,PLATFORM_BLOCKS_BOTS,BoardDocs,https://go.boarddocs.com/ny/harborfields/Board.nsf/Public,3,,0,2026-09-20,,BoardDocs returned 403 to automated clients on 2026-09-20 (tested from cloud and from a home network).
NCES-3613980,Hauppauge Union Free School District,LI school districts,Suffolk,5,3224,http://www.hauppauge.k12.ny.us,3,,Google Drive links,https://www.hauppauge.k12.ny.us/o/hufsd/page/about-the-board-of-education,,,0,2026-09-20,,
NCES-3615090,Huntington Union Free School District,LI school districts,Suffolk,8,4136,http://www.hufsd.edu,3,PLATFORM_BLOCKS_BOTS_CHECK_OWN_SITE,BoardDocs,http://www.boarddocs.com/ny/hufsd/Board.nsf/Public,41,,0,2026-09-20,,BoardDocs returned 403 to automated clients on 2026-09-20 (tested from cloud and from a home network). District site also shows 41 agenda/minutes links. Check if they are current.
NCES-3615540,Islip Union Free School District,LI school districts,Suffolk,5,2691,http://www.islipufsd.org,3,PLATFORM_BLOCKS_BOTS_CHECK_OWN_SITE,BoardDocs,https://go.boarddocs.com/ny/islip/Board.nsf/Public,297,,0,2026-09-20,,BoardDocs returned 403 to automated clients on 2026-09-20 (tested from cloud and from a home network). District site also shows 297 agenda/minutes links. Check if they are current.
NCES-3616260,Kings Park Central School District,LI school districts,Suffolk,5,2698,http://www.kpcsd.org,3,,PDFs on own site,https://www.kpcsd.org/audit-committee-agendas,,,0,2026-09-20,,
NCES-3617380,Lindenhurst Union Free School District,LI school districts,Suffolk,8,5640,http://www.lindenhurstschools.org,3,PLATFORM_BLOCKS_BOTS,BoardDocs,https://www.boarddocs.com/ny/linden/Board.nsf,,,0,2026-09-20,,Resolved by browser render 2026-09-20 | BoardDocs returned 403 to automated clients on 2026-09-20 (tested from cloud and from a home network).
NCES-3617400,Little Flower Union Free School District,LI school districts,Suffolk,1,9,http://www.littleflowerufsd.org,3,,PDFs on own site,https://www.littleflowerufsd.org/board-of-education/board-meeting-minutes,,,0,2026-09-20,,
NCES-3619230,Longwood Central School District,LI school districts,Suffolk,7,8876,http://www.longwood.k12.ny.us,3,PLATFORM_BLOCKS_BOTS,BoardDocs,https://go.boarddocs.com/ny/lcsd/Board.nsf/Public,,,0,2026-09-20,,BoardDocs returned 403 to automated clients on 2026-09-20 (tested from cloud and from a home network).
NCES-3600021,Mattituck-Cutchogue Union Free School District,LI school districts,Suffolk,2,1004,http://www.mufsd.com,3,PLATFORM_BLOCKS_BOTS,Diligent Community,https://mufsd.community.diligentoneplatform.com/Portal/#jumpToMain,,,0,2026-09-20,,Resolved by browser render 2026-09-20 | BoardDocs returned 403 to automated clients on 2026-09-20 (tested from cloud and from a home network).
NCES-3619200,Middle Country Central School District,LI school districts,Suffolk,14,9507,http://www.mccsd.net,3,PLATFORM_BLOCKS_BOTS_CHECK_OWN_SITE,BoardDocs,http://www.boarddocs.com/ny/mccsd/Board.nsf/Public,10,,0,2026-09-20,,BoardDocs returned 403 to automated clients on 2026-09-20 (tested from cloud and from a home network). District site also shows 10 agenda/minutes links. Check if they are current.
NCES-3619410,Miller Place Union Free School District,LI school districts,Suffolk,4,2343,http://www.millerplace.k12.ny.us,3,,PDFs on own site,https://www.millerplace.k12.ny.us/board-of-education/board-meeting-minutes,,,0,2026-09-20,,"Resolved by browser render 2026-09-20, 137 doc links on page"
NCES-3619710,Montauk Union Free School District,LI school districts,Suffolk,1,305,http://www.montaukschool.org,3,,Google Drive links,,,,0,2026-09-20,,
NCES-3620040,Mount Sinai Union Free School District,LI school districts,Suffolk,3,2076,http://www.mtsinai.k12.ny.us,3,,PDFs on own site,https://www.mtsinai.k12.ny.us/56121_2,,,0,2026-09-20,,"Resolved by browser render 2026-09-20, 213 doc links on page"
NCES-3620520,New Suffolk Common School District,LI school districts,Suffolk,1,7,http://www.newsuffolkschool.com,1,NOT_DETECTED,,,,,0,2026-09-20,,
NCES-3620910,North Babylon Union Free School District,LI school districts,Suffolk,7,4683,http://www.northbabylonschools.net,3,PLATFORM_BLOCKS_BOTS,BoardDocs,https://go.boarddocs.com/ny/northbabylon/Board.nsf/vpublic?open,,,0,2026-09-20,,Resolved by browser render 2026-09-20 | BoardDocs returned 403 to automated clients on 2026-09-20 (tested from cloud and from a home network).
NCES-3621270,Northport-East Northport Union Free School District,LI school districts,Suffolk,7,4572,http://www.northport.k12.ny.us,1,ROBOTS_DISALLOW,,,,,0,2026-09-20,,
NCES-3621930,Oysterponds Union Free School District,LI school districts,Suffolk,1,80,http://www.oysterponds.org,3,,PDFs on own site,https://www.oysterponds.org/board-of-education,,,0,2026-09-20,,
NCES-3622470,Patchogue-Medford Union Free School District,LI school districts,Suffolk,11,7452,http://www.pmschools.org,3,PLATFORM_BLOCKS_BOTS_CHECK_OWN_SITE,Diligent Community,https://pmschools.community.diligentoneplatform.com/Portal/,159,,0,2026-09-20,,BoardDocs returned 403 to automated clients on 2026-09-20 (tested from cloud and from a home network). District site also shows 159 agenda/minutes links. Check if they are current.
NCES-3623490,Port Jefferson Union Free School District,LI school districts,Suffolk,3,918,http://www.portjeffschools.org,3,PLATFORM_BLOCKS_BOTS_CHECK_OWN_SITE,BoardDocs,https://go.boarddocs.com/ny/portjeff/Board.nsf/vpublic?open,68,,0,2026-09-20,,BoardDocs returned 403 to automated clients on 2026-09-20 (tested from cloud and from a home network). District site also shows 68 agenda/minutes links. Check if they are current.
NCES-3624060,Quogue Union Free School District,LI school districts,Suffolk,1,84,http://www.quogueschool.com,0,NO_RESPONSE,,,,,0,2026-09-20,,
NCES-3624420,Remsenburg-Speonk Union Free School District,LI school districts,Suffolk,1,123,http://www.rsufsd.org,3,,Google Drive links,https://www.rsufsd.org/boepolicies,,,0,2026-09-20,,
NCES-3624690,Riverhead Central School District,LI school districts,Suffolk,8,5688,http://www.riverhead.net,1,BOT_CHALLENGE,,,,,0,2026-09-20,,
NCES-3624840,Rocky Point Union Free School District,LI school districts,Suffolk,4,2721,http://www.rockypointschools.org,3,,PDFs on own site,https://www.rockypointufsd.org/boe,,,0,2026-09-20,,"Resolved by deeper crawl 2026-09-20, 856 doc links on page"
NCES-3625350,Sachem Central School District,LI school districts,Suffolk,15,11844,http://www.sachem.edu,3,PLATFORM_BLOCKS_BOTS,BoardDocs,https://www.boarddocs.com/ny/sachem/Board.nsf,3,,0,2026-09-20,,BoardDocs returned 403 to automated clients on 2026-09-20 (tested from cloud and from a home network).
NCES-3625380,Sag Harbor Union Free School District,LI school districts,Suffolk,2,958,http://www.sagharborschools.org,3,PLATFORM_BLOCKS_BOTS,BoardDocs,http://go.boarddocs.com/ny/sag/Board.nsf/goto?open&amp;id=B4QLDT5618AC,,,0,2026-09-20,,BoardDocs returned 403 to automated clients on 2026-09-20 (tested from cloud and from a home network).
NCES-3625410,Sagaponack Common School District,LI school districts,Suffolk,1,5,http://www.sagaponackschool.com,3,,PDFs on own site,https://sagaponackschool.org/school-board-meetings/,,,0,2026-09-20,,
NCES-3625920,Sayville Union Free School District,LI school districts,Suffolk,5,2694,http://www.sayvilleschools.org,3,PLATFORM_BLOCKS_BOTS_CHECK_OWN_SITE,BoardDocs,http://www.boarddocs.com/ny/spsny/board.nsf,15,,0,2026-09-20,,BoardDocs returned 403 to automated clients on 2026-09-20 (tested from cloud and from a home network). District site also shows 15 agenda/minutes links. Check if they are current.
NCES-3626640,Shelter Island Union Free School District,LI school districts,Suffolk,1,176,http://www.shelterisland.k12.ny.us,3,,PDFs on own site,https://www.shelterisland.k12.ny.us/board-of-education/meeting-videos,,,0,2026-09-20,,
NCES-3626840,Shoreham-Wading River Central School District,LI school districts,Suffolk,4,2000,http://www.swrschools.org,3,PLATFORM_BLOCKS_BOTS_CHECK_OWN_SITE,BoardDocs,https://go.boarddocs.com/ny/swrcsd/Board.nsf/Public,71,,0,2026-09-20,,BoardDocs returned 403 to automated clients on 2026-09-20 (tested from cloud and from a home network). District site also shows 71 agenda/minutes links. Check if they are current.
NCES-3627060,Smithtown Central School District,LI school districts,Suffolk,12,7924,http://www.smithtown.k12.ny.us,3,PLATFORM_BLOCKS_BOTS_CHECK_OWN_SITE,BoardDocs,http://go.boarddocs.com/ny/smith/Board.nsf/goto?open&amp;id=CLLREZ6D0AEA,22,,0,2026-09-20,,BoardDocs returned 403 to automated clients on 2026-09-20 (tested from cloud and from a home network). District site also shows 22 agenda/minutes links. Check if they are current.
NCES-3600008,South Country Central School District,LI school districts,Suffolk,6,3953,http://www.southcountry.org,3,PLATFORM_BLOCKS_BOTS,BoardDocs,https://go.boarddocs.com/ny/soco/Board.nsf/Public,4,,0,2026-09-20,,BoardDocs returned 403 to automated clients on 2026-09-20 (tested from cloud and from a home network).
NCES-3627300,South Huntington Union Free School District,LI school districts,Suffolk,7,5849,http://www.shufsd.org,3,,Google Drive links,,,,0,2026-09-20,,
NCES-3627540,Southampton Union Free School District,LI school districts,Suffolk,3,1340,http://www.southamptonschools.org,1,NOT_DETECTED,,,,,0,2026-09-20,,1 possible doc links at https://www.southamptonschools.org/62252_2
NCES-3627620,Southold Union Free School District,LI school districts,Suffolk,2,697,http://www.southoldufsd.com,3,,Google Drive links,,,,0,2026-09-20,,
NCES-3627900,Springs Union Free School District,LI school districts,Suffolk,1,688,http://www.springsschool.org,1,ROBOTS_DISALLOW,,,,,0,2026-09-20,,
NCES-3628200,Three Village Central School District,LI school districts,Suffolk,8,5717,http://www.threevillagecsd.org,1,ROBOTS_DISALLOW,,,,,0,2026-09-20,,
NCES-3629070,Tuckahoe Common School District,LI school districts,Suffolk,1,255,http://www.tuckahoecommonsd.com,3,,PDFs on own site,https://www.tuckahoecommonsd.com/board-of-trustee-meeting-schedule,,,0,2026-09-20,,
NCES-3629760,Wainscott Common School District,LI school districts,Suffolk,1,26,http://www.wainscottschool.org,3,,PDFs on own site,https://wainscottschool.org/minutes-and-agendas/,,,0,2026-09-20,,
NCES-3630540,West Babylon Union Free School District,LI school districts,Suffolk,7,3693,http://www.wbschools.org,3,PLATFORM_BLOCKS_BOTS_CHECK_OWN_SITE,BoardDocs,https://go.boarddocs.com/ny/wbschools/Board.nsf/Public,9,,0,2026-09-20,,BoardDocs returned 403 to automated clients on 2026-09-20 (tested from cloud and from a home network). District site also shows 9 agenda/minutes links. Check if they are current.
NCES-3630690,West Islip Union Free School District,LI school districts,Suffolk,7,3913,http://www.wi.k12.ny.us,3,,PDFs on own site,https://www.wi.k12.ny.us/boe,,,0,2026-09-20,,
NCES-3631020,Westhampton Beach Union Free School District,LI school districts,Suffolk,3,1767,http://www.whbschools.org,3,,PDFs on own site,https://www.whbschools.org/archived-meeting-agendas-and-minute,,,0,2026-09-20,,
NCES-3618690,William Floyd Union Free School District,LI school districts,Suffolk,9,9166,http://www.wfsd.k12.ny.us,3,PLATFORM_BLOCKS_BOTS,BoardDocs,https://www.boarddocs.com/ny/wfsd/Board.nsf,,,0,2026-09-20,,BoardDocs returned 403 to automated clients on 2026-09-20 (tested from cloud and from a home network).
NCES-3631800,Wyandanch Union Free School District,LI school districts,Suffolk,4,2743,http://www.wyandanch.k12.ny.us,3,PLATFORM_BLOCKS_BOTS,BoardDocs,https://go.boarddocs.com/ny/wyandanch/Board.nsf/Public,,,0,2026-09-20,,Resolved by browser render 2026-09-20 | BoardDocs returned 403 to automated clients on 2026-09-20 (tested from cloud and from a home network).
NCES-3600997,Academy Charter School,LI charter schools,Nassau,1,1880,http://www.academycharterschool.org,3,,PDFs on own site,https://academycharterschool.org/reports/,,,0,2026-09-20,,"Resolved by browser render 2026-09-20, 32 doc links on page"
NCES-3601169,Academy Charter School-Uniondale,LI charter schools,Nassau,1,1272,http://www.academycharterschool.org,3,,PDFs on own site,https://academycharterschool.org/reports/,,,0,2026-09-20,,"Resolved by browser render 2026-09-20, 32 doc links on page"
NCES-3600988,Evergreen Charter School,LI charter schools,Nassau,1,966,http://ecsli.org,1,BOT_CHALLENGE,,,,,0,2026-09-20,,
NCES-3680540,Nassau Boces,LI BOCES,Nassau,1,,http://www.nassauboces.org,3,PLATFORM_BLOCKS_BOTS,BoardDocs,http://go.boarddocs.com/ny/nassaub/Board.nsf/goto?open&amp;id=CT2L9S558370,,,0,2026-09-20,,BoardDocs returned 403 to automated clients on 2026-09-20 (tested from cloud and from a home network).
NCES-3600030,Roosevelt Children'S Academy Charter School,LI charter schools,Nassau,1,730,http://www.rcacs.org,1,NOT_DETECTED,,,,,0,2026-09-20,,
NCES-3680973,Academy Charter School 2 (The),LI charter schools,Suffolk,1,144,http://academycharterschool.org/wyandanchschool/,3,,PDFs on own site,,,,0,2026-09-20,,"Resolved by browser render 2026-09-20, 32 doc links. Page URL to recapture on next run"
NCES-3680820,Eastern Suffolk Boces,LI BOCES,Suffolk,1,,http://www.esboces.org,3,,Google Drive links,https://www.esboces.org/programs-services/ess/school-library-system/liaisonprogram-meetings,,,0,2026-09-20,,
NCES-3600060,Riverhead Charter School,LI charter schools,Suffolk,1,823,http://www.riverheadcharterschool.org,3,,PDFs on own site,https://riverheadcharterschool.org/title-i-parent-meetings/,,,0,2026-09-20,,
NCES-3680860,Western Suffolk Boces,LI BOCES,Suffolk,1,,http://www.wsboces.org,3,,PDFs on own site,https://www.wsboces.org/agendas-minutes/,,,0,2026-09-20,,
NYC-CB-BR09,Bronx Community Board 9,NYC community boards,Bronx,,,http://www.nyc.gov/html/bxcb9/html/home/home.shtml,1,,,,,12,0,2026-09-20,,"Full board: Third Thursday, 7:00pm"
NYC-CB-MA09,Manhattan Community Board 9,NYC community boards,Manhattan,,,https://www.cb9m.org,1,,,,,12,0,2026-09-20,,"Full board: Third Thursday, 6:30PM"
NYC-CB-QU09,Queens Community Board 9,NYC community boards,Queens,,,https://www1.nyc.gov/site/queenscb9/index.page,1,,,,,12,0,2026-09-20,,"Full board: Second Tuesday, 7:45pm"
NYC-CB-BR09,Brooklyn Community Board 9,NYC community boards,Brooklyn,,,https://cbbrooklyn.cityofnewyork.us/cb9/,1,,,,,12,0,2026-09-20,,"Full board: Fourth Tuesday, 7:00pm"
NYC-CB-QU08,Queens Community Board 8,NYC community boards,Queens,,,https://www1.nyc.gov/site/queenscb8/index.page,1,,,,,12,0,2026-09-20,,"Full board: Second Wednesday, 7:30pm"
NYC-CB-MA08,Manhattan Community Board 8,NYC community boards,Manhattan,,,http://www.cb8m.com,1,,,,,12,0,2026-09-20,,"Full board: Third Wednesday, 6:30PM"
NYC-CB-BR08,Brooklyn Community Board 8,NYC community boards,Brooklyn,,,https://www.brooklyncb8.org/,1,,,,,12,0,2026-09-20,,"Full board: Second Thursday, 7:00pm"
NYC-CB-BR08,Bronx Community Board 8,NYC community boards,Bronx,,,https://www1.nyc.gov/site/bronxcb8/index.page,1,,,,,12,0,2026-09-20,,"Full board: Second Tuesday, 7:30pm"
NYC-CB-MA07,Manhattan Community Board 7,NYC community boards,Manhattan,,,http://www.nyc.gov/mcb7,1,,,,,12,0,2026-09-20,,"Full board: First Tuesday, 6:30pm"
NYC-CB-QU07,Queens Community Board 7,NYC community boards,Queens,,,https://www1.nyc.gov/site/queenscb7/index.page,1,,,,,12,0,2026-09-20,,"Full board: Second Monday, 7:00 PM"
NYC-CB-BR07,Brooklyn Community Board 7,NYC community boards,Brooklyn,,,http://www1.nyc.gov/site/brooklyncb7/index.page,1,,,,,12,0,2026-09-20,,"Full board: Third Wednesday, 6:30pm"
NYC-CB-BR07,Bronx Community Board 7,NYC community boards,Bronx,,,https://www1.nyc.gov/site/bronxcb7/index.page,1,,,,,12,0,2026-09-20,,"Full board: 4th Tuesday of the month, 7:00pm"
NYC-CB-BR06,Brooklyn Community Board 6,NYC community boards,Brooklyn,,,http://www1.nyc.gov/site/brooklyncb6/index.page,1,,,,,12,0,2026-09-20,,"Full board: Second Wednesday, 6:30pm"
NYC-CB-BR06,Bronx Community Board 6,NYC community boards,Bronx,,,https://cbbronx.cityofnewyork.us/cb6/,1,,,,,12,0,2026-09-20,,"Full board: Second Wednesday, 6:30pm"
NYC-CB-MA06,Manhattan Community Board 6,NYC community boards,Manhattan,,,http://cbsix.org/,1,,,,,12,0,2026-09-20,,"Full board: Second Wednesday, 7:00pm"
NYC-CB-QU06,Queens Community Board 6,NYC community boards,Queens,,,https://www1.nyc.gov/site/queenscb6/index.page,1,,,,,12,0,2026-09-20,,"Full board: Second Wednesday, 7:45 PM"
NYC-CB-MA05,Manhattan Community Board 5,NYC community boards,Manhattan,,,http://www.cb5.org/,1,,,,,12,0,2026-09-20,,"Full board: Second Thursday, 6:00pm"
NYC-CB-BR05,Brooklyn Community Board 5,NYC community boards,Brooklyn,,,https://www.brooklyncb5.org/,1,,,,,12,0,2026-09-20,,"Full board: Fourth Wednesday, 6:30pm"
NYC-CB-QU05,Queens Community Board 5,NYC community boards,Queens,,,https://www1.nyc.gov/site/queenscb5/index.page,1,,,,,12,0,2026-09-20,,"Full board: Second Wednesday, 7:30 PM"
NYC-CB-BR05,Bronx Community Board 5,NYC community boards,Bronx,,,http://www.nyc.gov/html/bxcb5/html/home/home.shtml,1,,,,,12,0,2026-09-20,,"Full board: Fourth Wednesday, 6:00pm"
NYC-CB-BR04,Bronx Community Board 4,NYC community boards,Bronx,,,https://www1.nyc.gov/site/bronxcb4/index.page,1,,,,,12,0,2026-09-20,,"Full board: Fourth Tuesday, 6:00pm"
NYC-CB-QU04,Queens Community Board 4,NYC community boards,Queens,,,https://www1.nyc.gov/site/queenscb4/index.page,1,,,,,12,0,2026-09-20,,"Full board: Second Tuesday, 7:30 PM"
NYC-CB-MA04,Manhattan Community Board 4,NYC community boards,Manhattan,,,https://cbmanhattan.cityofnewyork.us/cb4/,1,,,,,12,0,2026-09-20,,"Full board: First Wednesday, 6:30pm"
NYC-CB-BR04,Brooklyn Community Board 4,NYC community boards,Brooklyn,,,https://www1.nyc.gov/site/brooklyncb4/index.page,1,,,,,12,0,2026-09-20,,"Full board: Third Wednesday, 6:00pm"
NYC-CB-BR03,Bronx Community Board 3,NYC community boards,Bronx,,,https://www1.nyc.gov/site/bronxcb3/index.page,1,,,,,12,0,2026-09-20,,"Full board: Second Tuesday, 6:00pm"
NYC-CB-BR03,Brooklyn Community Board 3,NYC community boards,Brooklyn,,,https://www1.nyc.gov/site/brooklyncb3/index.page,1,,,,,12,0,2026-09-20,,"Full board: First Monday, 7:00pm"
NYC-CB-ST03,Staten Island Community Board 3,NYC community boards,Staten Island,,,http://www.nyc.gov/sicb3,1,,,,,12,0,2026-09-20,,"Full board: Fourth Tuesday, 7:30pm"
NYC-CB-MA03,Manhattan Community Board 3,NYC community boards,Manhattan,,,http://www.nyc.gov/manhattancb3,1,,,,,12,0,2026-09-20,,"Full board: Fourth Tuesday, 6:30pm"
NYC-CB-QU03,Queens Community Board 3,NYC community boards,Queens,,,https://queenscb3.cityofnewyork.us/,1,,,,,12,0,2026-09-20,,"Full board: Third Thursday, 7:30 PM"
NYC-CB-BR02,Bronx Community Board 2,NYC community boards,Bronx,,,,0,NO_WEBSITE_IN_REGISTRY,,,,12,0,2026-09-20,,"Full board: Last Wednesday, 6:00pm"
NYC-CB-QU02,Queens Community Board 2,NYC community boards,Queens,,,https://www1.nyc.gov/site/queenscb2/index.page,1,,,,,12,0,2026-09-20,,"Full board: First Thursday, 6:30 PM"
NYC-CB-BR02,Brooklyn Community Board 2,NYC community boards,Brooklyn,,,https://www1.nyc.gov/site/brooklyncb2/index.page,1,,,,,12,0,2026-09-20,,"Full board: Second Wednesday, 6:00pm"
NYC-CB-MA02,Manhattan Community Board 2,NYC community boards,Manhattan,,,https://cbmanhattan.cityofnewyork.us/cb2/,1,,,,,12,0,2026-09-20,,"Full board: Fourth Tuesday, 6:00pm"
NYC-CB-ST02,Staten Island Community Board 2,NYC community boards,Staten Island,,,https://www1.nyc.gov/site/statenislandcb2/index.page,1,,,,,12,0,2026-09-20,,"Full board: Third Tuesday, 7:30pm"
NYC-CB-BR18,Brooklyn Community Board 18,NYC community boards,Brooklyn,,,https://www1.nyc.gov/site/brooklyncb18/index.page,1,,,,,12,0,2026-09-20,,"Full board: Third Wednesday, 8:00pm"
NYC-CB-BR17,Brooklyn Community Board 17,NYC community boards,Brooklyn,,,https://cbbrooklyn.cityofnewyork.us/cb17/,1,,,,,12,0,2026-09-20,,"Full board: Third Wednesday, 7:00pm"
NYC-CB-BR16,Brooklyn Community Board 16,NYC community boards,Brooklyn,,,https://www1.nyc.gov/site/brooklyncb16/index.page,1,,,,,12,0,2026-09-20,,"Full board: Fourth Tuesday, 7:00pm"
NYC-CB-BR15,Brooklyn Community Board 15,NYC community boards,Brooklyn,,,http://www1.nyc.gov/site/brooklyncb15/index.page,1,,,,,12,0,2026-09-20,,"Full board: Last Tuesday, 7:00pm"
NYC-CB-QU14,Queens Community Board 14,NYC community boards,Queens,,,https://www1.nyc.gov/site/queenscb14/index.page,1,,,,,12,0,2026-09-20,,"Full board: Second Tuesday, 7:00pm"
NYC-CB-BR14,Brooklyn Community Board 14,NYC community boards,Brooklyn,,,http://www.cb14brooklyn.com/,1,,,,,12,0,2026-09-20,,"Full board: Second Monday, 7:30pm"
NYC-CB-BR13,Brooklyn Community Board 13,NYC community boards,Brooklyn,,,http://www1.nyc.gov/site/brooklyncb13/index.page,1,,,,,12,0,2026-09-20,,"Full board: Fourth Wednesday, 7:00pm"
NYC-CB-QU13,Queens Community Board 13,NYC community boards,Queens,,,https://www1.nyc.gov/site/queenscb13/index.page,1,,,,,12,0,2026-09-20,,"Full board: Fourth Monday, 7:30pm"
NYC-CB-QU12,Queens Community Board 12,NYC community boards,Queens,,,https://www1.nyc.gov/site/queenscb12/index.page,1,,,,,12,0,2026-09-20,,"Full board: Third Wednesday (December; Second Wednesday), 7:00pm"
NYC-CB-BR12,Bronx Community Board 12,NYC community boards,Bronx,,,https://www1.nyc.gov/site/bronxcb12/index.page,1,,,,,12,0,2026-09-20,,"Full board: Fourth Thursday, 7:00pm"
NYC-CB-BR12,Brooklyn Community Board 12,NYC community boards,Brooklyn,,,http://www.brooklyncb12.org/,1,,,,,12,0,2026-09-20,,"Full board: Fourth Tuesday, 7:00pm"
NYC-CB-MA12,Manhattan Community Board 12,NYC community boards,Manhattan,,,https://cbmanhattan.cityofnewyork.us/cb12/,1,,,,,12,0,2026-09-20,,"Full board: Fourth Tuesday, 6:30PM"
NYC-CB-BR11,Brooklyn Community Board 11,NYC community boards,Brooklyn,,,http://www.brooklyncb11.org/,1,,,,,12,0,2026-09-20,,"Full board: Second Thursday, 7:30pm"
NYC-CB-QU11,Queens Community Board 11,NYC community boards,Queens,,,https://www1.nyc.gov/site/queenscb11/index.page,1,,,,,12,0,2026-09-20,,"Full board: First Monday, 7:30pm"
NYC-CB-MA11,Manhattan Community Board 11,NYC community boards,Manhattan,,,http://www.cb11m.org,1,,,,,12,0,2026-09-20,,"Full board: Third Tuesday, 6:30PM"
NYC-CB-BR11,Bronx Community Board 11,NYC community boards,Bronx,,,https://www1.nyc.gov/site/bronxcb11/index.page,1,,,,,12,0,2026-09-20,,"Full board: Fourth Thursday, 7:00pm"
NYC-CB-QU10,Queens Community Board 10,NYC community boards,Queens,,,https://www1.nyc.gov/site/queenscb10/index.page,1,,,,,12,0,2026-09-20,,"Full board: First Thursday, 7:45pm"
NYC-CB-BR10,Brooklyn Community Board 10,NYC community boards,Brooklyn,,,https://cbbrooklyn.cityofnewyork.us/cb10/,1,,,,,12,0,2026-09-20,,"Full board: Third Monday (fourth Monday in January and February), 7:00pm"
NYC-CB-BR10,Bronx Community Board 10,NYC community boards,Bronx,,,https://www1.nyc.gov/site/bronxcb10/index.page,1,,,,,12,0,2026-09-20,,"Full board: Third Thursday, 7:00pm"
NYC-CB-MA10,Manhattan Community Board 10,NYC community boards,Manhattan,,,https://cbmanhattan.cityofnewyork.us/cb10/,1,,,,,12,0,2026-09-20,,"Full board: First Wednesday, 6:00PM"
NYC-CB-BR01,Bronx Community Board 1,NYC community boards,Bronx,,,https://www1.nyc.gov/site/bronxcb1/index.page,1,,,,,12,0,2026-09-20,,"Full board: Last Thursday, 6:00pm"
NYC-CB-MA01,Manhattan Community Board 1,NYC community boards,Manhattan,,,http://www1.nyc.gov/site/manhattancb1/index.page,1,,,,,12,0,2026-09-20,,"Full board: Fourth Tuesday, 6:00pm"
NYC-CB-BR01,Brooklyn Community Board 1,NYC community boards,Brooklyn,,,https://www1.nyc.gov/site/brooklyncb1/index.page,1,,,,,12,0,2026-09-20,,"Full board: Second Tuesday, 6:30pm"
NYC-CB-QU01,Queens Community Board 1,NYC community boards,Queens,,,https://www1.nyc.gov/site/queenscb1/index.page,1,,,,,12,0,2026-09-20,,"Full board: Third Tuesday, 6:30 PM"
NYC-CB-ST01,Staten Island Community Board 1,NYC community boards,Staten Island,,,http://www.nyc.gov/sicb1,1,,,,,12,0,2026-09-20,,"Full board: Second Tuesday, 8:00pm"
NCES-3600039,Amber Charter School East Harlem,NYC charter school boards,Manhattan,1,336,http://www.ambercharter.org,1,,,,,,0,2026-09-20,,
NCES-3600042,Bronx Preparatory Charter School,NYC charter school boards,Bronx,1,879,http://democracyprep.org/,1,,,,,,0,2026-09-20,,
NCES-3600045,Brooklyn Charter School (The),NYC charter school boards,Brooklyn,1,166,http://www.brooklyncharter.org,1,,,,,,0,2026-09-20,,
NCES-3600046,Community Partnership Charter School,NYC charter school boards,Brooklyn,1,371,http://www.cpcsschool.org,1,,,,,,0,2026-09-20,,
NCES-3600047,Harbor Science And Arts Charter School,NYC charter school boards,Manhattan,1,198,http://www.hsacs.org,1,,,,,,0,2026-09-20,,
NCES-3600048,Harriet Tubman Charter School,NYC charter school boards,Bronx,1,565,http://www.htcsbronx.org,1,,,,,,0,2026-09-20,,
NCES-3600049,Icahn Charter School 1,NYC charter school boards,Bronx,1,324,http://www.icahncharterschool1.org,1,,,,,,0,2026-09-20,,
NCES-3600053,John V Lindsay Wildcat Academy Charter School,NYC charter school boards,Manhattan,1,331,http://www.jvlwildcat.org,1,,,,,,0,2026-09-20,,
NCES-3600054,Kipp Academy Charter School,NYC charter school boards,Bronx,1,1132,http://www.kippacademy.org,1,,,,,,0,2026-09-20,,
NCES-3600055,Merrick Academy-Queens Public Charter School,NYC charter school boards,Queens,1,582,http://www.merrickacademy.org,1,,,,,,0,2026-09-20,,
NCES-3600057,Our World Neighborhood Charter School,NYC charter school boards,Queens,1,705,http://www.owncs.org,1,,,,,,0,2026-09-20,,
NCES-3600059,Renaissance Charter School,NYC charter school boards,Queens,1,655,http://rencharters.org,1,,,,,,0,2026-09-20,,
NCES-3600061,Sisulu-Walker Charter School Of Harlem,NYC charter school boards,Manhattan,1,142,http://www.sisuluwalker.org,1,,,,,,0,2026-09-20,,
NCES-3600063,Bronx Charter School For The Arts,NYC charter school boards,Bronx,1,596,http://www.bronxarts.net,1,,,,,,0,2026-09-20,,
NCES-3600066,Family Life Academy Charter School,NYC charter school boards,Bronx,1,395,http://www.flacsnyc.com,1,,,,,,0,2026-09-20,,
NCES-3600068,Harlem Prep Charter School,NYC charter school boards,Manhattan,1,759,http://www.democracyprep.org,1,,,,,,0,2026-09-20,,
NCES-3600080,Harlem Village Academy West Charter School,NYC charter school boards,Manhattan,1,639,http://www.harlemvillageacademies.org,1,,,,,,0,2026-09-20,,
NCES-3600082,Kipp Star College Prep Charter School,NYC charter school boards,Manhattan,1,740,http://www.kippnyc.org/star,1,,,,,,0,2026-09-20,,
NCES-3600089,Bronx Charter School For Better Learning,NYC charter school boards,Bronx,1,546,http://www.bronxbetterlearning.org,1,,,,,,0,2026-09-20,,
NCES-3600108,Harlem Children'S Zone Promise Academy Charter School,NYC charter school boards,Manhattan,1,1138,http://www.hczpromise.org,1,,,,,,0,2026-09-20,,
NCES-3600109,Opportunity Charter School,NYC charter school boards,Manhattan,1,379,http://ocsny.org,1,,,,,,0,2026-09-20,,
NCES-3600110,Bronx Charter School For Children,NYC charter school boards,Bronx,1,524,http://www.tbcsc.org,1,,,,,,0,2026-09-20,,
NCES-3600111,Pharos Academy Charter School,NYC charter school boards,Bronx,1,726,http://www.pharosacademies.org,1,,,,,,0,2026-09-20,,
NCES-3600112,Grand Concourse Academy Charter School,NYC charter school boards,Bronx,1,699,http://www.gcacs.org,1,,,,,,0,2026-09-20,,
NCES-3600113,Bronx Charter School For Excellence,NYC charter school boards,Bronx,1,792,http://www.bronxexcellence.org,1,,,,,,0,2026-09-20,,
NCES-3600114,Excellence Boys Charter School Of Bedford Stuyvesant,NYC charter school boards,Brooklyn,1,472,http://excellenceboys.uncommonschools.org,1,,,,,,0,2026-09-20,,
NCES-3600115,Williamsburg Charter High School,NYC charter school boards,Brooklyn,1,968,http://www.thewcs.org,1,,,,,,0,2026-09-20,,
NCES-3600116,Brooklyn Excelsior Charter School,NYC charter school boards,Brooklyn,1,610,http://www.brooklynexcelsiorcharterschool.org,1,,,,,,0,2026-09-20,,
NCES-3600118,Peninsula Preparatory Academy Charter School,NYC charter school boards,Queens,1,282,http://www.peninsulaprep.org,1,,,,,,0,2026-09-20,,
NCES-3600136,Girls Preparatory Charter School Of New York,NYC charter school boards,Manhattan,1,307,http://girlspreples.org/schools/les_elementary,1,,,,,,0,2026-09-20,,
NCES-3600137,Manhattan Charter School,NYC charter school boards,Manhattan,1,179,http://www.manhattancharterschool.org,1,,,,,,0,2026-09-20,,
NCES-3600138,Harlem Link Charter School,NYC charter school boards,Manhattan,1,364,http://www.harlemlink.org,1,,,,,,0,2026-09-20,,
NCES-3600139,Future Leaders Institute Charter School,NYC charter school boards,Manhattan,1,301,http://www.futureleadersinstitute.org,1,,,,,,0,2026-09-20,,
NCES-3600140,Harlem Children'S Zone Promise Academy Ii Charter School,NYC charter school boards,Manhattan,1,1019,http://www.hczpromise.org,1,,,,,,0,2026-09-20,,
NCES-3600141,Harlem Village Academy East Charter School,NYC charter school boards,Manhattan,1,478,http://www.harlemvillageacademies.org,1,,,,,,0,2026-09-20,,
NCES-3600142,Nyc Autism Charter School East Harlem,NYC charter school boards,Manhattan,1,37,http://www.nycacharterschool.org,1,,,,,,0,2026-09-20,,
NCES-3600143,Kipp Infinity Charter School,NYC charter school boards,Manhattan,1,1807,http://www.kippnyc.org/infinity,1,,,,,,0,2026-09-20,,
NCES-3600144,South Bronx Charter School,NYC charter school boards,Bronx,1,458,http://www.sbcsica.org,1,,,,,,0,2026-09-20,,
NCES-3600145,Williamsburg Collegiate Charter School,NYC charter school boards,Brooklyn,1,247,http://nyc.uncommonschools.org/williamsburg-collegiate,1,,,,,,0,2026-09-20,,
NCES-3600146,Hellenic Classical Charter School,NYC charter school boards,Brooklyn,1,483,http://www.hccs-nys.org,1,,,,,,0,2026-09-20,,
NCES-3600147,Achievement First Crown Heights Charter School,NYC charter school boards,Brooklyn,1,1339,http://www.achievementfirst.org,1,,,,,,0,2026-09-20,,
NCES-3600148,Kipp Always Mentally Prepared Charter School,NYC charter school boards,Brooklyn,1,871,http://www.kippnyc.org/amp,1,,,,,,0,2026-09-20,,
NCES-3600149,Achievement First East New York Charter School,NYC charter school boards,Brooklyn,1,1144,http://www.achievementfirst.org,1,,,,,,0,2026-09-20,,
NCES-3600157,Explore Charter School,NYC charter school boards,Brooklyn,1,519,http://www.explorenetwork.org,1,,,,,,0,2026-09-20,,
NCES-3600158,Democracy Preparatory Charter School,NYC charter school boards,Manhattan,1,603,http://www.democracyprep.org,1,,,,,,0,2026-09-20,,
NCES-3600159,Community Roots Charter School,NYC charter school boards,Brooklyn,1,469,http://www.communityroots.org,1,,,,,,0,2026-09-20,,
NCES-3600161,South Bronx Classical Charter School,NYC charter school boards,Bronx,1,498,http://www.classicalcharterschools.org,1,,,,,,0,2026-09-20,,
NCES-3600163,International Leadership Charter  High School,NYC charter school boards,Bronx,1,318,http://www.ilchs.org,1,,,,,,0,2026-09-20,,
NCES-3600165,Leaders In Our Neighborhood Charter School,NYC charter school boards,Bronx,1,980,http://www.hydebronxny.org,1,,,,,,0,2026-09-20,,
NCES-3600166,Achievement First-Bushwick Charter School,NYC charter school boards,Brooklyn,1,938,http://www.achievementfirst.org,1,,,,,,0,2026-09-20,,
NCES-3600167,New Heights Academy Charter School,NYC charter school boards,Manhattan,1,731,http://www.newheightsacademy.org,1,,,,,,0,2026-09-20,,
NCES-3600169,Success Academy Charter School-Harlem 1,NYC charter school boards,Manhattan,1,1574,http://www.successacademies.org,1,,,,,,0,2026-09-20,,
NCES-3600170,Achievement First Endeavor Charter School,NYC charter school boards,Brooklyn,1,738,http://www.achievementfirst.org,1,,,,,,0,2026-09-20,,
NCES-3600172,Leadership Preparatory Bedford Stuyvesant Charter School,NYC charter school boards,Brooklyn,1,1186,http://leadershipprepbedstuy.uncommonschools.org,1,,,,,,0,2026-09-20,,
NCES-3600943,Icahn Charter School 2,NYC charter school boards,Bronx,1,331,http://www.icahncharterschool2.org,1,,,,,,0,2026-09-20,,
NCES-3600944,Kings Collegiate Charter School,NYC charter school boards,Brooklyn,1,1215,http://www.kingscollegiate.org,1,,,,,,0,2026-09-20,,
NCES-3600948,Northside Charter High School,NYC charter school boards,Brooklyn,1,401,http://www.northsidechs.org,1,,,,,,0,2026-09-20,,
NCES-3600949,Pave Academy Charter School,NYC charter school boards,Brooklyn,1,473,http://www.paveschools.org,1,,,,,,0,2026-09-20,,
NCES-3600952,Equity Project Charter School (The),NYC charter school boards,Manhattan,1,1066,http://www.tepcharter.org,1,,,,,,0,2026-09-20,,
NCES-3600953,Success Academy Charter School-Harlem 4,NYC charter school boards,Manhattan,1,254,http://www.successacademies.org,1,,,,,,0,2026-09-20,,
NCES-3600954,Success Academy Charter School-Harlem 2,NYC charter school boards,Manhattan,1,337,http://www.successacademies.org,1,,,,,,0,2026-09-20,,
NCES-3600955,Icahn Charter School 3,NYC charter school boards,Bronx,1,330,http://www.icahncharterschool3.org,1,,,,,,0,2026-09-20,,
NCES-3600956,Bronx Academy Of Promise Charter School,NYC charter school boards,Bronx,1,549,http://www.bronxacademyofpromise.com,1,,,,,,0,2026-09-20,,
NCES-3600957,Voice Charter School Of New York,NYC charter school boards,Queens,1,751,http://www.voicecharterschool.org,1,,,,,,0,2026-09-20,,
NCES-3600958,St. Hope Leadership Academy Charter School,NYC charter school boards,Manhattan,1,227,http://www.sthopeleadershipacademy.org,1,,,,,,0,2026-09-20,,
NCES-3600959,Nyc Charter Hs - Aeci,NYC charter school boards,Bronx,1,429,http://www.aecicharterhs.org,1,,,,,,0,2026-09-20,,
NCES-3600960,Mott Haven Academy Charter School,NYC charter school boards,Bronx,1,452,http://www.havenacademy.org,1,,,,,,0,2026-09-20,,
NCES-3600961,La Cima Charter School,NYC charter school boards,Brooklyn,1,199,http://www.lacimacharterschool.org,1,,,,,,0,2026-09-20,,
NCES-3600962,Success Academy Charter School-Harlem 3,NYC charter school boards,Manhattan,1,693,http://www.successacademies.org,1,,,,,,0,2026-09-20,,
NCES-3600963,University Prep Charter High School,NYC charter school boards,Bronx,1,433,http://www.upchs.org,1,,,,,,0,2026-09-20,,
NCES-3600964,Dream Charter School,NYC charter school boards,Manhattan,1,929,http://www.wearedream.org,1,,,,,,0,2026-09-20,,
NCES-3600965,Bedford Stuyvesant Collegiate Charter School,NYC charter school boards,Brooklyn,1,342,http://www.bedstuycollegiate.uncommonschools.org,1,,,,,,0,2026-09-20,,
NCES-3600966,Brooklyn Ascend Charter School,NYC charter school boards,Brooklyn,1,1376,http://www.ascendlearning.org,1,,,,,,0,2026-09-20,,
NCES-3600967,Bglig-Shirley Rodriguez-Remeneski Cs,NYC charter school boards,Bronx,1,341,http://www.bgligschool.org,1,,,,,,0,2026-09-20,,
NCES-3600968,Bronx Community Charter School,NYC charter school boards,Bronx,1,459,http://www.bronxcommunity.org,1,,,,,,0,2026-09-20,,
NCES-3600969,Achievement First Brownsville Charter School,NYC charter school boards,Brooklyn,1,1057,http://www.achievementfirst.org,1,,,,,,0,2026-09-20,,
NCES-3600984,Brownsville Collegiate  Charter School,NYC charter school boards,Brooklyn,1,117,http://www.brownsvillecollegiate.org,1,,,,,,0,2026-09-20,,
NCES-3600986,Girls Preparatory Charter School Of The Bronx,NYC charter school boards,Bronx,1,691,http://www.publicprep.org,1,,,,,,0,2026-09-20,,
NCES-3600987,Growing Up Green Charter School,NYC charter school boards,Queens,1,723,http://www.gugcs.org,1,,,,,,0,2026-09-20,,
NCES-3600989,Brooklyn Scholars Charter School,NYC charter school boards,Brooklyn,1,717,http://www.brooklynscholarscharterschool.org,1,,,,,,0,2026-09-20,,
NCES-3600993,Leadership Preparatory Ocean Hill Charter School,NYC charter school boards,Brooklyn,1,1202,http://leadershipprepoceanhill.uncommonschools.org,1,,,,,,0,2026-09-20,,
NCES-3600994,Explore Empower Charter School,NYC charter school boards,Brooklyn,1,430,http://www.explorenetwork.org,1,,,,,,0,2026-09-20,,
NCES-3600995,Icahn Charter School 4,NYC charter school boards,Bronx,1,348,http://www.icahncharterschool4.org,1,,,,,,0,2026-09-20,,
NCES-3600996,John W Lavelle Preparatory Charter School,NYC charter school boards,Staten Island,1,858,http://www.lavelleprep.org,1,,,,,,0,2026-09-20,,
NCES-3600998,Summit Academy Charter School,NYC charter school boards,Brooklyn,1,203,http://www.sacsny.org,1,,,,,,0,2026-09-20,,
NCES-3601000,Excellence Girls Charter School,NYC charter school boards,Brooklyn,1,1050,http://uncommonschools.org/usi/network/excellence.html,1,,,,,,0,2026-09-20,,
NCES-3601001,Academic Leadership Charter School,NYC charter school boards,Bronx,1,455,http://www.alcsbronx.org,1,,,,,,0,2026-09-20,,
NCES-3601002,Brownsville Ascend Charter School,NYC charter school boards,Brooklyn,1,871,http://www.ascendlearning.org,1,,,,,,0,2026-09-20,,
NCES-3601003,Hebrew Language Academy Charter School,NYC charter school boards,Brooklyn,1,610,http://www.hlacharterschool.org,1,,,,,,0,2026-09-20,,
NCES-3601004,Coney Island Preparatory Public Charter School,NYC charter school boards,Brooklyn,1,1253,http://www.coneyislandprep.org,1,,,,,,0,2026-09-20,,
NCES-3601005,Equality Charter School,NYC charter school boards,Bronx,1,615,http://www.equalitycharterschool.org,1,,,,,,0,2026-09-20,,
NCES-3601009,Success Academy Charter School-Harlem 5,NYC charter school boards,Manhattan,1,869,http://www.successacademies.org,1,,,,,,0,2026-09-20,,
NCES-3601010,Democracy Prep Harlem Charter School,NYC charter school boards,Manhattan,1,1017,http://www.democracyprep.org,1,,,,,,0,2026-09-20,,
NCES-3601011,Success Academy Charter School-Bronx 1,NYC charter school boards,Bronx,1,342,http://www.successacademies.org,1,,,,,,0,2026-09-20,,
NCES-3601012,Success Academy Charter School-Bronx 2,NYC charter school boards,Bronx,1,934,http://www.successacademies.org,1,,,,,,0,2026-09-20,,
NCES-3601014,Cultural Arts Academy Charter School At Spring Creek,NYC charter school boards,Brooklyn,1,208,http://www.culturalartsacademy.org,1,,,,,,0,2026-09-20,,
NCES-3601015,Brooklyn Dreams Charter School,NYC charter school boards,Brooklyn,1,616,http://www.brooklyndreamscharterschool.org,1,,,,,,0,2026-09-20,,
NCES-3601016,Leadership Preparatory Brownsville Charter School,NYC charter school boards,Brooklyn,1,651,http://leadershipprepbrownsville.uncommonschools.org,1,,,,,,0,2026-09-20,,
NCES-3601017,Bushwick Ascend Charter School,NYC charter school boards,Brooklyn,1,799,http://www.ascendlearning.org,1,,,,,,0,2026-09-20,,
NCES-3601018,Challenge Preparatory Charter School,NYC charter school boards,Queens,1,1134,http://www.challengeprepcharter.org,1,,,,,,0,2026-09-20,,
NCES-3601019,New World Preparatory Charter School,NYC charter school boards,Staten Island,1,740,http://www.newworldcharter.org,1,,,,,,0,2026-09-20,,
NCES-3601023,New York French-American Charter School,NYC charter school boards,Manhattan,1,275,http://www.nyfacs.net,1,,,,,,0,2026-09-20,,
NCES-3601024,Inwood Academy For Leadership Charter School,NYC charter school boards,Manhattan,1,954,http://www.inwoodacademy.org,1,,,,,,0,2026-09-20,,
NCES-3601025,Nuasin Next Generation Charter School,NYC charter school boards,Bronx,1,674,http://nngcs.org/,1,,,,,,0,2026-09-20,,
NCES-3601027,Dr Richard Izquierdo Health And Science Charter School,NYC charter school boards,Bronx,1,708,http://www.healthscienceschool.org,1,,,,,,0,2026-09-20,,
NCES-3601028,Achievement First Apollo Charter School,NYC charter school boards,Brooklyn,1,912,http://www.achievementfirst.org,1,,,,,,0,2026-09-20,,
NCES-3601029,Bedford Stuyvesant New Beginnings Charter School,NYC charter school boards,Brooklyn,1,730,http://www.bsnbcs.org,1,,,,,,0,2026-09-20,,
NCES-3601030,Hyde Leadership Charter School - Brooklyn,NYC charter school boards,Brooklyn,1,476,http://www.hydebrooklyn.org,1,,,,,,0,2026-09-20,,
NCES-3601031,Imagine Me Leadership Charter School,NYC charter school boards,Brooklyn,1,195,http://www.imlcs.org,1,,,,,,0,2026-09-20,,
NCES-3601032,Ocean Hill Collegiate Charter School,NYC charter school boards,Brooklyn,1,411,http://www.oceanhillcollegiate.uncommonschools.org,1,,,,,,0,2026-09-20,,
NCES-3601033,Brooklyn East Collegiate Charter School,NYC charter school boards,Brooklyn,1,66,http://www.brooklyneastcollegiate.uncommonschools.org,1,,,,,,0,2026-09-20,,
NCES-3601034,Rochdale Early Advantage Charter School,NYC charter school boards,Queens,1,418,http://www.reacschool.com,1,,,,,,0,2026-09-20,,
NCES-3601035,Riverton Street Charter School,NYC charter school boards,Queens,1,1065,http://www.rivertonstreetcharterschool.org,1,,,,,,0,2026-09-20,,
NCES-3601036,Innovation Charter High School,NYC charter school boards,Manhattan,1,415,http://www.innovationhighschool.org,1,,,,,,0,2026-09-20,,
NCES-3601039,Success Academy Charter School-Upper West,NYC charter school boards,Manhattan,1,943,http://www.successacademies.org,1,,,,,,0,2026-09-20,,
NCES-3601041,New Visions Charter High School For The Humanities,NYC charter school boards,Bronx,1,479,http://www.newvisions.org/humanities,1,,,,,,0,2026-09-20,,
NCES-3601042,East Harlem Scholars Academy Charter School,NYC charter school boards,Manhattan,1,846,http://www.eastharlemscholars.org,1,,,,,,0,2026-09-20,,
NCES-3601043,Broome Street Academy Charter High School,NYC charter school boards,Manhattan,1,270,http://www.broomestreetacademy.org,1,,,,,,0,2026-09-20,,
NCES-3601044,Choice Charter School,NYC charter school boards,Bronx,1,235,http://www.nycmcs.org,1,,,,,,0,2026-09-20,,
NCES-3601047,New Visions Charter Hs-Adv Math/Scie,NYC charter school boards,Bronx,1,460,http://www.newvisions.org/charter/ams,1,,,,,,0,2026-09-20,,
NCES-3601048,Ember Charter School,NYC charter school boards,Brooklyn,1,423,http://www.embercs.org/,1,,,,,,0,2026-09-20,,
NCES-3601049,Icahn Charter School 5,NYC charter school boards,Bronx,1,344,http://www.icahncharterschool5.org,1,,,,,,0,2026-09-20,,
NCES-3601052,Explore Excel Charter School,NYC charter school boards,Brooklyn,1,536,http://www.explorenetwork.org,1,,,,,,0,2026-09-20,,
NCES-3601053,Academy Of The City Charter School,NYC charter school boards,Queens,1,716,http://www.academyofthecity.org,1,,,,,,0,2026-09-20,,
NCES-3601054,Success Academy Charter School - Bed Stuy 1,NYC charter school boards,Brooklyn,1,482,http://www.successacademies.org,1,,,,,,0,2026-09-20,,
NCES-3601056,Central Queens Academy Charter School,NYC charter school boards,Queens,1,709,http://www.centralqueensacademy.org,1,,,,,,0,2026-09-20,,
NCES-3601057,New Visions Aim Charter High School I,NYC charter school boards,Brooklyn,1,154,http://www.newvisions.org,1,,,,,,0,2026-09-20,,
NCES-3601058,Explore Exceed Charter School,NYC charter school boards,Brooklyn,1,429,http://www.explorenetwork.org,1,,,,,,0,2026-09-20,,
NCES-3601059,Launch Expeditionary Learning Charter School,NYC charter school boards,Brooklyn,1,261,http://www.launchschool.net,1,,,,,,0,2026-09-20,,
NCES-3601060,Success Academy Charter School-Cobble Hill,NYC charter school boards,Brooklyn,1,401,http://www.successacademies.org,1,,,,,,0,2026-09-20,,
NCES-3601061,New Dawn Charter High School,NYC charter school boards,Brooklyn,1,233,http://www.ndchsbrooklyn.org,1,,,,,,0,2026-09-20,,
NCES-3601062,Success Academy Charter School-Williamsburg,NYC charter school boards,Brooklyn,1,359,http://www.successacademies.org,1,,,,,,0,2026-09-20,,
NCES-3601063,Success Academy Charter School-Bed Stuy 2,NYC charter school boards,Brooklyn,1,478,http://www.successacademies.org,1,,,,,,0,2026-09-20,,
NCES-3601064,Beginning With Children Charter School Ii,NYC charter school boards,Brooklyn,1,597,http://www.bwccs2.org,1,,,,,,0,2026-09-20,,
NCES-3601065,Urban Dove Team Charter School,NYC charter school boards,Brooklyn,1,210,http://www.urbandove.org,1,,,,,,0,2026-09-20,,
NCES-3601066,Children'S Aid College Preparatory Charter School,NYC charter school boards,Bronx,1,570,http://www.childrensaidcollegeprep.org,1,,,,,,0,2026-09-20,,
NCES-3601067,New Visions Aim Charter High School Ii,NYC charter school boards,Bronx,1,200,http://www.newvisions.org/aim2,1,,,,,,0,2026-09-20,,
NCES-3601069,Icahn Charter School 6,NYC charter school boards,Bronx,1,316,http://www.icahncharterschool6.org,1,,,,,,0,2026-09-20,,
NCES-3601070,Family Life Academy Charter School Ii,NYC charter school boards,Bronx,1,800,http://www.flacsnyc.com,1,,,,,,0,2026-09-20,,
NCES-3601071,Mott Hall Charter School,NYC charter school boards,Bronx,1,228,http://www.motthallcs.org,1,,,,,,0,2026-09-20,,
NCES-3601072,New Visions Chtr Hs-Adv Ma/Sci Ii,NYC charter school boards,Bronx,1,497,http://www.newvisions.org/ams2,1,,,,,,0,2026-09-20,,
NCES-3601073,New Visions Charter High School For The Humanities Ii,NYC charter school boards,Bronx,1,395,http://www.newvisions.org/charter/hum,1,,,,,,0,2026-09-20,,
NCES-3601075,Kipp Nyc Washington Heights Academy Charter School,NYC charter school boards,Manhattan,1,789,http://www.kippwashingtonheights.org,1,,,,,,0,2026-09-20,,
NCES-3601076,Global Community Charter School,NYC charter school boards,Manhattan,1,511,http://www.globalcommunitycs.org,1,,,,,,0,2026-09-20,,
NCES-3601077,Neighborhood Charter School Of Harlem,NYC charter school boards,Manhattan,1,624,http://ncschools.org,1,,,,,,0,2026-09-20,,
NCES-3601078,Democracy Prep Endurance Charter School,NYC charter school boards,Manhattan,1,653,http://www.democracyprep.org,1,,,,,,0,2026-09-20,,
NCES-3601079,Manhattan Charter School Ii,NYC charter school boards,Manhattan,1,99,http://www.manhattancharterschool.org,1,,,,,,0,2026-09-20,,
NCES-3601082,Middle Village Preparatory Charter School,NYC charter school boards,Queens,1,407,http://www.middlevillageprep.org,1,,,,,,0,2026-09-20,,
NCES-3601083,Success Academy Charter School-Union Square,NYC charter school boards,Manhattan,1,993,http://www.successacademies.org,1,,,,,,0,2026-09-20,,
NCES-3601085,Great Oaks Charter School,NYC charter school boards,Manhattan,1,293,http://greatoaksnyc.org/,1,,,,,,0,2026-09-20,,
NCES-3601086,Success Academy Charter School-Fort Greene,NYC charter school boards,Brooklyn,1,180,http://www.successacademies.org,1,,,,,,0,2026-09-20,,
NCES-3601088,New Visions Chtr Hs-Adv Ma/Sci Iii,NYC charter school boards,Brooklyn,1,407,http://www.newvisions.org/charter/ams,1,,,,,,0,2026-09-20,,
NCES-3601089,Success Academy Charter School-Prospect Heights,NYC charter school boards,Brooklyn,1,275,http://www.successacademies.org,1,,,,,,0,2026-09-20,,
NCES-3601090,East Harlem Scholars Academy Charter School Ii,NYC charter school boards,Manhattan,1,398,http://www.eastharlemscholars.org,1,,,,,,0,2026-09-20,,
NCES-3601091,Icahn Charter School 7,NYC charter school boards,Bronx,1,330,http://www.icahncharterschool7.org,1,,,,,,0,2026-09-20,,
NCES-3601092,New American Academy Charter School (The),NYC charter school boards,Brooklyn,1,258,http://www.tnaacs.org,1,,,,,,0,2026-09-20,,
NCES-3601093,Math Engineering And Science Academy Charter High School,NYC charter school boards,Brooklyn,1,515,http://www.mesacharter.org,1,,,,,,0,2026-09-20,,
NCES-3601094,Unity Preparatory Charter School Of Brooklyn,NYC charter school boards,Brooklyn,1,558,http://www.unityprep.org,1,,,,,,0,2026-09-20,,
NCES-3601095,Success Academy Charter School-Crown Heights,NYC charter school boards,Brooklyn,1,787,http://www.successacademies.org,1,,,,,,0,2026-09-20,,
NCES-3601096,Success Academy Charter School-Bronx 3,NYC charter school boards,Bronx,1,1316,http://www.successacademies.org,1,,,,,,0,2026-09-20,,
NCES-3601097,Harlem Hebrew Language Academy Charter School,NYC charter school boards,Manhattan,1,410,http://www.harlemhebrewcharter.org,1,,,,,,0,2026-09-20,,
NCES-3601099,Success Academy Charter School-Hell'S Kitchen,NYC charter school boards,Manhattan,1,383,http://www.successacademies.org,1,,,,,,0,2026-09-20,,
NCES-3601100,Brooklyn Urban Garden Charter School,NYC charter school boards,Brooklyn,1,310,http://www.bugsbrooklyn.org,1,,,,,,0,2026-09-20,,
NCES-3601102,Canarsie Ascend Charter School,NYC charter school boards,Brooklyn,1,989,http://www.ascendlearning.org,1,,,,,,0,2026-09-20,,
NCES-3601103,New Visions Charter High School For The Humanities Iii,NYC charter school boards,Brooklyn,0,,,0,NO_WEBSITE_IN_REGISTRY,,,,,0,2026-09-20,,
NCES-3601105,South Bronx Classical Charter School Ii,NYC charter school boards,Bronx,1,279,http://www.classicalcharterschools.org,1,,,,,,0,2026-09-20,,
NCES-3601106,Leadership Preparatory Canarsie Charter School,NYC charter school boards,Brooklyn,1,808,http://www.leadershipcanarsie.uncommonschools.org,1,,,,,,0,2026-09-20,,
NCES-3601108,Brilla College Preparatory Charter School,NYC charter school boards,Bronx,1,754,http://brillacollegeprep.org,1,,,,,,0,2026-09-20,,
NCES-3601109,Achievement First Aspire Charter School,NYC charter school boards,Brooklyn,1,775,http://www.achievementfirst.org,1,,,,,,0,2026-09-20,,
NCES-3601110,Success Academy Charter School - Washington Heights,NYC charter school boards,Manhattan,1,541,http://www.successacademies.org,1,,,,,,0,2026-09-20,,
NCES-3601111,Brooklyn Laboratory Charter School,NYC charter school boards,Brooklyn,1,454,,0,NO_WEBSITE_IN_REGISTRY,,,,,0,2026-09-20,,
NCES-3601112,Achievement First Linden Charter School,NYC charter school boards,Brooklyn,1,756,http://www.achievementfirst.org,1,,,,,,0,2026-09-20,,
NCES-3601114,Central Brooklyn Ascend Charter School,NYC charter school boards,Brooklyn,1,778,http://www.ascendlearning.org,1,,,,,,0,2026-09-20,,
NCES-3601115,Boys Preparatory Charter School Of New York,NYC charter school boards,Bronx,1,713,http://www.publicprep.org,1,,,,,,0,2026-09-20,,
NCES-3601116,Success Academy Charter School - Rosedale,NYC charter school boards,Queens,1,1007,http://www.successacademies.org,1,,,,,,0,2026-09-20,,
NCES-3601118,Success Academy Charter School - Springfield Gardens,NYC charter school boards,Queens,1,895,http://www.successacademies.org,1,,,,,,0,2026-09-20,,
NCES-3601119,American Dream Charter School,NYC charter school boards,Bronx,1,602,http://www.theamericandreamschool.org,1,,,,,,0,2026-09-20,,
NCES-3601120,Success Academy Charter School - Bronx 4,NYC charter school boards,Bronx,1,618,http://www.successacademies.org,1,,,,,,0,2026-09-20,,
NCES-3601121,Compass Charter School,NYC charter school boards,Brooklyn,1,316,http://www.brooklyncompass.org,1,,,,,,0,2026-09-20,,
NCES-3601122,Success Academy Charter School - Bensonhurst,NYC charter school boards,Brooklyn,1,649,http://www.successacademies.org,1,,,,,,0,2026-09-20,,
NCES-3601123,Success Academy Cs - Bergen Beach,NYC charter school boards,Brooklyn,1,1052,http://www.successacademies.org,1,,,,,,0,2026-09-20,,
NCES-3601124,Achievement First North Brooklyn Preparatory Charter School,NYC charter school boards,Brooklyn,1,851,,0,NO_WEBSITE_IN_REGISTRY,,,,,0,2026-09-20,,
NCES-3601125,Family Life Academy Charter School Iii,NYC charter school boards,Bronx,1,231,http://www.flacsnyc.com,1,,,,,,0,2026-09-20,,
NCES-3601127,Bronx Charter School For Better Learning Ii,NYC charter school boards,Bronx,1,430,http://www.bronxbetterlearning.org,1,,,,,,0,2026-09-20,,
NCES-3601129,Rosalyn Yalow Charter School,NYC charter school boards,Bronx,1,464,http://yalowcharter.org/,1,,,,,,0,2026-09-20,,
NCES-3601130,New Ventures Charter School,NYC charter school boards,Staten Island,1,155,http://www.newventurescharter.org,1,,,,,,0,2026-09-20,,
NCES-3601131,South Bronx Early College Academy Charter School,NYC charter school boards,Bronx,1,304,http://www.sbecacs.org,1,,,,,,0,2026-09-20,,
NCES-3601132,South Bronx Classical Charter School Iii,NYC charter school boards,Bronx,1,500,http://www.classicalcharterschools.org,1,,,,,,0,2026-09-20,,
NCES-3601133,Charter High School For Law And Social Justice,NYC charter school boards,Bronx,1,479,http://www.chslsj.org,1,,,,,,0,2026-09-20,,
NCES-3601134,Brooklyn Prospect Charter School - Csd 13.2,NYC charter school boards,Brooklyn,1,404,http://www.brooklynprospect.org,1,,,,,,0,2026-09-20,,
NCES-3601136,New Visions Chtr Hs-Adv Ma/Sci Iv,NYC charter school boards,Queens,1,425,http://www.newvisions.org/ams4,1,,,,,,0,2026-09-20,,
NCES-3601137,Storefront Academy Charter School,NYC charter school boards,Bronx,1,224,http://www.storefrontacademycs.org,1,,,,,,0,2026-09-20,,
NCES-3601138,Atmosphere Academy Public Charter School,NYC charter school boards,Manhattan,1,1103,http://www.atmosphereacademy.org,1,,,,,,0,2026-09-20,,
NCES-3601139,School In The Square Public Charter School,NYC charter school boards,Manhattan,1,552,http://www.schoolinthesquare.org,1,,,,,,0,2026-09-20,,
NCES-3601140,Success Academy Charter School-Bed Stuy 3,NYC charter school boards,Brooklyn,1,232,http://www.successacademies.org,1,,,,,,0,2026-09-20,,
NCES-3601141,Success Academy Charter School-South Jamaica,NYC charter school boards,Queens,1,466,http://www.successacademies.org,1,,,,,,0,2026-09-20,,
NCES-3601142,Bronx Charter School For Excellence 2,NYC charter school boards,Bronx,1,461,http://www.excellencecommunityschools.org,1,,,,,,0,2026-09-20,,
NCES-3601143,Achievement First Voyager Charter School,NYC charter school boards,Brooklyn,1,156,http://www.achievementfirst.org,1,,,,,,0,2026-09-20,,
NCES-3601144,Capital Preparatory (Cp) Harlem Charter School,NYC charter school boards,Manhattan,1,367,http://www.capitalprepharlem.org,1,,,,,,0,2026-09-20,,
NCES-3601145,Collegiate Academy-Math-Personal Awa,NYC charter school boards,Brooklyn,1,108,http://www.campacharter.org,1,,,,,,0,2026-09-20,,
NCES-3601146,Success Academy Charter School-Bushwick,NYC charter school boards,Brooklyn,1,478,http://www.successacademies.org,1,,,,,,0,2026-09-20,,
NCES-3601147,South Bronx Community Charter High School,NYC charter school boards,Bronx,1,346,http://www.southbronxcommunity.org,1,,,,,,0,2026-09-20,,
NCES-3601148,Success Academy Charter School-Flatbush,NYC charter school boards,Brooklyn,1,560,http://www.successacademies.org,1,,,,,,0,2026-09-20,,
NCES-3601149,Amber Charter School Kingsbridge,NYC charter school boards,Bronx,1,631,http://www.ambercharter.org,1,,,,,,0,2026-09-20,,
NCES-3601150,Brooklyn Prospect Charter School-Csd 13,NYC charter school boards,Brooklyn,1,704,http://www.brooklynprospect.org,1,,,,,,0,2026-09-20,,
NCES-3601151,Success Academy Charter School-Far Rockaway,NYC charter school boards,Queens,1,641,http://www.successacademies.org,1,,,,,,0,2026-09-20,,
NCES-3601152,Growing Up Green Charter School Ii,NYC charter school boards,Queens,1,682,http://www.gugcs.org,1,,,,,,0,2026-09-20,,
NCES-3601154,New York City Charter School Of The Arts,NYC charter school boards,Manhattan,1,217,http://www.cityschoolofthearts.org,1,,,,,,0,2026-09-20,,
NCES-3601155,Whin Music Community Charter School,NYC charter school boards,Manhattan,1,334,http://www.whinmusic.org,1,,,,,,0,2026-09-20,,
NCES-3601156,South Bronx Classical Charter School Iv,NYC charter school boards,Bronx,1,379,http://www.classicalcharterschools.org,1,,,,,,0,2026-09-20,,
NCES-3601157,Bronx Charter School For Excellence 3,NYC charter school boards,Bronx,1,479,http://www.excellencecommunityschools.org,1,,,,,,0,2026-09-20,,
NCES-3601158,Legacy College Preparatory Charter School,NYC charter school boards,Bronx,1,722,http://www.legacycollegeprep.org,1,,,,,,0,2026-09-20,,
NCES-3601159,Success Academy Charter School-Harlem 6,NYC charter school boards,Manhattan,1,96,http://www.successacademies.org,1,,,,,,0,2026-09-20,,
NCES-3601160,Brooklyn Emerging Leaders Academy Charter School,NYC charter school boards,Brooklyn,1,236,http://belahs.org/,1,,,,,,0,2026-09-20,,
NCES-3601161,Nyc Autism Charter School Bronx,NYC charter school boards,Bronx,1,32,http://www.nycacharterschool.org,1,,,,,,0,2026-09-20,,
NCES-3601162,New Visions Charter High School For The Humanities Iv,NYC charter school boards,Queens,1,243,http://www.newvisions.org/charter.humanities4,1,,,,,,0,2026-09-20,,
NCES-3601164,Forte Preparatory Academy Charter School,NYC charter school boards,Queens,1,364,http://www.forteprep.org,1,,,,,,0,2026-09-20,,
NCES-3601165,Brilla Veritas Charter School,NYC charter school boards,Bronx,1,457,http://brillaschools.org/,1,,,,,,0,2026-09-20,,
NCES-3601166,Hebrew Language Academy Charter School 2,NYC charter school boards,Brooklyn,1,319,http://www.hlacharterschool.org,1,,,,,,0,2026-09-20,,
NCES-3601167,Success Academy Charter School-Hudson Yards,NYC charter school boards,Manhattan,1,375,http://www.successacademies.org,1,,,,,,0,2026-09-20,,
NCES-3601171,Zeta Charter School - Inwood,NYC charter school boards,Manhattan,1,520,http://zetaschools.org,1,,,,,,0,2026-09-20,,
NCES-3601175,Cypress Hills Ascend Charter School,NYC charter school boards,Brooklyn,1,387,http://www.ascendlearning.org,1,,,,,,0,2026-09-20,,
NCES-3601176,Kipp Freedom Charter School,NYC charter school boards,Bronx,1,717,http://kippnyc.org/schools/kipp-freedom-middle-school,1,,,,,,0,2026-09-20,,
NCES-3601177,Zeta Charter School -South Bronx,NYC charter school boards,Bronx,1,619,http://zetaschools.org,1,,,,,,0,2026-09-20,,
NCES-3601178,Elm Community Charter School,NYC charter school boards,Queens,1,394,http://elmcharterschool.org,1,,,,,,0,2026-09-20,,
NCES-3601179,Lois And Richard Nicotra Early College Charter School,NYC charter school boards,Staten Island,1,286,http://www.nicotracharter.org,1,,,,,,0,2026-09-20,,
NCES-3601180,Bronx Charter School For Excellence 4,NYC charter school boards,Bronx,1,338,http://www.excellencecommunityschools.org,1,,,,,,0,2026-09-20,,
NCES-3601182,Urban Assembly Charter School For Computer Science,NYC charter school boards,Bronx,1,443,http://www.compscihigh.org,1,,,,,,0,2026-09-20,,
NCES-3601183,Our World Neighborhood Charter School 2,NYC charter school boards,Queens,1,368,http://www.owncs.org,1,,,,,,0,2026-09-20,,
NCES-3601184,Emblaze Academy Charter School,NYC charter school boards,Bronx,1,184,http://www.emblazeacademy.org,1,,,,,,0,2026-09-20,,
NCES-3601185,Key Collegiate Charter School,NYC charter school boards,Brooklyn,0,,,0,NO_WEBSITE_IN_REGISTRY,,,,,0,2026-09-20,,
NCES-3601186,Edmund W Gordon Brooklyn Laboratory Charter School,NYC charter school boards,Brooklyn,1,269,http://www.brooklynlaboratoryschool.org/,1,,,,,,0,2026-09-20,,
NCES-3601187,Urban Dove Team Charter School Ii,NYC charter school boards,Bronx,1,315,http://www.urbandove.org,1,,,,,,0,2026-09-20,,
NCES-3601191,Harlem Village Academy West 2 Charter School,NYC charter school boards,Manhattan,1,198,http://www.harlemvillageacademies.org,1,,,,,,0,2026-09-20,,
NCES-3601192,Storefront Academy Harlem Charter School,NYC charter school boards,Manhattan,1,76,http://www.storefrontacademycs.org,1,,,,,,0,2026-09-20,,
NCES-3601193,Neighborhood Charter School-Bronx,NYC charter school boards,Bronx,1,344,http://www.ncschools.org,1,,,,,,0,2026-09-20,,
NCES-3601194,Creo College Preparatory Charter School,NYC charter school boards,Bronx,1,346,http://www.creoprep.org,1,,,,,,0,2026-09-20,,
NCES-3601195,Aeci Ii:  Nyc Charter Hs,NYC charter school boards,Bronx,1,418,http://aeci2charterhs.org,1,,,,,,0,2026-09-20,,
NCES-3601196,Dream Charter School Mott Haven,NYC charter school boards,Bronx,1,354,http://www.wearedream.org,1,,,,,,0,2026-09-20,,
NCES-3601197,University Prep Charter Middle School,NYC charter school boards,Bronx,1,398,http://www.uppublicschools.org,1,,,,,,0,2026-09-20,,
NCES-3601198,Bold Charter School,NYC charter school boards,Bronx,1,328,http://www.boldschools.org,1,,,,,,0,2026-09-20,,
NCES-3601199,Bronx Arts And Science Charter School,NYC charter school boards,Bronx,1,341,http://www.bronxcharter.org,1,,,,,,0,2026-09-20,,
NCES-3601200,Bronx Charter School For Excellence 5,NYC charter school boards,Bronx,1,265,http://www.excellencecommunityschools.org,1,,,,,,0,2026-09-20,,
NCES-3601201,Cardinal Mccloskey Community Charter School,NYC charter school boards,Bronx,1,371,http://cmccs.org,1,,,,,,0,2026-09-20,,
NCES-3601202,Kipp Bronx Charter School Ii,NYC charter school boards,Bronx,1,296,,0,NO_WEBSITE_IN_REGISTRY,,,,,0,2026-09-20,,
NCES-3601203,Kipp Bronx Charter School Iii,NYC charter school boards,Bronx,1,806,,0,NO_WEBSITE_IN_REGISTRY,,,,,0,2026-09-20,,
NCES-3601204,Brooklyn Rise Charter School,NYC charter school boards,Brooklyn,1,210,http://www.brooklynrise.org,1,,,,,,0,2026-09-20,,
NCES-3601205,Leep Dual Language Academy Charter School,NYC charter school boards,Brooklyn,1,387,http://www.leepacademies.org,1,,,,,,0,2026-09-20,,
NCES-3601206,Brooklyn Prospect Charter School - Csd 15.2,NYC charter school boards,Brooklyn,1,1084,http://www.brooklynprospect.org,1,,,,,,0,2026-09-20,,
NCES-3601207,Flatbush Ascend Charter School,NYC charter school boards,Brooklyn,1,245,http://www.ascendlearning.org,1,,,,,,0,2026-09-20,,
NCES-3601208,East Flatbush Ascend Charter School (Efacs),NYC charter school boards,Brooklyn,1,235,http://www.ascendlearning.org,1,,,,,,0,2026-09-20,,
NCES-3601209,Ivy Hill Preparatory Charter School,NYC charter school boards,Brooklyn,1,213,http://www.ivyhillprep.org,1,,,,,,0,2026-09-20,,
NCES-3601210,East Brooklyn Ascend Charter School (Ebacs),NYC charter school boards,Brooklyn,1,113,http://www.ascendlearning.org,1,,,,,,0,2026-09-20,,
NCES-3601211,New Dawn Charter High School Ii,NYC charter school boards,Queens,1,228,http://www.newdawnchsqueens.org,1,,,,,,0,2026-09-20,,
NCES-3601212,Valence College Preparatory Charter School,NYC charter school boards,Queens,1,440,http://www.valencecollegeprep.org,1,,,,,,0,2026-09-20,,
NCES-3601213,Bridge Preparatory Charter School,NYC charter school boards,Staten Island,1,242,http://www.bridgeprepcharter.org,1,,,,,,0,2026-09-20,,
NCES-3601214,Hellenic Classical Charter School - Staten Island,NYC charter school boards,Staten Island,1,325,http://www.hccs-nys.org,1,,,,,,0,2026-09-20,,
NCES-3601217,Girls Preparatory Charter School Of The Bronx Ii,NYC charter school boards,Bronx,1,139,http://www.publicprep.org,1,,,,,,0,2026-09-20,,
NCES-3601218,Zeta Charter School - Mount Eden,NYC charter school boards,Bronx,1,311,http://zetaschools.org,1,,,,,,0,2026-09-20,,
NCES-3601219,Zeta Charter School - Tremont Park,NYC charter school boards,Bronx,1,351,http://zetaschools.org,1,,,,,,0,2026-09-20,,
NCES-3601220,Wildflower New York Charter School,NYC charter school boards,Bronx,1,37,http://wildflowerschools.org/ny/wildflowernewyorkcharterschool,1,,,,,,0,2026-09-20,,
NCES-3601221,Brilla Caritas Charter School,NYC charter school boards,Bronx,1,240,http://brillaschools.org,1,,,,,,0,2026-09-20,,
NCES-3601222,Brilla Pax Charter School,NYC charter school boards,Bronx,1,205,http://brillaschools.org,1,,,,,,0,2026-09-20,,
NCES-3601223,Capital Preparatory Bronx Charter School,NYC charter school boards,Bronx,1,400,http://www.capitalprepbronx.org/,1,,,,,,0,2026-09-20,,
NCES-3601224,Lamad Academy Charter School,NYC charter school boards,Brooklyn,1,187,http://www.lamadacademy.org,1,,,,,,0,2026-09-20,,
NCES-3601225,Renaissance Charter School 2 (The),NYC charter school boards,Queens,1,371,http://rencharters.org/,1,,,,,,0,2026-09-20,,
NCES-3601227,Kipp Beyond Charter School,NYC charter school boards,Manhattan,1,173,http://kippnyc.org,1,,,,,,0,2026-09-20,,
NCES-3601228,Amber Charter School Inwood,NYC charter school boards,Manhattan,1,102,http://www.ambercharter.org,1,,,,,,0,2026-09-20,,
NCES-3601229,E Monroe New Renaissance Basketball,NYC charter school boards,Bronx,1,228,http://www.earlmonroeschool.org,1,,,,,,0,2026-09-20,,
NCES-3601230,Achievement First Legacy Charter School,NYC charter school boards,Queens,1,153,http://www.achievementfirst.org,1,,,,,,0,2026-09-20,,
NCES-3601231,Richmond Preparatory Charter School,NYC charter school boards,Staten Island,1,219,http://richmondprepcharter.org,1,,,,,,0,2026-09-20,,
NCES-3680966,Success Academy Charter School-Bronx 5 Lower,NYC charter school boards,Bronx,1,115,http://www.successacademies.org,1,,,,,,0,2026-09-20,,
NCES-3680967,Success Academy Charter School-Bronx 5 Upper,NYC charter school boards,Bronx,1,60,http://www.successacademies.org,1,,,,,,0,2026-09-20,,
NCES-3680968,Dream Charter School Highbridge,NYC charter school boards,Bronx,1,53,http://www.wearedream.org,1,,,,,,0,2026-09-20,,
NCES-3680969,Family Life Academy Charter Schools High School,NYC charter school boards,Bronx,1,101,http://www.flacsnyc.com,1,,,,,,0,2026-09-20,,
NCES-3680970,Our World Neighborhood Charter School 3,NYC charter school boards,Queens,1,82,http://www.owncs.org,1,,,,,,0,2026-09-20,,
NCES-3680971,Staten Island Hebrew Public Charter School,NYC charter school boards,Staten Island,1,83,http://sihebrewpublic.org/,1,,,,,,0,2026-09-20,,
NYC-COUNCIL-BRONX-DELEGATION-OF-THE-NEW-YORK-CITY-CO,Bronx Delegation of the New York City Council,NYC Council bodies,NYC,,,https://legistar.council.nyc.gov,3,NEEDS_API_TOKEN,Legistar,https://legistar.council.nyc.gov/Calendar.aspx,,,0,2026-09-20,,Token request form: council.nyc.gov/legislation/api
NYC-COUNCIL-BROOKLYN-DELEGATION-OF-THE-NEW-YORK-CITY,Brooklyn Delegation of the New York City Council,NYC Council bodies,NYC,,,https://legistar.council.nyc.gov,3,NEEDS_API_TOKEN,Legistar,https://legistar.council.nyc.gov/Calendar.aspx,,,0,2026-09-20,,Token request form: council.nyc.gov/legislation/api
NYC-COUNCIL-CAUCUS-ANIMAL-WELFARE-CAUCUS,Caucus - Animal Welfare Caucus,NYC Council bodies,NYC,,,https://legistar.council.nyc.gov,3,NEEDS_API_TOKEN,Legistar,https://legistar.council.nyc.gov/Calendar.aspx,,,0,2026-09-20,,Token request form: council.nyc.gov/legislation/api
NYC-COUNCIL-CAUCUS-BLACK-LATINO-AND-ASIAN-CAUCUS,"Caucus - Black, Latino and Asian Caucus",NYC Council bodies,NYC,,,https://legistar.council.nyc.gov,3,NEEDS_API_TOKEN,Legistar,https://legistar.council.nyc.gov/Calendar.aspx,,,0,2026-09-20,,Token request form: council.nyc.gov/legislation/api
NYC-COUNCIL-CAUCUS-COMMON-SENSE-CAUCUS,Caucus - Common-Sense Caucus,NYC Council bodies,NYC,,,https://legistar.council.nyc.gov,3,NEEDS_API_TOKEN,Legistar,https://legistar.council.nyc.gov/Calendar.aspx,,,0,2026-09-20,,Token request form: council.nyc.gov/legislation/api
NYC-COUNCIL-CAUCUS-IRISH-CAUCUS,Caucus - Irish Caucus,NYC Council bodies,NYC,,,https://legistar.council.nyc.gov,3,NEEDS_API_TOKEN,Legistar,https://legistar.council.nyc.gov/Calendar.aspx,,,0,2026-09-20,,Token request form: council.nyc.gov/legislation/api
NYC-COUNCIL-CAUCUS-ITALIAN-CAUCUS,Caucus - Italian Caucus,NYC Council bodies,NYC,,,https://legistar.council.nyc.gov,3,NEEDS_API_TOKEN,Legistar,https://legistar.council.nyc.gov/Calendar.aspx,,,0,2026-09-20,,Token request form: council.nyc.gov/legislation/api
NYC-COUNCIL-CAUCUS-JEWISH-CAUCUS,Caucus - Jewish Caucus,NYC Council bodies,NYC,,,https://legistar.council.nyc.gov,3,NEEDS_API_TOKEN,Legistar,https://legistar.council.nyc.gov/Calendar.aspx,,,0,2026-09-20,,Token request form: council.nyc.gov/legislation/api
NYC-COUNCIL-CAUCUS-LESBIAN-GAY-BI-SEXUAL-TRANSGENDER,"Caucus - Lesbian, Gay, Bi-sexual, Transgender, Queer, Intersex, Asexual Caucus",NYC Council bodies,NYC,,,https://legistar.council.nyc.gov,3,NEEDS_API_TOKEN,Legistar,https://legistar.council.nyc.gov/Calendar.aspx,,,0,2026-09-20,,Token request form: council.nyc.gov/legislation/api
NYC-COUNCIL-CAUCUS-PROGRESSIVE-CAUCUS,Caucus - Progressive Caucus,NYC Council bodies,NYC,,,https://legistar.council.nyc.gov,3,NEEDS_API_TOKEN,Legistar,https://legistar.council.nyc.gov/Calendar.aspx,,,0,2026-09-20,,Token request form: council.nyc.gov/legislation/api
NYC-COUNCIL-CAUCUS-WOMEN-S-CAUCUS,Caucus - Women's Caucus,NYC Council bodies,NYC,,,https://legistar.council.nyc.gov,3,NEEDS_API_TOKEN,Legistar,https://legistar.council.nyc.gov/Calendar.aspx,,,0,2026-09-20,,Token request form: council.nyc.gov/legislation/api
NYC-COUNCIL-CITY-COUNCIL,City Council,NYC Council bodies,NYC,,,https://legistar.council.nyc.gov,3,NEEDS_API_TOKEN,Legistar,https://legistar.council.nyc.gov/Calendar.aspx,,,0,2026-09-20,,Token request form: council.nyc.gov/legislation/api
NYC-COUNCIL-COMMITTEE-OF-THE-WHOLE,Committee of the Whole,NYC Council bodies,NYC,,,https://legistar.council.nyc.gov,3,NEEDS_API_TOKEN,Legistar,https://legistar.council.nyc.gov/Calendar.aspx,,,0,2026-09-20,,Token request form: council.nyc.gov/legislation/api
NYC-COUNCIL-COMMITTEE-ON-AGING,Committee on Aging,NYC Council bodies,NYC,,,https://legistar.council.nyc.gov,3,NEEDS_API_TOKEN,Legistar,https://legistar.council.nyc.gov/Calendar.aspx,,,0,2026-09-20,,Token request form: council.nyc.gov/legislation/api
NYC-COUNCIL-COMMITTEE-ON-CHILDREN-AND-YOUTH,Committee on Children and Youth,NYC Council bodies,NYC,,,https://legistar.council.nyc.gov,3,NEEDS_API_TOKEN,Legistar,https://legistar.council.nyc.gov/Calendar.aspx,,,0,2026-09-20,,Token request form: council.nyc.gov/legislation/api
NYC-COUNCIL-COMMITTEE-ON-CIVIL-SERVICE-AND-LABOR,Committee on Civil Service and Labor,NYC Council bodies,NYC,,,https://legistar.council.nyc.gov,3,NEEDS_API_TOKEN,Legistar,https://legistar.council.nyc.gov/Calendar.aspx,,,0,2026-09-20,,Token request form: council.nyc.gov/legislation/api
NYC-COUNCIL-COMMITTEE-ON-CIVIL-AND-HUMAN-RIGHTS,Committee on Civil and Human Rights,NYC Council bodies,NYC,,,https://legistar.council.nyc.gov,3,NEEDS_API_TOKEN,Legistar,https://legistar.council.nyc.gov/Calendar.aspx,,,0,2026-09-20,,Token request form: council.nyc.gov/legislation/api
NYC-COUNCIL-COMMITTEE-ON-CONSUMER-AND-WORKER-PROTECT,Committee on Consumer and Worker Protection,NYC Council bodies,NYC,,,https://legistar.council.nyc.gov,3,NEEDS_API_TOKEN,Legistar,https://legistar.council.nyc.gov/Calendar.aspx,,,0,2026-09-20,,Token request form: council.nyc.gov/legislation/api
NYC-COUNCIL-COMMITTEE-ON-CONTRACTS,Committee on Contracts,NYC Council bodies,NYC,,,https://legistar.council.nyc.gov,3,NEEDS_API_TOKEN,Legistar,https://legistar.council.nyc.gov/Calendar.aspx,,,0,2026-09-20,,Token request form: council.nyc.gov/legislation/api
NYC-COUNCIL-COMMITTEE-ON-CRIMINAL-JUSTICE,Committee on Criminal Justice,NYC Council bodies,NYC,,,https://legistar.council.nyc.gov,3,NEEDS_API_TOKEN,Legistar,https://legistar.council.nyc.gov/Calendar.aspx,,,0,2026-09-20,,Token request form: council.nyc.gov/legislation/api
NYC-COUNCIL-COMMITTEE-ON-CULTURAL-AFFAIRS-LIBRARIES-,"Committee on Cultural Affairs, Libraries and International Relations",NYC Council bodies,NYC,,,https://legistar.council.nyc.gov,3,NEEDS_API_TOKEN,Legistar,https://legistar.council.nyc.gov/Calendar.aspx,,,0,2026-09-20,,Token request form: council.nyc.gov/legislation/api
NYC-COUNCIL-COMMITTEE-ON-DISABILITIES,Committee on Disabilities,NYC Council bodies,NYC,,,https://legistar.council.nyc.gov,3,NEEDS_API_TOKEN,Legistar,https://legistar.council.nyc.gov/Calendar.aspx,,,0,2026-09-20,,Token request form: council.nyc.gov/legislation/api
NYC-COUNCIL-COMMITTEE-ON-ECONOMIC-DEVELOPMENT,Committee on Economic Development,NYC Council bodies,NYC,,,https://legistar.council.nyc.gov,3,NEEDS_API_TOKEN,Legistar,https://legistar.council.nyc.gov/Calendar.aspx,,,0,2026-09-20,,Token request form: council.nyc.gov/legislation/api
NYC-COUNCIL-COMMITTEE-ON-EDUCATION,Committee on Education,NYC Council bodies,NYC,,,https://legistar.council.nyc.gov,3,NEEDS_API_TOKEN,Legistar,https://legistar.council.nyc.gov/Calendar.aspx,,,0,2026-09-20,,Token request form: council.nyc.gov/legislation/api
NYC-COUNCIL-COMMITTEE-ON-ENVIRONMENTAL-PROTECTION-AN,Committee on Environmental Protection and Waterfronts,NYC Council bodies,NYC,,,https://legistar.council.nyc.gov,3,NEEDS_API_TOKEN,Legistar,https://legistar.council.nyc.gov/Calendar.aspx,,,0,2026-09-20,,Token request form: council.nyc.gov/legislation/api
NYC-COUNCIL-COMMITTEE-ON-FINANCE,Committee on Finance,NYC Council bodies,NYC,,,https://legistar.council.nyc.gov,3,NEEDS_API_TOKEN,Legistar,https://legistar.council.nyc.gov/Calendar.aspx,,,0,2026-09-20,,Token request form: council.nyc.gov/legislation/api
NYC-COUNCIL-COMMITTEE-ON-FIRE-AND-EMERGENCY-MANAGEME,Committee on Fire and Emergency Management,NYC Council bodies,NYC,,,https://legistar.council.nyc.gov,3,NEEDS_API_TOKEN,Legistar,https://legistar.council.nyc.gov/Calendar.aspx,,,0,2026-09-20,,Token request form: council.nyc.gov/legislation/api
NYC-COUNCIL-COMMITTEE-ON-GENERAL-WELFARE,Committee on General Welfare,NYC Council bodies,NYC,,,https://legistar.council.nyc.gov,3,NEEDS_API_TOKEN,Legistar,https://legistar.council.nyc.gov/Calendar.aspx,,,0,2026-09-20,,Token request form: council.nyc.gov/legislation/api
NYC-COUNCIL-COMMITTEE-ON-GOVERNMENTAL-OPERATIONS-STA,"Committee on Governmental Operations, State & Federal Legislation",NYC Council bodies,NYC,,,https://legistar.council.nyc.gov,3,NEEDS_API_TOKEN,Legistar,https://legistar.council.nyc.gov/Calendar.aspx,,,0,2026-09-20,,Token request form: council.nyc.gov/legislation/api
NYC-COUNCIL-COMMITTEE-ON-HEALTH,Committee on Health,NYC Council bodies,NYC,,,https://legistar.council.nyc.gov,3,NEEDS_API_TOKEN,Legistar,https://legistar.council.nyc.gov/Calendar.aspx,,,0,2026-09-20,,Token request form: council.nyc.gov/legislation/api
NYC-COUNCIL-COMMITTEE-ON-HIGHER-EDUCATION,Committee on Higher Education,NYC Council bodies,NYC,,,https://legistar.council.nyc.gov,3,NEEDS_API_TOKEN,Legistar,https://legistar.council.nyc.gov/Calendar.aspx,,,0,2026-09-20,,Token request form: council.nyc.gov/legislation/api
NYC-COUNCIL-COMMITTEE-ON-HOSPITALS,Committee on Hospitals,NYC Council bodies,NYC,,,https://legistar.council.nyc.gov,3,NEEDS_API_TOKEN,Legistar,https://legistar.council.nyc.gov/Calendar.aspx,,,0,2026-09-20,,Token request form: council.nyc.gov/legislation/api
NYC-COUNCIL-COMMITTEE-ON-HOUSING-AND-BUILDINGS,Committee on Housing and Buildings,NYC Council bodies,NYC,,,https://legistar.council.nyc.gov,3,NEEDS_API_TOKEN,Legistar,https://legistar.council.nyc.gov/Calendar.aspx,,,0,2026-09-20,,Token request form: council.nyc.gov/legislation/api
NYC-COUNCIL-COMMITTEE-ON-IMMIGRATION,Committee on Immigration,NYC Council bodies,NYC,,,https://legistar.council.nyc.gov,3,NEEDS_API_TOKEN,Legistar,https://legistar.council.nyc.gov/Calendar.aspx,,,0,2026-09-20,,Token request form: council.nyc.gov/legislation/api
NYC-COUNCIL-COMMITTEE-ON-LAND-USE,Committee on Land Use,NYC Council bodies,NYC,,,https://legistar.council.nyc.gov,3,NEEDS_API_TOKEN,Legistar,https://legistar.council.nyc.gov/Calendar.aspx,,,0,2026-09-20,,Token request form: council.nyc.gov/legislation/api
NYC-COUNCIL-COMMITTEE-ON-MENTAL-HEALTH-AND-SUBSTANCE,Committee on Mental Health and Substance Use,NYC Council bodies,NYC,,,https://legistar.council.nyc.gov,3,NEEDS_API_TOKEN,Legistar,https://legistar.council.nyc.gov/Calendar.aspx,,,0,2026-09-20,,Token request form: council.nyc.gov/legislation/api
NYC-COUNCIL-COMMITTEE-ON-OVERSIGHT-AND-INVESTIGATION,Committee on Oversight and Investigations,NYC Council bodies,NYC,,,https://legistar.council.nyc.gov,3,NEEDS_API_TOKEN,Legistar,https://legistar.council.nyc.gov/Calendar.aspx,,,0,2026-09-20,,Token request form: council.nyc.gov/legislation/api
NYC-COUNCIL-COMMITTEE-ON-PARKS-AND-RECREATION,Committee on Parks and Recreation,NYC Council bodies,NYC,,,https://legistar.council.nyc.gov,3,NEEDS_API_TOKEN,Legistar,https://legistar.council.nyc.gov/Calendar.aspx,,,0,2026-09-20,,Token request form: council.nyc.gov/legislation/api
NYC-COUNCIL-COMMITTEE-ON-PUBLIC-HOUSING,Committee on Public Housing,NYC Council bodies,NYC,,,https://legistar.council.nyc.gov,3,NEEDS_API_TOKEN,Legistar,https://legistar.council.nyc.gov/Calendar.aspx,,,0,2026-09-20,,Token request form: council.nyc.gov/legislation/api
NYC-COUNCIL-COMMITTEE-ON-PUBLIC-SAFETY,Committee on Public Safety,NYC Council bodies,NYC,,,https://legistar.council.nyc.gov,3,NEEDS_API_TOKEN,Legistar,https://legistar.council.nyc.gov/Calendar.aspx,,,0,2026-09-20,,Token request form: council.nyc.gov/legislation/api
NYC-COUNCIL-COMMITTEE-ON-RULES-PRIVILEGES-ELECTIONS-,"Committee on Rules, Privileges, Elections, Standards and Ethics",NYC Council bodies,NYC,,,https://legistar.council.nyc.gov,3,NEEDS_API_TOKEN,Legistar,https://legistar.council.nyc.gov/Calendar.aspx,,,0,2026-09-20,,Token request form: council.nyc.gov/legislation/api
NYC-COUNCIL-COMMITTEE-ON-SANITATION-AND-SOLID-WASTE-,Committee on Sanitation and Solid Waste Management,NYC Council bodies,NYC,,,https://legistar.council.nyc.gov,3,NEEDS_API_TOKEN,Legistar,https://legistar.council.nyc.gov/Calendar.aspx,,,0,2026-09-20,,Token request form: council.nyc.gov/legislation/api
NYC-COUNCIL-COMMITTEE-ON-SMALL-BUSINESS,Committee on Small Business,NYC Council bodies,NYC,,,https://legistar.council.nyc.gov,3,NEEDS_API_TOKEN,Legistar,https://legistar.council.nyc.gov/Calendar.aspx,,,0,2026-09-20,,Token request form: council.nyc.gov/legislation/api
NYC-COUNCIL-COMMITTEE-ON-TECHNOLOGY,Committee on Technology,NYC Council bodies,NYC,,,https://legistar.council.nyc.gov,3,NEEDS_API_TOKEN,Legistar,https://legistar.council.nyc.gov/Calendar.aspx,,,0,2026-09-20,,Token request form: council.nyc.gov/legislation/api
NYC-COUNCIL-COMMITTEE-ON-TRANSPORTATION-AND-INFRASTR,Committee on Transportation and Infrastructure,NYC Council bodies,NYC,,,https://legistar.council.nyc.gov,3,NEEDS_API_TOKEN,Legistar,https://legistar.council.nyc.gov/Calendar.aspx,,,0,2026-09-20,,Token request form: council.nyc.gov/legislation/api
NYC-COUNCIL-COMMITTEE-ON-VETERANS,Committee on Veterans,NYC Council bodies,NYC,,,https://legistar.council.nyc.gov,3,NEEDS_API_TOKEN,Legistar,https://legistar.council.nyc.gov/Calendar.aspx,,,0,2026-09-20,,Token request form: council.nyc.gov/legislation/api
NYC-COUNCIL-COMMITTEE-ON-WOMEN-AND-GENDER-EQUITY,Committee on Women and Gender Equity,NYC Council bodies,NYC,,,https://legistar.council.nyc.gov,3,NEEDS_API_TOKEN,Legistar,https://legistar.council.nyc.gov/Calendar.aspx,,,0,2026-09-20,,Token request form: council.nyc.gov/legislation/api
NYC-COUNCIL-COMMITTEE-ON-WORKFORCE-DEVELOPMENT,Committee on Workforce Development,NYC Council bodies,NYC,,,https://legistar.council.nyc.gov,3,NEEDS_API_TOKEN,Legistar,https://legistar.council.nyc.gov/Calendar.aspx,,,0,2026-09-20,,Token request form: council.nyc.gov/legislation/api
NYC-COUNCIL-COMMITTEE-TO-COMBAT-HATE,Committee to Combat Hate,NYC Council bodies,NYC,,,https://legistar.council.nyc.gov,3,NEEDS_API_TOKEN,Legistar,https://legistar.council.nyc.gov/Calendar.aspx,,,0,2026-09-20,,Token request form: council.nyc.gov/legislation/api
NYC-COUNCIL-DEMOCRATIC-CONFERENCE-OF-THE-COUNCIL-OF-,Democratic Conference of the Council of the City of New York,NYC Council bodies,NYC,,,https://legistar.council.nyc.gov,3,NEEDS_API_TOKEN,Legistar,https://legistar.council.nyc.gov/Calendar.aspx,,,0,2026-09-20,,Token request form: council.nyc.gov/legislation/api
NYC-COUNCIL-MANHATTAN-DELEGATION-OF-THE-NEW-YORK-CIT,Manhattan Delegation of the New York City Council,NYC Council bodies,NYC,,,https://legistar.council.nyc.gov,3,NEEDS_API_TOKEN,Legistar,https://legistar.council.nyc.gov/Calendar.aspx,,,0,2026-09-20,,Token request form: council.nyc.gov/legislation/api
NYC-COUNCIL-MINORITY-REPUBLICAN-CONFERENCE-OF-THE-CO,Minority (Republican) Conference of the Council of the City of New York,NYC Council bodies,NYC,,,https://legistar.council.nyc.gov,3,NEEDS_API_TOKEN,Legistar,https://legistar.council.nyc.gov/Calendar.aspx,,,0,2026-09-20,,Token request form: council.nyc.gov/legislation/api
NYC-COUNCIL-QUEENS-DELEGATION-OF-THE-NEW-YORK-CITY-C,Queens Delegation of the New York City Council,NYC Council bodies,NYC,,,https://legistar.council.nyc.gov,3,NEEDS_API_TOKEN,Legistar,https://legistar.council.nyc.gov/Calendar.aspx,,,0,2026-09-20,,Token request form: council.nyc.gov/legislation/api
NYC-COUNCIL-STATEN-ISLAND-DELEGATION-OF-THE-NEW-YORK,Staten Island Delegation of the New York City Council,NYC Council bodies,NYC,,,https://legistar.council.nyc.gov,3,NEEDS_API_TOKEN,Legistar,https://legistar.council.nyc.gov/Calendar.aspx,,,0,2026-09-20,,Token request form: council.nyc.gov/legislation/api
NYC-COUNCIL-SUBCOMMITTEE-ON-EARLY-CHILDHOOD-EDUCATIO,Subcommittee on Early Childhood Education,NYC Council bodies,NYC,,,https://legistar.council.nyc.gov,3,NEEDS_API_TOKEN,Legistar,https://legistar.council.nyc.gov/Calendar.aspx,,,0,2026-09-20,,Token request form: council.nyc.gov/legislation/api
NYC-COUNCIL-SUBCOMMITTEE-ON-LANDMARKS-PUBLIC-SITINGS,"Subcommittee on Landmarks, Public Sitings, Resiliency and Dispositions",NYC Council bodies,NYC,,,https://legistar.council.nyc.gov,3,NEEDS_API_TOKEN,Legistar,https://legistar.council.nyc.gov/Calendar.aspx,,,0,2026-09-20,,Token request form: council.nyc.gov/legislation/api
NYC-COUNCIL-SUBCOMMITTEE-ON-SENIOR-CENTERS-AND-FOOD-,Subcommittee on Senior Centers and Food Security,NYC Council bodies,NYC,,,https://legistar.council.nyc.gov,3,NEEDS_API_TOKEN,Legistar,https://legistar.council.nyc.gov/Calendar.aspx,,,0,2026-09-20,,Token request form: council.nyc.gov/legislation/api
NYC-COUNCIL-SUBCOMMITTEE-ON-ZONING-AND-FRANCHISES,Subcommittee on Zoning and Franchises,NYC Council bodies,NYC,,,https://legistar.council.nyc.gov,3,NEEDS_API_TOKEN,Legistar,https://legistar.council.nyc.gov/Calendar.aspx,,,0,2026-09-20,,Token request form: council.nyc.gov/legislation/api
NYC-COUNCIL-TASK-FORCE-TO-COMBAT-ANTISEMITISM,Task Force to Combat Antisemitism,NYC Council bodies,NYC,,,https://legistar.council.nyc.gov,3,NEEDS_API_TOKEN,Legistar,https://legistar.council.nyc.gov/Calendar.aspx,,,0,2026-09-20,,Token request form: council.nyc.gov/legislation/api
NYC-CEC-01,Community Education Council District 1,NYC education councils,NYC,,,,0,NO_REGISTRY_URL,,,,,0,2026-09-20,,
NYC-CEC-02,Community Education Council District 2,NYC education councils,NYC,,,,0,NO_REGISTRY_URL,,,,,0,2026-09-20,,
NYC-CEC-03,Community Education Council District 3,NYC education councils,NYC,,,,0,NO_REGISTRY_URL,,,,,0,2026-09-20,,
NYC-CEC-04,Community Education Council District 4,NYC education councils,NYC,,,,0,NO_REGISTRY_URL,,,,,0,2026-09-20,,
NYC-CEC-05,Community Education Council District 5,NYC education councils,NYC,,,,0,NO_REGISTRY_URL,,,,,0,2026-09-20,,
NYC-CEC-06,Community Education Council District 6,NYC education councils,NYC,,,,0,NO_REGISTRY_URL,,,,,0,2026-09-20,,
NYC-CEC-07,Community Education Council District 7,NYC education councils,NYC,,,,0,NO_REGISTRY_URL,,,,,0,2026-09-20,,
NYC-CEC-08,Community Education Council District 8,NYC education councils,NYC,,,,0,NO_REGISTRY_URL,,,,,0,2026-09-20,,
NYC-CEC-09,Community Education Council District 9,NYC education councils,NYC,,,,0,NO_REGISTRY_URL,,,,,0,2026-09-20,,
NYC-CEC-10,Community Education Council District 10,NYC education councils,NYC,,,,0,NO_REGISTRY_URL,,,,,0,2026-09-20,,
NYC-CEC-11,Community Education Council District 11,NYC education councils,NYC,,,,0,NO_REGISTRY_URL,,,,,0,2026-09-20,,
NYC-CEC-12,Community Education Council District 12,NYC education councils,NYC,,,,0,NO_REGISTRY_URL,,,,,0,2026-09-20,,
NYC-CEC-13,Community Education Council District 13,NYC education councils,NYC,,,,0,NO_REGISTRY_URL,,,,,0,2026-09-20,,
NYC-CEC-14,Community Education Council District 14,NYC education councils,NYC,,,,0,NO_REGISTRY_URL,,,,,0,2026-09-20,,
NYC-CEC-15,Community Education Council District 15,NYC education councils,NYC,,,,0,NO_REGISTRY_URL,,,,,0,2026-09-20,,
NYC-CEC-16,Community Education Council District 16,NYC education councils,NYC,,,,0,NO_REGISTRY_URL,,,,,0,2026-09-20,,
NYC-CEC-17,Community Education Council District 17,NYC education councils,NYC,,,,0,NO_REGISTRY_URL,,,,,0,2026-09-20,,
NYC-CEC-18,Community Education Council District 18,NYC education councils,NYC,,,,0,NO_REGISTRY_URL,,,,,0,2026-09-20,,
NYC-CEC-19,Community Education Council District 19,NYC education councils,NYC,,,,0,NO_REGISTRY_URL,,,,,0,2026-09-20,,
NYC-CEC-20,Community Education Council District 20,NYC education councils,NYC,,,,0,NO_REGISTRY_URL,,,,,0,2026-09-20,,
NYC-CEC-21,Community Education Council District 21,NYC education councils,NYC,,,,0,NO_REGISTRY_URL,,,,,0,2026-09-20,,
NYC-CEC-22,Community Education Council District 22,NYC education councils,NYC,,,,0,NO_REGISTRY_URL,,,,,0,2026-09-20,,
NYC-CEC-23,Community Education Council District 23,NYC education councils,NYC,,,,0,NO_REGISTRY_URL,,,,,0,2026-09-20,,
NYC-CEC-24,Community Education Council District 24,NYC education councils,NYC,,,,0,NO_REGISTRY_URL,,,,,0,2026-09-20,,
NYC-CEC-25,Community Education Council District 25,NYC education councils,NYC,,,,0,NO_REGISTRY_URL,,,,,0,2026-09-20,,
NYC-CEC-26,Community Education Council District 26,NYC education councils,NYC,,,,0,NO_REGISTRY_URL,,,,,0,2026-09-20,,
NYC-CEC-27,Community Education Council District 27,NYC education councils,NYC,,,,0,NO_REGISTRY_URL,,,,,0,2026-09-20,,
NYC-CEC-28,Community Education Council District 28,NYC education councils,NYC,,,,0,NO_REGISTRY_URL,,,,,0,2026-09-20,,
NYC-CEC-29,Community Education Council District 29,NYC education councils,NYC,,,,0,NO_REGISTRY_URL,,,,,0,2026-09-20,,
NYC-CEC-30,Community Education Council District 30,NYC education councils,NYC,,,,0,NO_REGISTRY_URL,,,,,0,2026-09-20,,
NYC-CEC-31,Community Education Council District 31,NYC education councils,NYC,,,,0,NO_REGISTRY_URL,,,,,0,2026-09-20,,
NYC-CEC-32,Community Education Council District 32,NYC education councils,NYC,,,,0,NO_REGISTRY_URL,,,,,0,2026-09-20,,
NYC-EDU-CITYWIDE-COUNCIL-ON-HIGH-SCHOO,Citywide Council on High Schools,NYC education councils,NYC,,,,0,NO_REGISTRY_URL,,,,,0,2026-09-20,,
NYC-EDU-CITYWIDE-COUNCIL-ON-SPECIAL-ED,Citywide Council on Special Education,NYC education councils,NYC,,,,0,NO_REGISTRY_URL,,,,,0,2026-09-20,,
NYC-EDU-CITYWIDE-COUNCIL-ON-ENGLISH-LA,Citywide Council on English Language Learners,NYC education councils,NYC,,,,0,NO_REGISTRY_URL,,,,,0,2026-09-20,,
NYC-EDU-CITYWIDE-COUNCIL-FOR-DISTRICT-,Citywide Council for District 75,NYC education councils,NYC,,,,0,NO_REGISTRY_URL,,,,,0,2026-09-20,,
NYC-EDU-PANEL-FOR-EDUCATIONAL-POLICY,Panel for Educational Policy,NYC education councils,NYC,,,,0,NO_REGISTRY_URL,,,,,0,2026-09-20,,
ABO-NASSAU-COUNTY-ECONOMIC-DEVELOPMENT-CORPORATIO,Nassau County Economic Development Corporation,LI local authorities / IDAs / LDCs,,,,,0,NO_REGISTRY_URL,,,,,0,2026-09-20,,ABO type: LDC
ABO-TOWN-OF-ISLIP-COMMUNITY-DEVELOPMENT-AGENCY,Town of Islip Community Development Agency,LI local authorities / IDAs / LDCs,,,,,0,NO_REGISTRY_URL,,,,,0,2026-09-20,,ABO type: Local
ABO-HOUSING-TRUST-FUND-CORPORATION,Housing Trust Fund Corporation,NY State authorities,,,,,0,NO_REGISTRY_URL,,,,,0,2026-09-20,,ABO type: State
ABO-NEW-YORK-CITY-SCHOOL-CONSTRUCTION-AUTHORITY,New York City School Construction Authority,NYC local authorities / LDCs,,,,,0,NO_REGISTRY_URL,,,,,0,2026-09-20,,ABO type: Local
ABO-TOWN-OF-BROOKHAVEN-LOCAL-DEVELOPMENT-CORPORAT,Town of Brookhaven Local Development Corporation,LI local authorities / IDAs / LDCs,,,,,0,NO_REGISTRY_URL,,,,,0,2026-09-20,,ABO type: LDC
ABO-BUILD-NYC-RESOURCE-CORPORATION,Build NYC Resource Corporation,NYC local authorities / LDCs,,,,,0,NO_REGISTRY_URL,,,,,0,2026-09-20,,ABO type: LDC
ABO-ROOSEVELT-ISLAND-OPERATING-CORPORATION,Roosevelt Island Operating Corporation,NY State authorities,,,,,0,NO_REGISTRY_URL,,,,,0,2026-09-20,,ABO type: State
ABO-NASSAU-COUNTY-LOCAL-ECONOMIC-ASSISTANCE-CORPO,Nassau County Local Economic Assistance Corporation,LI local authorities / IDAs / LDCs,,,,,0,NO_REGISTRY_URL,,,,,0,2026-09-20,,ABO type: LDC
ABO-NEW-YORK-CITY-HEALTH-AND-HOSPITALS-CORPORATIO,New York City Health and Hospitals Corporation,NYC local authorities / LDCs,,,,,0,NO_REGISTRY_URL,,,,,0,2026-09-20,,ABO type: Local
ABO-NEW-YORK-STATE-URBAN-DEVELOPMENT-CORPORATION,New York State Urban Development Corporation,NY State authorities,,,,,0,NO_REGISTRY_URL,,,,,0,2026-09-20,,ABO type: State
ABO-GOVERNORS-ISLAND-CORPORATION,Governors Island Corporation,NYC local authorities / LDCs,,,,,0,NO_REGISTRY_URL,,,,,0,2026-09-20,,ABO type: LDC
ABO-ISLIP-RESOURCE-RECOVERY-AUTHORITY,Islip Resource Recovery Authority,LI local authorities / IDAs / LDCs,,,,,0,NO_REGISTRY_URL,,,,,0,2026-09-20,,ABO type: Local
ABO-NASSAU-COUNTY-SEWER-AND-STORM-WATER-FINANCE-A,Nassau County Sewer and Storm Water Finance Authority,LI local authorities / IDAs / LDCs,,,,,0,NO_REGISTRY_URL,,,,,0,2026-09-20,,ABO type: Local
ABO-SOUTH-NASSAU-WATER-AUTHORITY,South Nassau Water Authority,LI local authorities / IDAs / LDCs,,,,,0,NO_REGISTRY_URL,,,,,0,2026-09-20,,ABO type: Local
ABO-NEW-YORK-STATE-HOUSING-FINANCE-AGENCY,New York State Housing Finance Agency,NY State authorities,,,,,0,NO_REGISTRY_URL,,,,,0,2026-09-20,,ABO type: State
ABO-WATER-AUTHORITY-OF-GREAT-NECK-NORTH,Water Authority of Great Neck North,LI local authorities / IDAs / LDCs,,,,,0,NO_REGISTRY_URL,,,,,0,2026-09-20,,ABO type: Local
ABO-ERIE-COUNTY-MEDICAL-CENTER-CORPORATION,Erie County Medical Center Corporation,NY State authorities,,,,,0,NO_REGISTRY_URL,,,,,0,2026-09-20,,ABO type: State
ABO-CAPITAL-DISTRICT-TRANSPORTATION-AUTHORITY,Capital District Transportation Authority,NY State authorities,,,,,0,NO_REGISTRY_URL,,,,,0,2026-09-20,,ABO type: State
ABO-HUDSON-RIVER-BLACK-RIVER-REGULATING-DISTRICT,Hudson River-Black River Regulating District,NY State authorities,,,,,0,NO_REGISTRY_URL,,,,,0,2026-09-20,,ABO type: State
ABO-NELSON-A-ROCKEFELLER-EMPIRE-STATE-PLAZA-PERFO,Nelson A. Rockefeller Empire State Plaza Performing Arts Center Operating Corporation,NY State authorities,,,,,0,NO_REGISTRY_URL,,,,,0,2026-09-20,,ABO type: State
ABO-QUEENS-ECONOMIC-DEVELOPMENT-CORPORATION,Queens Economic Development Corporation,NYC local authorities / LDCs,,,,,0,NO_REGISTRY_URL,,,,,0,2026-09-20,,ABO type: LDC
ABO-AGRICULTURE-AND-NEW-YORK-STATE-HORSE-BREEDING,Agriculture and New York State Horse Breeding Development Fund,NY State authorities,,,,,0,NO_REGISTRY_URL,,,,,0,2026-09-20,,ABO type: State
ABO-METROPOLITAN-TRANSPORTATION-AUTHORITY,Metropolitan Transportation Authority,NY State authorities,,,,,0,NO_REGISTRY_URL,,,,,0,2026-09-20,,ABO type: State
ABO-TOWN-OF-RIVERHEAD-COMMUNITY-DEVELOPMENT-AGENC,Town of Riverhead Community Development Agency,LI local authorities / IDAs / LDCs,,,,,0,NO_REGISTRY_URL,,,,,0,2026-09-20,,ABO type: Local
ABO-NEW-YORK-JOB-DEVELOPMENT-AUTHORITY,New York Job Development Authority,NY State authorities,,,,,0,NO_REGISTRY_URL,,,,,0,2026-09-20,,ABO type: State
ABO-CENTRAL-NEW-YORK-REGIONAL-TRANSPORTATION-AUTH,Central New York Regional Transportation Authority,NY State authorities,,,,,0,NO_REGISTRY_URL,,,,,0,2026-09-20,,ABO type: State
ABO-NEW-YORK-CITY-SCHOOL-BUS-UMBRELLA-SERVICES-IN,"New York City School Bus Umbrella Services, Inc.",NYC local authorities / LDCs,,,,,0,NO_REGISTRY_URL,,,,,0,2026-09-20,,ABO type: LDC
ABO-NATURAL-HERITAGE-TRUST,Natural Heritage Trust,NY State authorities,,,,,0,NO_REGISTRY_URL,,,,,0,2026-09-20,,ABO type: State
ABO-HUDSON-RIVER-PARK-TRUST,Hudson River Park Trust,NY State authorities,,,,,0,NO_REGISTRY_URL,,,,,0,2026-09-20,,ABO type: State
ABO-NEW-YORK-CITY-HOUSING-DEVELOPMENT-CORPORATION,New York City Housing Development Corporation,NYC local authorities / LDCs,,,,,0,NO_REGISTRY_URL,,,,,0,2026-09-20,,ABO type: Local
ABO-BRONX-OVERALL-ECONOMIC-DEVELOPMENT-CORPORATIO,Bronx Overall Economic Development Corporation,NYC local authorities / LDCs,,,,,0,NO_REGISTRY_URL,,,,,0,2026-09-20,,ABO type: LDC
ABO-NEW-YORK-CITY-BUSINESS-ASSISTANCE-CORPORATION,New York City Business Assistance Corporation,NYC local authorities / LDCs,,,,,0,NO_REGISTRY_URL,,,,,0,2026-09-20,,ABO type: LDC
ABO-STATE-OF-NEW-YORK-MORTGAGE-AGENCY,State of New York Mortgage Agency,NY State authorities,,,,,0,NO_REGISTRY_URL,,,,,0,2026-09-20,,ABO type: State
ABO-NASSAU-COUNTY-INDUSTRIAL-DEVELOPMENT-AGENCY,Nassau County Industrial Development Agency,LI local authorities / IDAs / LDCs,,,,,0,NO_REGISTRY_URL,,,,,0,2026-09-20,,ABO type: IDA
ABO-HUDSON-YARDS-INFRASTRUCTURE-CORPORATION,Hudson Yards Infrastructure Corporation,NYC local authorities / LDCs,,,,,0,NO_REGISTRY_URL,,,,,0,2026-09-20,,ABO type: LDC
ABO-TOWN-OF-ISLIP-ECONOMIC-DEVELOPMENT-CORPORATIO,Town Of Islip Economic Development Corporation,LI local authorities / IDAs / LDCs,,,,,0,NO_REGISTRY_URL,,,,,0,2026-09-20,,ABO type: LDC
ABO-NEW-YORK-STATE-OLYMPIC-REGIONAL-DEVELOPMENT-A,New York State Olympic Regional Development Authority,NY State authorities,,,,,0,NO_REGISTRY_URL,,,,,0,2026-09-20,,ABO type: State
ABO-RIVERHEAD-INDUSTRIAL-DEVELOPMENT-AGENCY,Riverhead Industrial Development Agency,LI local authorities / IDAs / LDCs,,,,,0,NO_REGISTRY_URL,,,,,0,2026-09-20,,ABO type: IDA
ABO-LONG-ISLAND-POWER-AUTHORITY,Long Island Power Authority,NY State authorities,,,,,0,NO_REGISTRY_URL,,,,,0,2026-09-20,,ABO type: State
ABO-HUNTINGTON-COMMUNITY-DEVELOPMENT-AGENCY,Huntington Community Development Agency,LI local authorities / IDAs / LDCs,,,,,0,NO_REGISTRY_URL,,,,,0,2026-09-20,,ABO type: Local
ABO-THE-SUFFOLK-COUNTY-LAND-BANK-CORPORATION,The Suffolk County Land Bank Corporation,LI local authorities / IDAs / LDCs,,,,,0,NO_REGISTRY_URL,,,,,0,2026-09-20,,ABO type: LDC
ABO-STATE-OF-NEW-YORK-MUNICIPAL-BOND-BANK-AGENCY,State of New York Municipal Bond Bank Agency,NY State authorities,,,,,0,NO_REGISTRY_URL,,,,,0,2026-09-20,,ABO type: State
ABO-DORMITORY-AUTHORITY-OF-THE-STATE-OF-NEW-YORK,Dormitory Authority of the State of New York,NY State authorities,,,,,0,NO_REGISTRY_URL,,,,,0,2026-09-20,,ABO type: State
ABO-BROOKLYN-NAVY-YARD-DEVELOPMENT-CORPORATION,Brooklyn Navy Yard Development Corporation,NYC local authorities / LDCs,,,,,0,NO_REGISTRY_URL,,,,,0,2026-09-20,,ABO type: LDC
ABO-NEW-YORK-CONVENTION-CENTER-OPERATING-CORPORAT,New York Convention Center Operating Corporation,NY State authorities,,,,,0,NO_REGISTRY_URL,,,,,0,2026-09-20,,ABO type: State
ABO-NEW-YORK-CITY-ECONOMIC-DEVELOPMENT-CORPORATIO,New York City Economic Development Corporation,NYC local authorities / LDCs,,,,,0,NO_REGISTRY_URL,,,,,0,2026-09-20,,ABO type: LDC
ABO-GLEN-COVE-INDUSTRIAL-DEVELOPMENT-AGENCY,Glen Cove Industrial Development Agency,LI local authorities / IDAs / LDCs,,,,,0,NO_REGISTRY_URL,,,,,0,2026-09-20,,ABO type: IDA
ABO-RIVERHEAD-IDA-ECONOMIC-JOB-DEVELOPMENT-CORPOR,Riverhead IDA Economic Job Development Corporation,LI local authorities / IDAs / LDCs,,,,,0,NO_REGISTRY_URL,,,,,0,2026-09-20,,ABO type: LDC
ABO-NASSAU-COUNTY-INTERIM-FINANCE-AUTHORITY,Nassau County Interim Finance Authority,NY State authorities,,,,,0,NO_REGISTRY_URL,,,,,0,2026-09-20,,ABO type: State
ABO-WATER-AUTHORITY-OF-WESTERN-NASSAU-COUNTY,Water Authority of Western Nassau County,LI local authorities / IDAs / LDCs,,,,,0,NO_REGISTRY_URL,,,,,0,2026-09-20,,ABO type: Local
ABO-NASSAU-HEALTH-CARE-CORPORATION,Nassau Health Care Corporation,NY State authorities,,,,,0,NO_REGISTRY_URL,,,,,0,2026-09-20,,ABO type: State
ABO-UNITED-NATIONS-DEVELOPMENT-CORPORATION,United Nations Development Corporation,NY State authorities,,,,,0,NO_REGISTRY_URL,,,,,0,2026-09-20,,ABO type: State
ABO-BABYLON-INDUSTRIAL-DEVELOPMENT-AGENCY,Babylon Industrial Development Agency,LI local authorities / IDAs / LDCs,,,,,0,NO_REGISTRY_URL,,,,,0,2026-09-20,,ABO type: IDA
ABO-POWER-AUTHORITY-OF-THE-STATE-OF-NEW-YORK,Power Authority of the State of New York,NY State authorities,,,,,0,NO_REGISTRY_URL,,,,,0,2026-09-20,,ABO type: State
ABO-NEW-YORK-STATE-AFFORDABLE-HOUSING-CORPORATION,New York State Affordable Housing Corporation,NY State authorities,,,,,0,NO_REGISTRY_URL,,,,,0,2026-09-20,,ABO type: State
ABO-ENVIRONMENTAL-FACILITIES-CORPORATION,Environmental Facilities Corporation,NY State authorities,,,,,0,NO_REGISTRY_URL,,,,,0,2026-09-20,,ABO type: State
ABO-BUFFALO-FISCAL-STABILITY-AUTHORITY,Buffalo Fiscal Stability Authority,NY State authorities,,,,,0,NO_REGISTRY_URL,,,,,0,2026-09-20,,ABO type: State
ABO-SUFFOLK-TOBACCO-ASSET-SECURITIZATION-CORPORAT,Suffolk Tobacco Asset Securitization Corporation,LI local authorities / IDAs / LDCs,,,,,0,NO_REGISTRY_URL,,,,,0,2026-09-20,,ABO type: LDC
ABO-SOUTHOLD-LOCAL-DEVELOPMENT-CORPORATION,Southold Local Development Corporation,LI local authorities / IDAs / LDCs,,,,,0,NO_REGISTRY_URL,,,,,0,2026-09-20,,ABO type: LDC
ABO-NEW-YORK-STATE-THOROUGHBRED-BREEDING-DEVELOPM,New York State Thoroughbred Breeding Development Fund,NY State authorities,,,,,0,NO_REGISTRY_URL,,,,,0,2026-09-20,,ABO type: State
ABO-BROOKHAVEN-INDUSTRIAL-DEVELOPMENT-AGENCY,Brookhaven Industrial Development Agency,LI local authorities / IDAs / LDCs,,,,,0,NO_REGISTRY_URL,,,,,0,2026-09-20,,ABO type: IDA
ABO-NEW-YORK-CITY-INDUSTRIAL-DEVELOPMENT-AGENCY,New York City Industrial Development Agency,NYC local authorities / LDCs,,,,,0,NO_REGISTRY_URL,,,,,0,2026-09-20,,ABO type: IDA
ABO-HEMPSTEAD-INDUSTRIAL-DEVELOPMENT-AGENCY,Hempstead Industrial Development Agency,LI local authorities / IDAs / LDCs,,,,,0,NO_REGISTRY_URL,,,,,0,2026-09-20,,ABO type: IDA
ABO-PORT-OF-OSWEGO-AUTHORITY,Port of Oswego Authority,NY State authorities,,,,,0,NO_REGISTRY_URL,,,,,0,2026-09-20,,ABO type: State
ABO-HOMELESS-HOUSING-ASSISTANCE-CORPORATION,Homeless Housing Assistance Corporation,NY State authorities,,,,,0,NO_REGISTRY_URL,,,,,0,2026-09-20,,ABO type: State
ABO-SUFFOLK-COUNTY-ECONOMIC-DEVELOPMENT-CORPORATI,Suffolk County Economic Development Corporation,LI local authorities / IDAs / LDCs,,,,,0,NO_REGISTRY_URL,,,,,0,2026-09-20,,ABO type: LDC
ABO-HUDSON-YARDS-DEVELOPMENT-CORPORATION,Hudson Yards Development Corporation,NYC local authorities / LDCs,,,,,0,NO_REGISTRY_URL,,,,,0,2026-09-20,,ABO type: LDC
ABO-NEW-YORK-CITY-PUBLIC-HOUSING-PRESERVATION-TRU,New York City Public Housing Preservation Trust,NYC local authorities / LDCs,,,,,0,NO_REGISTRY_URL,,,,,0,2026-09-20,,ABO type: Local
ABO-VILLAGE-OF-ROCKVILLE-CENTRE-COMMUNITY-DEVELOP,Village of Rockville Centre Community Development Agency,LI local authorities / IDAs / LDCs,,,,,0,NO_REGISTRY_URL,,,,,0,2026-09-20,,ABO type: Local
ABO-NEW-YORK-CITY-EDUCATIONAL-CONSTRUCTION-FUND,New York City Educational Construction Fund,NYC local authorities / LDCs,,,,,0,NO_REGISTRY_URL,,,,,0,2026-09-20,,ABO type: Local
ABO-INCORPORATED-VILLAGE-OF-HEMPSTEAD-COMMUNITY-D,Incorporated Village of Hempstead Community Development Agency,LI local authorities / IDAs / LDCs,,,,,0,NO_REGISTRY_URL,,,,,0,2026-09-20,,ABO type: Local
ABO-LONG-BEACH-LOCAL-DEVELOPMENT-CORPORATION,Long Beach Local Development Corporation,LI local authorities / IDAs / LDCs,,,,,0,NO_REGISTRY_URL,,,,,0,2026-09-20,,ABO type: LDC
ABO-TOWN-OF-HEMPSTEAD-LOCAL-DEVELOPMENT-CORP-,Town of Hempstead Local Development Corp.,LI local authorities / IDAs / LDCs,,,,,0,NO_REGISTRY_URL,,,,,0,2026-09-20,,ABO type: LDC
ABO-UTILITY-DEBT-SECURITIZATION-AUTHORITY-UDSA-,Utility Debt Securitization Authority (UDSA),NY State authorities,,,,,0,NO_REGISTRY_URL,,,,,0,2026-09-20,,ABO type: State
ABO-ERIE-COUNTY-FISCAL-STABILITY-AUTHORITY,Erie County Fiscal Stability Authority,NY State authorities,,,,,0,NO_REGISTRY_URL,,,,,0,2026-09-20,,ABO type: State
ABO-TOWN-OF-NORTH-HEMPSTEAD-COMMUNITY-DEVELOPMENT,Town of North Hempstead Community Development Agency,LI local authorities / IDAs / LDCs,,,,,0,NO_REGISTRY_URL,,,,,0,2026-09-20,,ABO type: Local
ABO-ROCHESTER-GENESEE-REGIONAL-TRANSPORTATION-AUT,Rochester-Genesee Regional Transportation Authority,NY State authorities,,,,,0,NO_REGISTRY_URL,,,,,0,2026-09-20,,ABO type: State
ABO-NEW-YORK-CITY-WATER-BOARD,New York City Water Board,NYC local authorities / LDCs,,,,,0,NO_REGISTRY_URL,,,,,0,2026-09-20,,ABO type: Local
ABO-GREENWAY-CONSERVANCY-FOR-THE-HUDSON-RIVER-VAL,"Greenway Conservancy for the Hudson River Valley, Inc.",NY State authorities,,,,,0,NO_REGISTRY_URL,,,,,0,2026-09-20,,ABO type: State
ABO-GLEN-COVE-LOCAL-ECONOMIC-ASSISTANCE-CORPORATI,Glen Cove Local Economic Assistance Corporation,LI local authorities / IDAs / LDCs,,,,,0,NO_REGISTRY_URL,,,,,0,2026-09-20,,ABO type: LDC
ABO-NIAGARA-FRONTIER-TRANSPORTATION-AUTHORITY,Niagara Frontier Transportation Authority,NY State authorities,,,,,0,NO_REGISTRY_URL,,,,,0,2026-09-20,,ABO type: State
ABO-WESTCHESTER-COUNTY-HEALTH-CARE-CORPORATION,Westchester County Health Care Corporation,NY State authorities,,,,,0,NO_REGISTRY_URL,,,,,0,2026-09-20,,ABO type: State
ABO-SUFFOLK-COUNTY-INDUSTRIAL-DEVELOPMENT-AGENCY,Suffolk County Industrial Development Agency,LI local authorities / IDAs / LDCs,,,,,0,NO_REGISTRY_URL,,,,,0,2026-09-20,,ABO type: IDA
ABO-OGDENSBURG-BRIDGE-AND-PORT-AUTHORITY,Ogdensburg Bridge and Port Authority,NY State authorities,,,,,0,NO_REGISTRY_URL,,,,,0,2026-09-20,,ABO type: State
ABO-WATER-AUTHORITY-OF-SOUTHEASTERN-NASSAU-COUNTY,Water Authority of Southeastern Nassau County,LI local authorities / IDAs / LDCs,,,,,0,NO_REGISTRY_URL,,,,,0,2026-09-20,,ABO type: Local
ABO-GLEN-COVE-COMMUNITY-DEVELOPMENT-AGENCY,Glen Cove Community Development Agency,LI local authorities / IDAs / LDCs,,,,,0,NO_REGISTRY_URL,,,,,0,2026-09-20,,ABO type: Local
ABO-NEW-YORK-STATE-BRIDGE-AUTHORITY,New York State Bridge Authority,NY State authorities,,,,,0,NO_REGISTRY_URL,,,,,0,2026-09-20,,ABO type: State
ABO-SUFFOLK-COUNTY-WATER-AUTHORITY,Suffolk County Water Authority,LI local authorities / IDAs / LDCs,,,,,0,NO_REGISTRY_URL,,,,,0,2026-09-20,,ABO type: Local
ABO-TOWN-OF-NORTH-HEMPSTEAD-BUSINESS-AND-TOURISM-,Town of North Hempstead Business and Tourism Development Corporation,LI local authorities / IDAs / LDCs,,,,,0,NO_REGISTRY_URL,,,,,0,2026-09-20,,ABO type: LDC
ABO-TOWN-OF-HUNTINGTON-LOCAL-DEVELOPMENT-CORPORAT,Town of Huntington Local Development Corporation,LI local authorities / IDAs / LDCs,,,,,0,NO_REGISTRY_URL,,,,,0,2026-09-20,,ABO type: LDC
ABO-NEW-YORK-STATE-THRUWAY-AUTHORITY,New York State Thruway Authority,NY State authorities,,,,,0,NO_REGISTRY_URL,,,,,0,2026-09-20,,ABO type: State
ABO-BROOKLYN-BRIDGE-PARK-CORPORATION,Brooklyn Bridge Park Corporation,NYC local authorities / LDCs,,,,,0,NO_REGISTRY_URL,,,,,0,2026-09-20,,ABO type: LDC
ABO-NEW-YORK-CITY-LAND-DEVELOPMENT-CORPORATION,New York City Land Development Corporation,NYC local authorities / LDCs,,,,,0,NO_REGISTRY_URL,,,,,0,2026-09-20,,ABO type: LDC
ABO-ROSWELL-PARK-CANCER-INSTITUTE-CORPORATION,Roswell Park Cancer Institute Corporation,NY State authorities,,,,,0,NO_REGISTRY_URL,,,,,0,2026-09-20,,ABO type: State
ABO-NASSAU-COUNTY-TOBACCO-SETTLEMENT-CORPORATION,Nassau County Tobacco Settlement Corporation,LI local authorities / IDAs / LDCs,,,,,0,NO_REGISTRY_URL,,,,,0,2026-09-20,,ABO type: LDC
ABO-TOWN-OF-BABYLON-L-D-CORPORATION-II,Town of Babylon L. D. Corporation II,LI local authorities / IDAs / LDCs,,,,,0,NO_REGISTRY_URL,,,,,0,2026-09-20,,ABO type: LDC
ABO-NASSAU-COUNTY-LAND-BANK-CORPORATION,Nassau County Land Bank Corporation,LI local authorities / IDAs / LDCs,,,,,0,NO_REGISTRY_URL,,,,,0,2026-09-20,,ABO type: LDC
ABO-NEW-YORK-CITY-ENERGY-EFFICIENCY-CORPORATION,New York City Energy Efficiency Corporation,NYC local authorities / LDCs,,,,,0,NO_REGISTRY_URL,,,,,0,2026-09-20,,ABO type: LDC
ABO-NEW-YORK-STATE-ENERGY-RESEARCH-AND-DEVELOPMEN,New York State Energy Research and Development Authority,NY State authorities,,,,,0,NO_REGISTRY_URL,,,,,0,2026-09-20,,ABO type: State
ABO-BATTERY-PARK-CITY-AUTHORITY,Battery Park City Authority,NY State authorities,,,,,0,NO_REGISTRY_URL,,,,,0,2026-09-20,,ABO type: State
ABO-NEW-YORK-CITY-MUNICIPAL-WATER-FINANCE-AUTHORI,New York City Municipal Water Finance Authority,NYC local authorities / LDCs,,,,,0,NO_REGISTRY_URL,,,,,0,2026-09-20,,ABO type: Local
ABO-ALBANY-CONVENTION-CENTER-AUTHORITY,Albany Convention Center Authority,NY State authorities,,,,,0,NO_REGISTRY_URL,,,,,0,2026-09-20,,ABO type: State
ABO-DEVELOPMENT-AUTHORITY-OF-THE-NORTH-COUNTRY,Development Authority of the North Country,NY State authorities,,,,,0,NO_REGISTRY_URL,,,,,0,2026-09-20,,ABO type: State
ABO-NASSAU-COUNTY-BRIDGE-AUTHORITY,Nassau County Bridge Authority,LI local authorities / IDAs / LDCs,,,,,0,NO_REGISTRY_URL,,,,,0,2026-09-20,,ABO type: Local
ABO-SUFFOLK-COUNTY-JUDICIAL-FACILITIES-AGENCY,Suffolk County Judicial Facilities Agency,LI local authorities / IDAs / LDCs,,,,,0,NO_REGISTRY_URL,,,,,0,2026-09-20,,ABO type: Local
ABO-FREEPORT-COMMUNITY-DEVELOPMENT-AGENCY,Freeport Community Development Agency,LI local authorities / IDAs / LDCs,,,,,0,NO_REGISTRY_URL,,,,,0,2026-09-20,,ABO type: Local
ABO-TOBACCO-SETTLEMENT-FINANCING-CORPORATION,Tobacco Settlement Financing Corporation,NY State authorities,,,,,0,NO_REGISTRY_URL,,,,,0,2026-09-20,,ABO type: State
ABO-ISLIP-INDUSTRIAL-DEVELOPMENT-AGENCY,Islip Industrial Development Agency,LI local authorities / IDAs / LDCs,,,,,0,NO_REGISTRY_URL,,,,,0,2026-09-20,,ABO type: IDA
ABO-THE-MAYOR-S-FUND-TO-ADVANCE-NEW-YORK-CITY,The Mayor's Fund to Advance New York City,NYC local authorities / LDCs,,,,,0,NO_REGISTRY_URL,,,,,0,2026-09-20,,ABO type: LDC
ABO-NYC-NEIGHBORHOOD-CAPITAL-CORPORATION,NYC Neighborhood Capital Corporation,NYC local authorities / LDCs,,,,,0,NO_REGISTRY_URL,,,,,0,2026-09-20,,ABO type: LDC
ABO-NEW-YORK-CITY-TRANSITIONAL-FINANCE-AUTHORITY,New York City Transitional Finance Authority,NYC local authorities / LDCs,,,,,0,NO_REGISTRY_URL,,,,,0,2026-09-20,,ABO type: Local
ABO-THE-TOWN-OF-HUNTINGTON-ECONOMIC-DEVELOPMENT-C,The Town of Huntington Economic Development Corporation,LI local authorities / IDAs / LDCs,,,,,0,NO_REGISTRY_URL,,,,,0,2026-09-20,,ABO type: LDC
COG-170425,County Of Nassau,LI counties,Nassau,,,http://www.co.nassau.ny.us/,1,,,,,,0,2026-09-20,,Population 1390907 (2021)
COG-170437,County Of Suffolk,LI counties,Suffolk,,,http://www.suffolkcountyny.gov,1,,,,,,0,2026-09-20,,Population 1526344 (2021)
COG-109520,Village Of Bellerose,LI villages,Nassau,,,,0,NO_WEBSITE_IN_REGISTRY,,,,,0,2026-09-20,,Population 1172 (2021)
COG-109521,Village Of Freeport,LI villages,Nassau,,,,0,NO_WEBSITE_IN_REGISTRY,,,,,0,2026-09-20,,Population 44199 (2021)
COG-109523,Village Of Lattingtown,LI villages,Nassau,,,http://www.village.of.lattingtown.org,1,,,,,,0,2026-09-20,,Population 1885 (2021)
COG-109525,Village Of Lynbrook,LI villages,Nassau,,,http://www.lynbrookvillage.com,1,,,,,,0,2026-09-20,,Population 20299 (2021)
COG-109526,Village Of Old Brookville,LI villages,Nassau,,,,0,NO_WEBSITE_IN_REGISTRY,,,,,0,2026-09-20,,Population 2079 (2021)
COG-109527,Village Of Sea Cliff,LI villages,Nassau,,,http://www.seacliff-ny.gov,1,,,,,,0,2026-09-20,,Population 5047 (2021)
COG-109528,Village Of Westbury,LI villages,Nassau,,,http://WWW.VILLAGEOFWESTBURY.ORG,1,,,,,,0,2026-09-20,,Population 15809 (2021)
COG-131242,Village Of Bayville,LI villages,Nassau,,,http://www.bayvilleny.gov,1,,,,,,0,2026-09-20,,Population 6751 (2021)
COG-131243,Village Of East Rockaway,LI villages,Nassau,,,http://www.villageofeastrockaway.org/,1,,,,,,0,2026-09-20,,Population 10116 (2021)
COG-131244,Village Of Garden City,LI villages,Nassau,,,http://www.gardencityny.net/,1,,,,,,0,2026-09-20,,Population 23029 (2021)
COG-131245,Village Of Great Neck Estates,LI villages,Nassau,,,,0,NO_WEBSITE_IN_REGISTRY,,,,,0,2026-09-20,,Population 2929 (2021)
COG-131246,Village Of Hewlett Harbor,LI villages,Nassau,,,,0,NO_WEBSITE_IN_REGISTRY,,,,,0,2026-09-20,,Population 1337 (2021)
COG-131247,Village Of Lake Success,LI villages,Nassau,,,http://www.villageoflakesuccess.com,1,,,,,,0,2026-09-20,,Population 2814 (2021)
COG-131248,City Of Long Beach,LI cities,Nassau,,,http://www.longbeachny.org/,1,,,,,,0,2026-09-20,,Population 34778 (2021)
COG-131249,Village Of Muttontown,LI villages,Nassau,,,,0,NO_WEBSITE_IN_REGISTRY,,,,,0,2026-09-20,,Population 3503 (2021)
COG-131250,Village Of Old Westbury,LI villages,Nassau,,,,0,NO_WEBSITE_IN_REGISTRY,,,,,0,2026-09-20,,Population 4219 (2021)
COG-131251,Village Of Port Washington North,LI villages,Nassau,,,http://www.portwashingtonnorth.org,1,,,,,,0,2026-09-20,,Population 3170 (2021)
COG-131252,Village Of Roslyn Harbor,LI villages,Nassau,,,http://www.roslynharbor.org,1,,,,,,0,2026-09-20,,Population 1079 (2021)
COG-131253,Village Of Sands Point,LI villages,Nassau,,,http://WWW.SANDSPOINT.ORG,1,,,,,,0,2026-09-20,,Population 2714 (2021)
COG-131254,Village Of Valley Stream,LI villages,Nassau,,,http://www.valleystreamvillage.org,1,,,,,,0,2026-09-20,,Population 40414 (2021)
COG-131255,Village Of Woodsburgh,LI villages,Nassau,,,,0,NO_WEBSITE_IN_REGISTRY,,,,,0,2026-09-20,,Population 887 (2021)
COG-170538,Village Of Baxter Estates,LI villages,Nassau,,,,0,NO_WEBSITE_IN_REGISTRY,,,,,0,2026-09-20,,Population 1020 (2021)
COG-170539,Village Of Cedarhurst,LI villages,Nassau,,,http://WWW.CEDARHURST.GOV,1,,,,,,0,2026-09-20,,Population 7334 (2021)
COG-170540,Village Of East Williston,LI villages,Nassau,,,http://EASTWILLISTON.ORG,1,,,,,,0,2026-09-20,,Population 2631 (2021)
COG-170541,Village Of Farmingdale,LI villages,Nassau,,,http://www.farmingdalevillage.com,1,,,,,,0,2026-09-20,,Population 8426 (2021)
COG-170542,Village Of Floral Park,LI villages,Nassau,,,http://www.fpvillage.org/,1,,,,,,0,2026-09-20,,Population 16083 (2021)
COG-170543,City Of Glen Cove,LI cities,Nassau,,,http://www.glencoveli.com,1,,,,,,0,2026-09-20,,Population 28131 (2021)
COG-170544,Village Of Great Neck,LI villages,Nassau,,,http://WWW.GREATNECKVILLAGE.ORG,1,,,,,,0,2026-09-20,,Population 11112 (2021)
COG-170545,Village Of Great Neck Plaza,LI villages,Nassau,,,http://www.greatneckplaza.net/,1,,,,,,0,2026-09-20,,Population 7522 (2021)
COG-170546,Village Of Hempstead,LI villages,Nassau,,,http://www.villageofhempstead.org/,1,,,,,,0,2026-09-20,,Population 58734 (2021)
COG-170547,Village Of Hewlett Neck,LI villages,Nassau,,,,0,NO_WEBSITE_IN_REGISTRY,,,,,0,2026-09-20,,Population 556 (2021)
COG-170548,Village Of Island Park,LI villages,Nassau,,,http://www.inc.villageofislandpark.com,1,,,,,,0,2026-09-20,,Population 4920 (2021)
COG-170549,Village Of Kensington,LI villages,Nassau,,,http://www.villageofkensingtonny.gov,1,,,,,,0,2026-09-20,,Population 1216 (2021)
COG-170550,Village Of Kings Point,LI villages,Nassau,,,,0,NO_WEBSITE_IN_REGISTRY,,,,,0,2026-09-20,,Population 5525 (2021)
COG-170551,Village Of Laurel Hollow,LI villages,Nassau,,,http://www.laurelhollow.org,1,,,,,,0,2026-09-20,,Population 1939 (2021)
COG-170552,Village Of Lawrence,LI villages,Nassau,,,http://www.villageoflawrence.org,1,,,,,,0,2026-09-20,,Population 6796 (2021)
COG-170553,Village Of Malverne,LI villages,Nassau,,,,0,NO_WEBSITE_IN_REGISTRY,,,,,0,2026-09-20,,Population 8521 (2021)
COG-170554,Village Of Manorhaven,LI villages,Nassau,,,http://www.manorhaven.org,1,,,,,,0,2026-09-20,,Population 6934 (2021)
COG-170555,Village Of Massapequa Park,LI villages,Nassau,,,http://www.masspk.com,1,,,,,,0,2026-09-20,,Population 17041 (2021)
COG-170556,Village Of Mineola,LI villages,Nassau,,,,0,NO_WEBSITE_IN_REGISTRY,,,,,0,2026-09-20,,Population 21433 (2021)
COG-170557,Village Of Munsey Park,LI villages,Nassau,,,http://www.munseypark.org,1,,,,,,0,2026-09-20,,Population 2797 (2021)
COG-170558,Village Of North Hills,LI villages,Nassau,,,http://www.villagenorthhills.org,1,,,,,,0,2026-09-20,,Population 5424 (2021)
COG-170559,Village Of Oyster Bay Cove,LI villages,Nassau,,,http://www.oysterbaycove.net,1,,,,,,0,2026-09-20,,Population 2257 (2021)
COG-170560,Village Of Plandome,LI villages,Nassau,,,http://www.villageofplandome.org,1,,,,,,0,2026-09-20,,Population 1454 (2021)
COG-170561,Village Of Plandome Heights,LI villages,Nassau,,,http://www.plandomeheightsny.gov,1,,,,,,0,2026-09-20,,Population 1014 (2021)
COG-170562,Village Of Roslyn,LI villages,Nassau,,,http://WWW.HISTORICROSLYN.ORG,1,,,,,,0,2026-09-20,,Population 2992 (2021)
COG-170563,Village Of Russell Gardens,LI villages,Nassau,,,,0,NO_WEBSITE_IN_REGISTRY,,,,,0,2026-09-20,,Population 941 (2021)
COG-170564,Village Of Saddle Rock,LI villages,Nassau,,,http://www.saddlerock.org/,1,,,,,,0,2026-09-20,,Population 983 (2021)
COG-170565,Village Of South Floral Park,LI villages,Nassau,,,,0,NO_WEBSITE_IN_REGISTRY,,,,,0,2026-09-20,,Population 1736 (2021)
COG-170566,Village Of Thomaston,LI villages,Nassau,,,,0,NO_WEBSITE_IN_REGISTRY,,,,,0,2026-09-20,,Population 2750 (2021)
COG-170567,Village Of Williston Park,LI villages,Nassau,,,http://www.villageofwillistonpark.org,1,,,,,,0,2026-09-20,,Population 7552 (2021)
COG-186643,Village Of Hewlett Bay Park,LI villages,Nassau,,,,0,NO_WEBSITE_IN_REGISTRY,,,,,0,2026-09-20,,Population 471 (2021)
COG-186644,Village Of Rockville Centre,LI villages,Nassau,,,http://www.rvcny.us,1,,,,,,0,2026-09-20,,Population 25814 (2021)
COG-190964,Village Of Centre Island,LI villages,Nassau,,,,0,NO_WEBSITE_IN_REGISTRY,,,,,0,2026-09-20,,Population 396 (2021)
COG-190965,Village Of Mill Neck,LI villages,Nassau,,,http://www.millneckvillage.com,1,,,,,,0,2026-09-20,,Population 1016 (2021)
COG-193769,Village Of Stewart Manor,LI villages,Nassau,,,http://www.stewartmanor.us,1,,,,,,0,2026-09-20,,Population 1938 (2021)
COG-194803,Village Of New Hyde Park,LI villages,Nassau,,,http://vnhp.org/,1,,,,,,0,2026-09-20,,Population 10258 (2021)
COG-202199,Village Of Cove Neck,LI villages,Nassau,,,,0,NO_WEBSITE_IN_REGISTRY,,,,,0,2026-09-20,,Population 295 (2021)
COG-208830,Village Of Brookville,LI villages,Nassau,,,http://www.villageofbrookville.com,1,,,,,,0,2026-09-20,,Population 2847 (2021)
COG-208831,Village Of East Hills,LI villages,Nassau,,,http://www.villageofeasthills.org/,1,,,,,,0,2026-09-20,,Population 7267 (2021)
COG-208832,Village Of Flower Hill,LI villages,Nassau,,,http://www.villageflowerhill.org,1,,,,,,0,2026-09-20,,Population 4806 (2021)
COG-208833,Village Of Plandome Manor,LI villages,Nassau,,,,0,NO_WEBSITE_IN_REGISTRY,,,,,0,2026-09-20,,Population 789 (2021)
COG-208834,Village Of Roslyn Estates,LI villages,Nassau,,,http://www.villageofroslynestates.com,1,,,,,,0,2026-09-20,,Population 1314 (2021)
COG-208835,Village Of Upper Brookville,LI villages,Nassau,,,http://www.upperbrookville.org,1,,,,,,0,2026-09-20,,Population 1770 (2021)
COG-208836,Village Of Atlantic Beach,LI villages,Nassau,,,http://www.vofab.org,1,,,,,,0,2026-09-20,,Population 1704 (2021)
COG-212977,Village Of Matinecock,LI villages,Nassau,,,http://WWW.MATINECOCKVILLAGE.ORG,1,,,,,,0,2026-09-20,,Population 860 (2021)
COG-109575,Village Of East Hampton,LI villages,Suffolk,,,http://www.easthamptonvillage.org,1,,,,,,0,2026-09-20,,Population 1521 (2021)
COG-109576,Village Of North Haven,LI villages,Suffolk,,,http://www.northhavenvillage.org,1,,,,,,0,2026-09-20,,Population 1154 (2021)
COG-109577,Village Of Poquott,LI villages,Suffolk,,,http://www.poquott.org,1,,,,,,0,2026-09-20,,Population 931 (2021)
COG-109578,Village Of Shoreham,LI villages,Suffolk,,,http://www.villageofshoreham.org,1,,,,,,0,2026-09-20,,Population 522 (2021)
COG-109579,Village Of Port Jefferson,LI villages,Suffolk,,,http://www.portjeff.com/,1,,,,,,0,2026-09-20,,Population 7983 (2021)
COG-131291,Village Of Dering Harbor,LI villages,Suffolk,,,,0,NO_WEBSITE_IN_REGISTRY,,,,,0,2026-09-20,,Population 37 (2021)
COG-131292,Village Of Head Of The Harbor,LI villages,Suffolk,,,,0,NO_WEBSITE_IN_REGISTRY,,,,,0,2026-09-20,,Population 1486 (2021)
COG-131293,Village Of Old Field,LI villages,Suffolk,,,http://www.oldfieldny.org/,1,,,,,,0,2026-09-20,,Population 910 (2021)
COG-131294,Village Of West Hampton Dunes,LI villages,Suffolk,,,,0,NO_WEBSITE_IN_REGISTRY,,,,,0,2026-09-20,,Population 114 (2021)
COG-131295,Village Of Lake Grove,LI villages,Suffolk,,,http://www.lakegroveny.gov,1,,,,,,0,2026-09-20,,Population 11092 (2021)
COG-170643,Village Of Belle Terre,LI villages,Suffolk,,,http://www.belleterre.us,1,,,,,,0,2026-09-20,,Population 784 (2021)
COG-170644,Village Of Bellport,LI villages,Suffolk,,,http://www.bellportvillage.org,1,,,,,,0,2026-09-20,,Population 2200 (2021)
COG-170645,Village Of Brightwaters,LI villages,Suffolk,,,http://www.villageofbrightwaters.com,1,,,,,,0,2026-09-20,,Population 3186 (2021)
COG-170646,Village Of Greenport,LI villages,Suffolk,,,http://www.villageofgreenport.org,1,,,,,,0,2026-09-20,,Population 2589 (2021)
COG-170647,Village Of Huntington Bay,LI villages,Suffolk,,,http://www.huntingtonbay.org,1,,,,,,0,2026-09-20,,Population 1429 (2021)
COG-170648,Village Of Lindenhurst,LI villages,Suffolk,,,http://www.villageoflindenhurst.com/,1,,,,,,0,2026-09-20,,Population 27138 (2021)
COG-170649,Village Of Lloyd Harbor,LI villages,Suffolk,,,http://www.lloydharbor.org,1,,,,,,0,2026-09-20,,Population 3568 (2021)
COG-170650,Village Of Northport,LI villages,Suffolk,,,http://www.northportny.gov/,1,,,,,,0,2026-09-20,,Population 7344 (2021)
COG-170651,Village Of Ocean Beach,LI villages,Suffolk,,,http://www.villageofoceanbeach.org,1,,,,,,0,2026-09-20,,Population 170 (2021)
COG-170652,Village Of Patchogue,LI villages,Suffolk,,,http://www.patchoguevillage.org,1,,,,,,0,2026-09-20,,Population 12393 (2021)
COG-170653,Village Of Sag Harbor,LI villages,Suffolk,,,http://www.sagharborny.gov,1,,,,,,0,2026-09-20,,Population 2774 (2021)
COG-170654,Village Of Saltaire,LI villages,Suffolk,,,http://www.saltaire.org/,1,,,,,,0,2026-09-20,,Population 110 (2021)
COG-170655,Village Of Branch,LI villages,Suffolk,,,,0,NO_WEBSITE_IN_REGISTRY,,,,,0,2026-09-20,,Population 1769 (2021)
COG-170656,Village Of Westhampton Beach,LI villages,Suffolk,,,,0,NO_WEBSITE_IN_REGISTRY,,,,,0,2026-09-20,,Population 2182 (2021)
COG-170657,Village Of Islandia,LI villages,Suffolk,,,http://www.newvillageofislandia.com,1,,,,,,0,2026-09-20,,Population 3577 (2021)
COG-186661,Village Of Asharoken,LI villages,Suffolk,,,,0,NO_WEBSITE_IN_REGISTRY,,,,,0,2026-09-20,,Population 606 (2021)
COG-190975,Village Of Babylon,LI villages,Suffolk,,,http://www.villageofbabylonny.gov,1,,,,,,0,2026-09-20,,Population 12194 (2021)
COG-190976,Village Of Quogue,LI villages,Suffolk,,,http://www.villageofquogue.com,1,,,,,,0,2026-09-20,,Population 1673 (2021)
COG-204975,Village Of Nissequogue,LI villages,Suffolk,,,http://www.nissequogueny.gov,1,,,,,,0,2026-09-20,,Population 1606 (2021)
COG-204976,Village Of Southampton,LI villages,Suffolk,,,http://SOUTHAMPTONVILLAGE.ORG,1,,,,,,0,2026-09-20,,Population 4587 (2021)
COG-212076,Village Of Amityville,LI villages,Suffolk,,,http://www.amityville.com/,1,,,,,,0,2026-09-20,,Population 9534 (2021)
COG-218258,Village Of Sagaponack,LI villages,Suffolk,,,http://www.sagaponackvillage.org,1,,,,,,0,2026-09-20,,Population 736 (2021)
COG-131387,Town Of North Hempstead,LI towns,Nassau,,,http://www.northhempsteadny.gov,1,,,,,,0,2026-09-20,,Population 237433 (2021)
COG-170895,Town Of Hempstead,LI towns,Nassau,,,http://www.townofhempstead.org/,1,,,,,,0,2026-09-20,,Population 790982 (2021)
COG-170896,Town Of Oyster Bay,LI towns,Nassau,,,http://www.oysterbaytown.com/,1,,,,,,0,2026-09-20,,Population 299583 (2021)
COG-109708,Town Of Islip,LI towns,Suffolk,,,http://www.townofislip-ny.gov,1,,,,,,0,2026-09-20,,Population 339949 (2021)
COG-131438,Town Of Riverhead,LI towns,Suffolk,,,http://www.riverheadli.com/,1,,,,,,0,2026-09-20,,Population 35959 (2021)
COG-171023,Town Of Brookhaven,LI towns,Suffolk,,,http://www.brookhaven.org/,1,,,,,,0,2026-09-20,,Population 485430 (2021)
COG-171024,Town Of Huntington,LI towns,Suffolk,,,http://www.huntingtonny.gov,1,,,,,,0,2026-09-20,,Population 204197 (2021)
COG-171025,Town Of Shelter Island,LI towns,Suffolk,,,http://www.shelterislandtown.us,1,,,,,,0,2026-09-20,,Population 3274 (2021)
COG-171026,Town Of Smithtown,LI towns,Suffolk,,,http://www.smithtowninfo.com/,1,,,,,,0,2026-09-20,,Population 116305 (2021)
COG-171027,Town Of Southampton,LI towns,Suffolk,,,http://www.southamptontownny.gov,1,,,,,,0,2026-09-20,,Population 69325 (2021)
COG-184106,Town Of Southold,LI towns,Suffolk,,,http://southoldtown.northfork.net/,1,,,,,,0,2026-09-20,,Population 23836 (2021)
COG-184112,Town Of Babylon,LI towns,Suffolk,,,http://www.townofbabylon.com,1,,,,,,0,2026-09-20,,Population 218296 (2021)
COG-208920,Town Of East Hampton,LI towns,Suffolk,,,,0,NO_WEBSITE_IN_REGISTRY,,,,,0,2026-09-20,,Population 28512 (2021)
COG-206641,Suffolk County Conservation District,LI water and other special districts,Suffolk,,,,0,NO_WEBSITE_IN_REGISTRY,,,,,0,2026-09-20,,88 - SOIL AND WATER CONSERVATION
COG-109795,Hicksville Fire District,LI fire districts,Nassau,,,http://www.hicksvillefire.com,1,,,,,,0,2026-09-20,,24 - LOCAL FIRE PROTECTION
COG-109796,Jericho Fire District,LI fire districts,Nassau,,,,0,NO_WEBSITE_IN_REGISTRY,,,,,0,2026-09-20,,24 - LOCAL FIRE PROTECTION
COG-109797,New Hyde Park Fire District,LI fire districts,Nassau,,,,0,NO_WEBSITE_IN_REGISTRY,,,,,0,2026-09-20,,24 - LOCAL FIRE PROTECTION
COG-109798,South Hempstead Fire District,LI fire districts,Nassau,,,,0,NO_WEBSITE_IN_REGISTRY,,,,,0,2026-09-20,,24 - LOCAL FIRE PROTECTION
COG-109799,Peninsula Public Library,LI library districts,Nassau,,,http://www.peninsulapublic.org,1,,,,,,0,2026-09-20,,52 - LIBRARIES
COG-109800,Port Washington Public Library,LI library districts,Nassau,,,http://WWW.PWPL.ORG,1,,,,,,0,2026-09-20,,52 - LIBRARIES
COG-131535,Baldwin Fire District,LI fire districts,Nassau,,,http://www.baldwinfd.org,1,,,,,,0,2026-09-20,,24 - LOCAL FIRE PROTECTION
COG-131536,Barnum Island Fire District,LI fire districts,Nassau,,,,0,NO_WEBSITE_IN_REGISTRY,,,,,0,2026-09-20,,24 - LOCAL FIRE PROTECTION
COG-131537,Bethpage Fire District,LI fire districts,Nassau,,,http://www.bethpagefd.org/firedistrict/,1,,,,,,0,2026-09-20,,24 - LOCAL FIRE PROTECTION
COG-131538,South Farmingdale Fire District,LI fire districts,Nassau,,,,0,NO_WEBSITE_IN_REGISTRY,,,,,0,2026-09-20,,24 - LOCAL FIRE PROTECTION
COG-131539,Inwood Fire District,LI fire districts,Nassau,,,,0,NO_WEBSITE_IN_REGISTRY,,,,,0,2026-09-20,,24 - LOCAL FIRE PROTECTION
COG-131540,Levittown Fire Dist,LI fire districts,Nassau,,,,0,NO_WEBSITE_IN_REGISTRY,,,,,0,2026-09-20,,24 - LOCAL FIRE PROTECTION
COG-131541,North Merrick Fire District,LI fire districts,Nassau,,,http://www.northmerrickfd.org,1,,,,,,0,2026-09-20,,24 - LOCAL FIRE PROTECTION
COG-131542,Seaford Fire District,LI fire districts,Nassau,,,http://www.seafordfire.com,1,,,,,,0,2026-09-20,,24 - LOCAL FIRE PROTECTION
COG-131543,Wantagh Fire District,LI fire districts,Nassau,,,http://www.wantaghfd.com,1,,,,,,0,2026-09-20,,24 - LOCAL FIRE PROTECTION
COG-131544,Freeport Memorial Library,LI library districts,Nassau,,,http://www.freeportlibrary.info,1,,,,,,0,2026-09-20,,52 - LIBRARIES
COG-131545,Massapequa Public Library,LI library districts,Nassau,,,http://www.massapequalibrary.org,1,,,,,,0,2026-09-20,,52 - LIBRARIES
COG-131546,Rockville Centre Public Library,LI library districts,Nassau,,,http://www.rvclibrary.org,1,,,,,,0,2026-09-20,,52 - LIBRARIES
COG-131547,Manhasset-Lakeville Fire District,LI fire districts,Nassau,,,,0,NO_WEBSITE_IN_REGISTRY,,,,,0,2026-09-20,,24 - LOCAL FIRE PROTECTION
COG-139428,Jericho Public Library,LI library districts,Nassau,,,http://www.jericholibrary.org,1,,,,,,0,2026-09-20,,52 - LIBRARIES
COG-139430,Nassau Library System,LI library districts,Nassau,,,http://www.nassaulibrary.org,1,,,,,,0,2026-09-20,,52 - LIBRARIES
COG-153069,Bellerose Terrace Fire District,LI fire districts,Nassau,,,,0,NO_WEBSITE_IN_REGISTRY,,,,,0,2026-09-20,,24 - LOCAL FIRE PROTECTION
COG-153070,Bellmore Fire District,LI fire districts,Nassau,,,http://www.bellmorefd.com,1,,,,,,0,2026-09-20,,24 - LOCAL FIRE PROTECTION
COG-153071,East End Atlantic Beach Fire District,LI fire districts,Nassau,,,,0,NO_WEBSITE_IN_REGISTRY,,,,,0,2026-09-20,,96 - FIRE PROTECTION AND WATER SUPPLY
COG-153072,East Meadow Fire District,LI fire districts,Nassau,,,http://www.eastmeadowfd.com,1,,,,,,0,2026-09-20,,24 - LOCAL FIRE PROTECTION
COG-153073,Franklin Square-Munson Fire District,LI fire districts,Nassau,,,,0,NO_WEBSITE_IN_REGISTRY,,,,,0,2026-09-20,,24 - LOCAL FIRE PROTECTION
COG-153074,"Garden City Park, Water And Fire District",LI fire districts,Nassau,,,,0,NO_WEBSITE_IN_REGISTRY,,,,,0,2026-09-20,,96 - FIRE PROTECTION AND WATER SUPPLY
COG-153075,Hewlett Bay Fire District,LI fire districts,Nassau,,,,0,NO_WEBSITE_IN_REGISTRY,,,,,0,2026-09-20,,24 - LOCAL FIRE PROTECTION
COG-153076,Lakeview Fire District (Long Island),LI fire districts,Nassau,,,,0,NO_WEBSITE_IN_REGISTRY,,,,,0,2026-09-20,,24 - LOCAL FIRE PROTECTION
COG-153077,Lawrence-North Fire District,LI fire districts,Nassau,,,,0,NO_WEBSITE_IN_REGISTRY,,,,,0,2026-09-20,,24 - LOCAL FIRE PROTECTION
COG-153078,Point Lookout-Lido Fire District,LI fire districts,Nassau,,,,0,NO_WEBSITE_IN_REGISTRY,,,,,0,2026-09-20,,24 - LOCAL FIRE PROTECTION
COG-153079,Locust Valley Fire District,LI fire districts,Nassau,,,,0,NO_WEBSITE_IN_REGISTRY,,,,,0,2026-09-20,,24 - LOCAL FIRE PROTECTION
COG-153080,North Bellmore Fire District,LI fire districts,Nassau,,,http://www.northbellmorefd.org,1,,,,,,0,2026-09-20,,24 - LOCAL FIRE PROTECTION
COG-153081,North Massapequa Fire District,LI fire districts,Nassau,,,http://www.nmfd660.com,1,,,,,,0,2026-09-20,,24 - LOCAL FIRE PROTECTION
COG-153082,Oceanside Fire District,LI fire districts,Nassau,,,http://www.oceansidefd.net,1,,,,,,0,2026-09-20,,24 - LOCAL FIRE PROTECTION
COG-153083,Roosevelt Fire District,LI fire districts,Nassau,,,http://www.rooseveltfd.org,1,,,,,,0,2026-09-20,,24 - LOCAL FIRE PROTECTION
COG-153084,Syosset Fire District,LI fire districts,Nassau,,,http://www.syossetfd.org,1,,,,,,0,2026-09-20,,24 - LOCAL FIRE PROTECTION
COG-153085,Uniondale Fire District,LI fire districts,Nassau,,,,0,NO_WEBSITE_IN_REGISTRY,,,,,0,2026-09-20,,24 - LOCAL FIRE PROTECTION
COG-153086,West End Atlantic Beach Fire District,LI fire districts,Nassau,,,,0,NO_WEBSITE_IN_REGISTRY,,,,,0,2026-09-20,,24 - LOCAL FIRE PROTECTION
COG-153087,West Hempstead Fire District,LI fire districts,Nassau,,,,0,NO_WEBSITE_IN_REGISTRY,,,,,0,2026-09-20,,24 - LOCAL FIRE PROTECTION
COG-153088,Baldwin Public Library,LI library districts,Nassau,,,http://www.baldwinpl.org,1,,,,,,0,2026-09-20,,52 - LIBRARIES
COG-153089,Bellmore Memorial Library,LI library districts,Nassau,,,http://www.bellmorelibrary.org,1,,,,,,0,2026-09-20,,52 - LIBRARIES
COG-153090,Farmingdale Public Library,LI library districts,Nassau,,,http://www.farmingdalelibrary.org,1,,,,,,0,2026-09-20,,52 - LIBRARIES
COG-153091,Hewlett-Woodmere Public Library,LI library districts,Nassau,,,http://www.hwpl.org,1,,,,,,0,2026-09-20,,52 - LIBRARIES
COG-153092,Island Trees Public Library,LI library districts,Nassau,,,http://www.islandtreespubliclibrary.org,1,,,,,,0,2026-09-20,,52 - LIBRARIES
COG-153093,Levittown Public Library,LI library districts,Nassau,,,http://www.nassaulibrary.org/levtown,1,,,,,,0,2026-09-20,,52 - LIBRARIES
COG-153094,Manhasset Public Library,LI library districts,Nassau,,,http://www.manhassetlibrary.org,1,,,,,,0,2026-09-20,,52 - LIBRARIES
COG-153095,Hillside Public Library,LI library districts,Nassau,,,http://www.nassaulibrary.org/hillside,1,,,,,,0,2026-09-20,,52 - LIBRARIES
COG-153096,Oyster Bay-East Norwich Public Library,LI library districts,Nassau,,,http://www.oysterbaylibrary.org,1,,,,,,0,2026-09-20,,52 - LIBRARIES
COG-153097,Seaford Public Library,LI library districts,Nassau,,,http://www.seafordlibrary.org,1,,,,,,0,2026-09-20,,52 - LIBRARIES
COG-153098,Syosset Public Library,LI library districts,Nassau,,,http://www.syossetlibrary.org,1,,,,,,0,2026-09-20,,52 - LIBRARIES
COG-153099,Wantagh Public Library,LI library districts,Nassau,,,http://www.wantaghlibrary.org,1,,,,,,0,2026-09-20,,52 - LIBRARIES
COG-153102,Meadowmere Fire District,LI fire districts,Nassau,,,,0,NO_WEBSITE_IN_REGISTRY,,,,,0,2026-09-20,,24 - LOCAL FIRE PROTECTION
COG-186710,Bay Park Fire District,LI fire districts,Nassau,,,,0,NO_WEBSITE_IN_REGISTRY,,,,,0,2026-09-20,,24 - LOCAL FIRE PROTECTION
COG-186711,Bethpage Public Library,LI library districts,Nassau,,,http://www.bethpagelibrary.info,1,,,,,,0,2026-09-20,,52 - LIBRARIES
COG-191017,Massapequa Fire District,LI fire districts,Nassau,,,http://www.massfd.org,1,,,,,,0,2026-09-20,,24 - LOCAL FIRE PROTECTION
COG-192796,Western Nassau Water Authority,LI water and other special districts,Nassau,,,http://WWW.WAWNC.ORG,1,,,,,,0,2026-09-20,,91 - WATER SUPPLY UTILITY
COG-202241,Elmont Fire District,LI fire districts,Nassau,,,,0,NO_WEBSITE_IN_REGISTRY,,,,,0,2026-09-20,,24 - LOCAL FIRE PROTECTION
COG-202242,Westbury Fire District,LI fire districts,Nassau,,,,0,NO_WEBSITE_IN_REGISTRY,,,,,0,2026-09-20,,24 - LOCAL FIRE PROTECTION
COG-202243,Franklin Square Public Library,LI library districts,Nassau,,,http://www.franklinsquarepl.org,1,,,,,,0,2026-09-20,,52 - LIBRARIES
COG-202244,Shelter Rock Public Library District,LI library districts,Nassau,,,http://www.nassaulibrary.org/shelter,1,,,,,,0,2026-09-20,,52 - LIBRARIES
COG-202245,Merrick Library,LI library districts,Nassau,,,http://www.merricklibrary.org,1,,,,,,0,2026-09-20,,52 - LIBRARIES
COG-205027,Woodmere Fire District,LI fire districts,Nassau,,,,0,NO_WEBSITE_IN_REGISTRY,,,,,0,2026-09-20,,24 - LOCAL FIRE PROTECTION
COG-205028,East Meadow Public Library,LI library districts,Nassau,,,http://www.eastmeadow.info,1,,,,,,0,2026-09-20,,52 - LIBRARIES
COG-205029,North Bellmore Public Library,LI library districts,Nassau,,,http://www.northbellmorelibrary.org,1,,,,,,0,2026-09-20,,52 - LIBRARIES
COG-205030,Westbury Memorial Public Library,LI library districts,Nassau,,,http://www.westburylibrary.org,1,,,,,,0,2026-09-20,,52 - LIBRARIES
COG-206873,Water Authority Of Great Neck North,LI water and other special districts,Nassau,,,http://www.waterauthorityofgreatnecknorth.com/,1,,,,,,0,2026-09-20,,91 - WATER SUPPLY UTILITY
COG-206874,Elmont Public Library,LI library districts,Nassau,,,,0,NO_WEBSITE_IN_REGISTRY,,,,,0,2026-09-20,,52 - LIBRARIES
COG-206875,Hicksville Public Library,LI library districts,Nassau,,,http://www.nassaulibrary.org/hicksv,1,,,,,,0,2026-09-20,,52 - LIBRARIES
COG-206876,North Merrick Public Library,LI library districts,Nassau,,,,0,NO_WEBSITE_IN_REGISTRY,,,,,0,2026-09-20,,52 - LIBRARIES
COG-206877,Plainedge Public Library,LI library districts,Nassau,,,http://www.plainedgelibrary.org,1,,,,,,0,2026-09-20,,52 - LIBRARIES
COG-206878,Plainview-Old Bethpage Public Library,LI library districts,Nassau,,,http://www.poblib.org,1,,,,,,0,2026-09-20,,52 - LIBRARIES
COG-206879,West Hempstead Public Library,LI library districts,Nassau,,,www.whplibrary.org,1,,,,,,0,2026-09-20,,52 - LIBRARIES
COG-211797,Island Park Public Library,LI library districts,Nassau,,,,0,NO_WEBSITE_IN_REGISTRY,,,,,0,2026-09-20,,52 - LIBRARIES
COG-221302,Gold Coast Public Library,LI library districts,Nassau,,,http://goldcoastlibrary.org,1,,,,,,0,2026-09-20,,52 - LIBRARIES
COG-221361,Glen Cove Public Library District,LI library districts,Nassau,,,http://www.glencovelibrary.org,1,,,,,,0,2026-09-20,,52 - LIBRARIES
COG-221362,Lakeview Public Library District,LI library districts,Nassau,,,http://www.nassaulibrary.org/lakeview/,1,,,,,,0,2026-09-20,,52 - LIBRARIES
COG-221363,Long Beach Public Library District,LI library districts,Nassau,,,http://www.longbeachlibrary.org,1,,,,,,0,2026-09-20,,52 - LIBRARIES
COG-221364,Roosevelt Public Library District,LI library districts,Nassau,,,http://www.rooseveltlibrary.org,1,,,,,,0,2026-09-20,,52 - LIBRARIES
COG-221365,Uniondale Public Library District,LI library districts,Nassau,,,http://www.uniondalelibrary.org,1,,,,,,0,2026-09-20,,52 - LIBRARIES
COG-249545,Manhasset-Lakeville Water District,LI water and other special districts,Nassau,,,https://www.mlwd.net/,1,,,,,,0,2026-09-20,,91 - WATER SUPPLY UTILITY
COG-109849,Amagansett Fire District,LI fire districts,Suffolk,,,,0,NO_WEBSITE_IN_REGISTRY,,,,,0,2026-09-20,,24 - LOCAL FIRE PROTECTION
COG-109850,Bayport Fire District,LI fire districts,Suffolk,,,http://www.bayportfiredistrict.com,1,,,,,,0,2026-09-20,,24 - LOCAL FIRE PROTECTION
COG-109851,Brentwood Fire District,LI fire districts,Suffolk,,,http://www.brentwood-fire.com,1,,,,,,0,2026-09-20,,24 - LOCAL FIRE PROTECTION
COG-109852,Centerport Fire District,LI fire districts,Suffolk,,,,0,NO_WEBSITE_IN_REGISTRY,,,,,0,2026-09-20,,24 - LOCAL FIRE PROTECTION
COG-109853,East Brentwood Fire District,LI fire districts,Suffolk,,,,0,NO_WEBSITE_IN_REGISTRY,,,,,0,2026-09-20,,24 - LOCAL FIRE PROTECTION
COG-109854,Eastport Fire District,LI fire districts,Suffolk,,,,0,NO_WEBSITE_IN_REGISTRY,,,,,0,2026-09-20,,24 - LOCAL FIRE PROTECTION
COG-109855,Hauppauge Fire District,LI fire districts,Suffolk,,,,0,NO_WEBSITE_IN_REGISTRY,,,,,0,2026-09-20,,24 - LOCAL FIRE PROTECTION
COG-109856,Jamesport Fire District,LI fire districts,Suffolk,,,,0,NO_WEBSITE_IN_REGISTRY,,,,,0,2026-09-20,,24 - LOCAL FIRE PROTECTION
COG-109857,Ocean Bay Park Fire District,LI fire districts,Suffolk,,,,0,NO_WEBSITE_IN_REGISTRY,,,,,0,2026-09-20,,24 - LOCAL FIRE PROTECTION
COG-109858,Lake Ronkonkoma Fire District,LI fire districts,Suffolk,,,,0,NO_WEBSITE_IN_REGISTRY,,,,,0,2026-09-20,,24 - LOCAL FIRE PROTECTION
COG-109859,Wading River Fire District,LI fire districts,Suffolk,,,,0,NO_WEBSITE_IN_REGISTRY,,,,,0,2026-09-20,,24 - LOCAL FIRE PROTECTION
COG-109860,East Islip Public Library,LI library districts,Suffolk,,,http://www.eipl.org,1,,,,,,0,2026-09-20,,52 - LIBRARIES
COG-109861,Sayville Library,LI library districts,Suffolk,,,http://www.sayvillelibrary.org,1,,,,,,0,2026-09-20,,52 - LIBRARIES
COG-109862,Wyandanch Public Library,LI library districts,Suffolk,,,,0,NO_WEBSITE_IN_REGISTRY,,,,,0,2026-09-20,,52 - LIBRARIES
COG-109863,Springs Fire District,LI fire districts,Suffolk,,,,0,NO_WEBSITE_IN_REGISTRY,,,,,0,2026-09-20,,24 - LOCAL FIRE PROTECTION
COG-131603,Bohemia Fire District,LI fire districts,Suffolk,,,,0,NO_WEBSITE_IN_REGISTRY,,,,,0,2026-09-20,,24 - LOCAL FIRE PROTECTION
COG-131604,Center Moriches Fire District,LI fire districts,Suffolk,,,,0,NO_WEBSITE_IN_REGISTRY,,,,,0,2026-09-20,,24 - LOCAL FIRE PROTECTION
COG-131605,Dix Hills Fire District,LI fire districts,Suffolk,,,http://www.dixhillsfd.org,1,,,,,,0,2026-09-20,,24 - LOCAL FIRE PROTECTION
COG-131606,East Moriches Fire District,LI fire districts,Suffolk,,,http://www.eastmorichesfd.com,1,,,,,,0,2026-09-20,,24 - LOCAL FIRE PROTECTION
COG-131607,Great River Fire District,LI fire districts,Suffolk,,,,0,NO_WEBSITE_IN_REGISTRY,,,,,0,2026-09-20,,24 - LOCAL FIRE PROTECTION
COG-131608,Hampton Bays Fire District,LI fire districts,Suffolk,,,http://www.hamptonbaysfiredept.com,1,,,,,,0,2026-09-20,,24 - LOCAL FIRE PROTECTION
COG-131609,Kings Park Fire District,LI fire districts,Suffolk,,,,0,NO_WEBSITE_IN_REGISTRY,,,,,0,2026-09-20,,24 - LOCAL FIRE PROTECTION
COG-131610,Mastic Beach Fire District,LI fire districts,Suffolk,,,,0,NO_WEBSITE_IN_REGISTRY,,,,,0,2026-09-20,,24 - LOCAL FIRE PROTECTION
COG-131611,Melville Fire District,LI fire districts,Suffolk,,,,0,NO_WEBSITE_IN_REGISTRY,,,,,0,2026-09-20,,24 - LOCAL FIRE PROTECTION
COG-131612,Mount Sinai Fire District,LI fire districts,Suffolk,,,http://www.mtsinaifd.org,1,,,,,,0,2026-09-20,,24 - LOCAL FIRE PROTECTION
COG-131613,Riverhead Fire District,LI fire districts,Suffolk,,,http://www.riverheadfd.org,1,,,,,,0,2026-09-20,,24 - LOCAL FIRE PROTECTION
COG-131614,Rocky Point Fire District,LI fire districts,Suffolk,,,http://www.rockypointfd.com,1,,,,,,0,2026-09-20,,24 - LOCAL FIRE PROTECTION
COG-131615,Smithtown Fire District,LI fire districts,Suffolk,,,http://www.smithtownfd.org/,1,,,,,,0,2026-09-20,,24 - LOCAL FIRE PROTECTION
COG-131617,Brentwood Public Library,LI library districts,Suffolk,,,http://www.brentwoodnylibrary.org,1,,,,,,0,2026-09-20,,52 - LIBRARIES
COG-131618,Huntington Public Library,LI library districts,Suffolk,,,http://www.thehuntingtonlibrary.org/,1,,,,,,0,2026-09-20,,52 - LIBRARIES
COG-131619,Northport-East Northport Public Library,LI library districts,Suffolk,,,,0,NO_WEBSITE_IN_REGISTRY,,,,,0,2026-09-20,,52 - LIBRARIES
COG-131620,West Islip Public Library,LI library districts,Suffolk,,,http://WWW.WIPUBLIB.ORG,1,,,,,,0,2026-09-20,,52 - LIBRARIES
COG-131621,Eatons Neck Fire District,LI fire districts,Suffolk,,,,0,NO_WEBSITE_IN_REGISTRY,,,,,0,2026-09-20,,24 - LOCAL FIRE PROTECTION
COG-153262,Bay Shore Fire District,LI fire districts,Suffolk,,,http://www.bayshorefiredistrictny.org,1,,,,,,0,2026-09-20,,24 - LOCAL FIRE PROTECTION
COG-153263,Bellport Fire District,LI fire districts,Suffolk,,,,0,NO_WEBSITE_IN_REGISTRY,,,,,0,2026-09-20,,24 - LOCAL FIRE PROTECTION
COG-153264,Bridgehampton Fire District,LI fire districts,Suffolk,,,,0,NO_WEBSITE_IN_REGISTRY,,,,,0,2026-09-20,,24 - LOCAL FIRE PROTECTION
COG-153265,Brookhaven Fire District,LI fire districts,Suffolk,,,,0,NO_WEBSITE_IN_REGISTRY,,,,,0,2026-09-20,,24 - LOCAL FIRE PROTECTION
COG-153266,Copiague Fire District,LI fire districts,Suffolk,,,,0,NO_WEBSITE_IN_REGISTRY,,,,,0,2026-09-20,,24 - LOCAL FIRE PROTECTION
COG-153267,Coram Fire District,LI fire districts,Suffolk,,,,0,NO_WEBSITE_IN_REGISTRY,,,,,0,2026-09-20,,24 - LOCAL FIRE PROTECTION
COG-153268,Davis Park Fire District,LI fire districts,Suffolk,,,http://www.dpfd.org,1,,,,,,0,2026-09-20,,24 - LOCAL FIRE PROTECTION
COG-153269,Deer Park Fire District 14,LI fire districts,Suffolk,,,http://www.deerparkfd.org,1,,,,,,0,2026-09-20,,24 - LOCAL FIRE PROTECTION
COG-153270,East Islip Fire District,LI fire districts,Suffolk,,,,0,NO_WEBSITE_IN_REGISTRY,,,,,0,2026-09-20,,24 - LOCAL FIRE PROTECTION
COG-153271,East Northport Fire District,LI fire districts,Suffolk,,,,0,NO_WEBSITE_IN_REGISTRY,,,,,0,2026-09-20,,24 - LOCAL FIRE PROTECTION
COG-153272,East Quogue Fire District,LI fire districts,Suffolk,,,http://www.eqfd.com,1,,,,,,0,2026-09-20,,24 - LOCAL FIRE PROTECTION
COG-153273,Fishers Island Fire District,LI fire districts,Suffolk,,,,0,NO_WEBSITE_IN_REGISTRY,,,,,0,2026-09-20,,24 - LOCAL FIRE PROTECTION
COG-153274,Gordon Heights Fire District,LI fire districts,Suffolk,,,,0,NO_WEBSITE_IN_REGISTRY,,,,,0,2026-09-20,,24 - LOCAL FIRE PROTECTION
COG-153275,Hagerman Fire District,LI fire districts,Suffolk,,,http://www.hagermanfd.com,1,,,,,,0,2026-09-20,,24 - LOCAL FIRE PROTECTION
COG-153276,Halesite Fire District,LI fire districts,Suffolk,,,http://www.halesitefd.org,1,,,,,,0,2026-09-20,,24 - LOCAL FIRE PROTECTION
COG-153277,Holbrook Fire District,LI fire districts,Suffolk,,,,0,NO_WEBSITE_IN_REGISTRY,,,,,0,2026-09-20,,24 - LOCAL FIRE PROTECTION
COG-153278,Holtsville Fire District,LI fire districts,Suffolk,,,,0,NO_WEBSITE_IN_REGISTRY,,,,,0,2026-09-20,,24 - LOCAL FIRE PROTECTION
COG-153279,Islip Fire District,LI fire districts,Suffolk,,,,0,NO_WEBSITE_IN_REGISTRY,,,,,0,2026-09-20,,24 - LOCAL FIRE PROTECTION
COG-153280,Islip Terrace Fire District,LI fire districts,Suffolk,,,http://www.islipterracefd.org,1,,,,,,0,2026-09-20,,24 - LOCAL FIRE PROTECTION
COG-153281,Manorville Fire District,LI fire districts,Suffolk,,,,0,NO_WEBSITE_IN_REGISTRY,,,,,0,2026-09-20,,24 - LOCAL FIRE PROTECTION
COG-153282,Mattituck Fire District,LI fire districts,Suffolk,,,http://www.mattituckfd.org,1,,,,,,0,2026-09-20,,24 - LOCAL FIRE PROTECTION
COG-153283,Medford Fire District,LI fire districts,Suffolk,,,,0,NO_WEBSITE_IN_REGISTRY,,,,,0,2026-09-20,,24 - LOCAL FIRE PROTECTION
COG-153284,Miller Place Fire District,LI fire districts,Suffolk,,,,0,NO_WEBSITE_IN_REGISTRY,,,,,0,2026-09-20,,24 - LOCAL FIRE PROTECTION
COG-153285,Montauk Fire District,LI fire districts,Suffolk,,,,0,NO_WEBSITE_IN_REGISTRY,,,,,0,2026-09-20,,24 - LOCAL FIRE PROTECTION
COG-153286,North Patchogue Fire District,LI fire districts,Suffolk,,,,0,NO_WEBSITE_IN_REGISTRY,,,,,0,2026-09-20,,24 - LOCAL FIRE PROTECTION
COG-153287,Orient Fire District,LI fire districts,Suffolk,,,http://www.orientfiredepartment.org,1,,,,,,0,2026-09-20,,24 - LOCAL FIRE PROTECTION
COG-153288,Port Jefferson Fire District,LI fire districts,Suffolk,,,http://www.pjer.org,1,,,,,,0,2026-09-20,,24 - LOCAL FIRE PROTECTION
COG-153289,Ridge Fire District,LI fire districts,Suffolk,,,,0,NO_WEBSITE_IN_REGISTRY,,,,,0,2026-09-20,,24 - LOCAL FIRE PROTECTION
COG-153290,Sayville Fire District,LI fire districts,Suffolk,,,,0,NO_WEBSITE_IN_REGISTRY,,,,,0,2026-09-20,,24 - LOCAL FIRE PROTECTION
COG-153291,Selden Fire District,LI fire districts,Suffolk,,,,0,NO_WEBSITE_IN_REGISTRY,,,,,0,2026-09-20,,24 - LOCAL FIRE PROTECTION
COG-153293,Southold Fire District,LI fire districts,Suffolk,,,,0,NO_WEBSITE_IN_REGISTRY,,,,,0,2026-09-20,,24 - LOCAL FIRE PROTECTION
COG-153294,Stony Brook Fire District,LI fire districts,Suffolk,,,,0,NO_WEBSITE_IN_REGISTRY,,,,,0,2026-09-20,,24 - LOCAL FIRE PROTECTION
COG-153295,West Sayville-Oakdale Fire District,LI fire districts,Suffolk,,,http://www.wsfd.com,1,,,,,,0,2026-09-20,,24 - LOCAL FIRE PROTECTION
COG-153296,Bayport-Blue Point Public Library,LI library districts,Suffolk,,,http://www.bayportbluepointlibrary.org,1,,,,,,0,2026-09-20,,52 - LIBRARIES
COG-153297,Connetquot Public Library,LI library districts,Suffolk,,,http://WWW.CONNETQUOT.LIB.NY.US,1,,,,,,0,2026-09-20,,52 - LIBRARIES
COG-153298,Center Moriches Free Public Library,LI library districts,Suffolk,,,http://www.centermoricheslibrary.org/,1,,,,,,0,2026-09-20,,52 - LIBRARIES
COG-153299,Copiague Memorial Public Library,LI library districts,Suffolk,,,http://www.copiaguelibrary.org,1,,,,,,0,2026-09-20,,52 - LIBRARIES
COG-153300,Deer Park Public Library,LI library districts,Suffolk,,,http://www.deerparklibrary.org,1,,,,,,0,2026-09-20,,52 - LIBRARIES
COG-153301,Montauk Library,LI library districts,Suffolk,,,http://www.suffolk.lib.ny.us/libraries/mntk/,1,,,,,,0,2026-09-20,,52 - LIBRARIES
COG-153302,North Babylon Public Library,LI library districts,Suffolk,,,http://www.northbabylonpl.org,1,,,,,,0,2026-09-20,,52 - LIBRARIES
COG-153303,Patchogue-Medford Library,LI library districts,Suffolk,,,http://www.pmlib.org,1,,,,,,0,2026-09-20,,52 - LIBRARIES
COG-153304,North Shore Public Library,LI library districts,Suffolk,,,http://www.northshorepubliclibrary.org,1,,,,,,0,2026-09-20,,52 - LIBRARIES
COG-153305,Islip Public Library,LI library districts,Suffolk,,,http://www.isliplibrary.org,1,,,,,,0,2026-09-20,,52 - LIBRARIES
COG-153307,West Islip Fire District,LI fire districts,Suffolk,,,,0,NO_WEBSITE_IN_REGISTRY,,,,,0,2026-09-20,,24 - LOCAL FIRE PROTECTION
COG-153309,Dunewood Fire District,LI fire districts,Suffolk,,,,0,NO_WEBSITE_IN_REGISTRY,,,,,0,2026-09-20,,24 - LOCAL FIRE PROTECTION
COG-153310,Farmingville Fire District,LI fire districts,Suffolk,,,,0,NO_WEBSITE_IN_REGISTRY,,,,,0,2026-09-20,,24 - LOCAL FIRE PROTECTION
COG-153311,Kismet Fire District,LI fire districts,Suffolk,,,,0,NO_WEBSITE_IN_REGISTRY,,,,,0,2026-09-20,,24 - LOCAL FIRE PROTECTION
COG-186724,Mastic Fire District,LI fire districts,Suffolk,,,,0,NO_WEBSITE_IN_REGISTRY,,,,,0,2026-09-20,,24 - LOCAL FIRE PROTECTION
COG-186725,Babylon Public Library,LI library districts,Suffolk,,,http://www.babylonlibrary.org,1,,,,,,0,2026-09-20,,52 - LIBRARIES
COG-186726,Fire Island Pines Fire District,LI fire districts,Suffolk,,,http://www.fipfd.org,1,,,,,,0,2026-09-20,,24 - LOCAL FIRE PROTECTION
COG-191026,Central Islip Fire District,LI fire districts,Suffolk,,,,0,NO_WEBSITE_IN_REGISTRY,,,,,0,2026-09-20,,24 - LOCAL FIRE PROTECTION
COG-191027,Huntington Manor Fire District,LI fire districts,Suffolk,,,,0,NO_WEBSITE_IN_REGISTRY,,,,,0,2026-09-20,,24 - LOCAL FIRE PROTECTION
COG-191028,Half Hollow Hills Community Library,LI library districts,Suffolk,,,http://www.hhhlibrary.org,1,,,,,,0,2026-09-20,,52 - LIBRARIES
COG-191029,Westhampton Beach Fire District,LI fire districts,Suffolk,,,http://www.westhamptonbeachfd.org,1,,,,,,0,2026-09-20,,24 - LOCAL FIRE PROTECTION
COG-192804,Cherry Grove Fire District,LI fire districts,Suffolk,,,,0,NO_WEBSITE_IN_REGISTRY,,,,,0,2026-09-20,,24 - LOCAL FIRE PROTECTION
COG-192805,Harborfields Public Library,LI library districts,Suffolk,,,http://www.harborfieldslibrary.org,1,,,,,,0,2026-09-20,,52 - LIBRARIES
COG-202252,Greenlawn Fire District,LI fire districts,Suffolk,,,http://www.greenlawnfd.org,1,,,,,,0,2026-09-20,,24 - LOCAL FIRE PROTECTION
COG-202253,Middle Island Fire District,LI fire districts,Suffolk,,,http://www.middleislandfiredistrict.com,1,,,,,,0,2026-09-20,,24 - LOCAL FIRE PROTECTION
COG-202254,Setauket Fire District,LI fire districts,Suffolk,,,http://WWW.SETAUKETFD.COM,1,,,,,,0,2026-09-20,,24 - LOCAL FIRE PROTECTION
COG-202255,Middle Country Public Library,LI library districts,Suffolk,,,http://WWW.MCPL.LIB.NY.US,1,,,,,,0,2026-09-20,,52 - LIBRARIES
COG-202256,Lindenhurst Memorial Library,LI library districts,Suffolk,,,http://www.lmlonline.org,1,,,,,,0,2026-09-20,,52 - LIBRARIES
COG-205040,Cutchogue Fire District,LI fire districts,Suffolk,,,http://WWW.CUTCHOGUEFIREDEPT.ORG,1,,,,,,0,2026-09-20,,24 - LOCAL FIRE PROTECTION
COG-205041,Fair Harbor Fire District,LI fire districts,Suffolk,,,http://www.fairharborfd.org,1,,,,,,0,2026-09-20,,24 - LOCAL FIRE PROTECTION
COG-205042,North Sea Fire District,LI fire districts,Suffolk,,,,0,NO_WEBSITE_IN_REGISTRY,,,,,0,2026-09-20,,24 - LOCAL FIRE PROTECTION
COG-205043,West Babylon Fire District,LI fire districts,Suffolk,,,http://www.westbabylonfd.org,1,,,,,,0,2026-09-20,,24 - LOCAL FIRE PROTECTION
COG-205044,Central Islip Public Library,LI library districts,Suffolk,,,http://www.centralisliplibrary.org/,1,,,,,,0,2026-09-20,,52 - LIBRARIES
COG-205045,Longwood Public Library,LI library districts,Suffolk,,,http://www.mylpl.net,1,,,,,,0,2026-09-20,,52 - LIBRARIES
COG-205046,West Babylon Public Library,LI library districts,Suffolk,,,http://www.wbab.suffolk.lib.ny.us,1,,,,,,0,2026-09-20,,52 - LIBRARIES
COG-205047,Flanders Fire District,LI fire districts,Suffolk,,,,0,NO_WEBSITE_IN_REGISTRY,,,,,0,2026-09-20,,24 - LOCAL FIRE PROTECTION
COG-206903,Blue Point Fire District,LI fire districts,Suffolk,,,,0,NO_WEBSITE_IN_REGISTRY,,,,,0,2026-09-20,,24 - LOCAL FIRE PROTECTION
COG-206904,Centereach Fire District,LI fire districts,Suffolk,,,,0,NO_WEBSITE_IN_REGISTRY,,,,,0,2026-09-20,,24 - LOCAL FIRE PROTECTION
COG-206905,Cold Spring Harbor Fire District,LI fire districts,Suffolk,,,,0,NO_WEBSITE_IN_REGISTRY,,,,,0,2026-09-20,,24 - LOCAL FIRE PROTECTION
COG-206906,Huntington Fire District,LI fire districts,Suffolk,,,,0,NO_WEBSITE_IN_REGISTRY,,,,,0,2026-09-20,,24 - LOCAL FIRE PROTECTION
COG-206907,Lakeland Fire District,LI fire districts,Suffolk,,,,0,NO_WEBSITE_IN_REGISTRY,,,,,0,2026-09-20,,24 - LOCAL FIRE PROTECTION
COG-206908,Nesconset Fire District,LI fire districts,Suffolk,,,http://WWW.NESCONSETFD.ORG,1,,,,,,0,2026-09-20,,24 - LOCAL FIRE PROTECTION
COG-206909,Terryville Fire District,LI fire districts,Suffolk,,,,0,NO_WEBSITE_IN_REGISTRY,,,,,0,2026-09-20,,24 - LOCAL FIRE PROTECTION
COG-206910,St James Fire District,LI fire districts,Suffolk,,,,0,NO_WEBSITE_IN_REGISTRY,,,,,0,2026-09-20,,24 - LOCAL FIRE PROTECTION
COG-206911,Sound Beach Fire District,LI fire districts,Suffolk,,,http://www.soundbeachfd.org,1,,,,,,0,2026-09-20,,24 - LOCAL FIRE PROTECTION
COG-206912,Yaphank Fire District,LI fire districts,Suffolk,,,http://www.yaphankfd.org,1,,,,,,0,2026-09-20,,24 - LOCAL FIRE PROTECTION
COG-206913,Amityville Public Library,LI library districts,Suffolk,,,http://www.amityvillepubliclibrary.org,1,,,,,,0,2026-09-20,,52 - LIBRARIES
COG-206914,Bay Shore-Brightwaters Public Library,LI library districts,Suffolk,,,http://www.bayshore.suffolk.lib.ny.us,1,,,,,,0,2026-09-20,,52 - LIBRARIES
COG-206915,Sachem Public Library,LI library districts,Suffolk,,,http://www.sachemlibrary.org,1,,,,,,0,2026-09-20,,52 - LIBRARIES
COG-206916,Smithtown Library District,LI library districts,Suffolk,,,http://www.smithlib.org/,1,,,,,,0,2026-09-20,,52 - LIBRARIES
COG-206917,Mastics-Moriches-Shirley Community Library,LI library districts,Suffolk,,,,0,NO_WEBSITE_IN_REGISTRY,,,,,0,2026-09-20,,52 - LIBRARIES
COG-206918,South Huntington Public Library,LI library districts,Suffolk,,,http://www.shpl.info/,1,,,,,,0,2026-09-20,,52 - LIBRARIES
COG-211401,Commack Fire District,LI fire districts,Suffolk,,,http://www.commackfd.org,1,,,,,,0,2026-09-20,,24 - LOCAL FIRE PROTECTION
COG-211801,Shelter Island Fire District,LI fire districts,Suffolk,,,,0,NO_WEBSITE_IN_REGISTRY,,,,,0,2026-09-20,,24 - LOCAL FIRE PROTECTION
COG-211943,East Marion Fire District,LI fire districts,Suffolk,,,,0,NO_WEBSITE_IN_REGISTRY,,,,,0,2026-09-20,,24 - LOCAL FIRE PROTECTION
COG-211944,Comsewogue Public Library,LI library districts,Suffolk,,,http://www.cplib.org,1,,,,,,0,2026-09-20,,52 - LIBRARIES
COG-212934,Commack Public Library District,LI library districts,Suffolk,,,http://COMMACK.SUFFOLK.LIB.NY.US,1,,,,,,0,2026-09-20,,52 - LIBRARIES
COG-214026,Patchogue Fire District,LI fire districts,Suffolk,,,http://www.patchoquefd.org,1,,,,,,0,2026-09-20,,24 - LOCAL FIRE PROTECTION
COG-221307,Elwood Public Library District,LI library districts,Suffolk,,,http://www.elwoodlibrary.org,1,,,,,,0,2026-09-20,,52 - LIBRARIES
COG-221317,Southampton Fire District,LI fire districts,Suffolk,,,,0,NO_WEBSITE_IN_REGISTRY,,,,,0,2026-09-20,,24 - LOCAL FIRE PROTECTION
COG-221375,Hauppauge Public Library District,LI library districts,Suffolk,,,http://www.hauppaugelibrary.org,1,,,,,,0,2026-09-20,,52 - LIBRARIES
COG-221382,Long Island Library Resources Council,LI library districts,Suffolk,,,http://www.lilrc.org/,1,,,,,,0,2026-09-20,,52 - LIBRARIES
HUD-NY144,Village of Great Neck Housing Authority,LI housing authorities,Nassau,,,,0,NO_REGISTRY_URL,,,,,0,2026-09-20,,"Low-Rent; units 0; HUD capital fund $148,598"
HUD-NY891,Options for Community Living,LI housing authorities,Suffolk,,,,0,NO_REGISTRY_URL,,,,,0,2026-09-20,,Section 8; units 0; HUD capital fund $0
HUD-NY005,New York City Housing Authority,NYC housing authority,NYC,,,https://www.nyc.gov/nycha,1,,,,,,0,2026-09-20,,"units 146033; HUD capital fund $724,303,359"
HUD-NY121,Glen Cove Community Development Agency,LI housing authorities,Nassau,,,,0,NO_REGISTRY_URL,,,,,0,2026-09-20,,Section 8; units 0; HUD capital fund $0
HUD-NY069,Glen Cove Public Housing Authority,LI housing authorities,Nassau,,,,0,NO_REGISTRY_URL,,,,,0,2026-09-20,,Low-Rent; units 0; HUD capital fund $0
HUD-NY085,Village of Hempstead HA,LI housing authorities,Nassau,,,,0,NO_REGISTRY_URL,,,,,0,2026-09-20,,"Combined; units 281; HUD capital fund $767,425"
HUD-NY046,Town of Hempstead Housing Authority,LI housing authorities,Nassau,,,,0,NO_REGISTRY_URL,,,,,0,2026-09-20,,"Low-Rent; units 1309; HUD capital fund $3,028,476"
HUD-NY050,Housing Authority of Long Beach,LI housing authorities,Nassau,,,,0,NO_REGISTRY_URL,,,,,0,2026-09-20,,Combined; units 377; HUD capital fund $0
HUD-NY100,Rockville Centre HA,LI housing authorities,Nassau,,,,0,NO_REGISTRY_URL,,,,,0,2026-09-20,,Low-Rent; units 50; HUD capital fund $0
HUD-NY159,Village of Rockville Centre,LI housing authorities,Nassau,,,,0,NO_REGISTRY_URL,,,,,0,2026-09-20,,Section 8; units 0; HUD capital fund $0
HUD-NY086,North Hempstead Housing Authority,LI housing authorities,Nassau,,,,0,NO_REGISTRY_URL,,,,,0,2026-09-20,,"Combined; units 0; HUD capital fund $159,554"
HUD-NY130,Town of Babylon,LI housing authorities,Suffolk,,,,0,NO_REGISTRY_URL,,,,,0,2026-09-20,,Section 8; units 0; HUD capital fund $0
HUD-NY149,Town of Brookhaven Dept. of Hsg & Comm Dev,LI housing authorities,Suffolk,,,,0,NO_REGISTRY_URL,,,,,0,2026-09-20,,Section 8; units 0; HUD capital fund $0
HUD-NY154,Town of East Hampton,LI housing authorities,Suffolk,,,,0,NO_REGISTRY_URL,,,,,0,2026-09-20,,Section 8; units 0; HUD capital fund $0
HUD-NY146,Village of Greenport Housing Authority,LI housing authorities,Suffolk,,,,0,NO_REGISTRY_URL,,,,,0,2026-09-20,,Section 8; units 0; HUD capital fund $0
HUD-NY152,North Fork Hsg Alliance Inc,LI housing authorities,Suffolk,,,,0,NO_REGISTRY_URL,,,,,0,2026-09-20,,Section 8; units 0; HUD capital fund $0
HUD-NY141,Town of Southampton,LI housing authorities,Suffolk,,,,0,NO_REGISTRY_URL,,,,,0,2026-09-20,,Section 8; units 0; HUD capital fund $0
HUD-NY023,Freeport Housing Authority,LI housing authorities,Nassau,,,,0,NO_REGISTRY_URL,,,,,0,2026-09-20,,Combined; units 250; HUD capital fund $0
HUD-NY128,Village of Patchogue CDA,LI housing authorities,Suffolk,,,,0,NO_REGISTRY_URL,,,,,0,2026-09-20,,Section 8; units 0; HUD capital fund $0
HUD-NY055,Town of Oyster Bay Housing Authority,LI housing authorities,Nassau,,,,0,NO_REGISTRY_URL,,,,,0,2026-09-20,,Low-Rent; units 912; HUD capital fund $0
HUD-NY127,Riverhead Housing Development Corproration,LI housing authorities,Suffolk,,,,0,NO_REGISTRY_URL,,,,,0,2026-09-20,,Section 8; units 0; HUD capital fund $0
HUD-NY895,Community Development Corp of Long Island,LI housing authorities,Suffolk,,,,0,NO_REGISTRY_URL,,,,,0,2026-09-20,,Section 8; units 0; HUD capital fund $0
HUD-NY077,Town of Islip Housing Authority,LI housing authorities,Suffolk,,,,0,NO_REGISTRY_URL,,,,,0,2026-09-20,,Section 8; units 0; HUD capital fund $0
HUD-NY888,Mercy Haven Inc.,LI housing authorities,Suffolk,,,,0,NO_REGISTRY_URL,,,,,0,2026-09-20,,Section 8; units 0; HUD capital fund $0
HUD-NY035,Town of Huntington Housing Authority,LI housing authorities,Suffolk,,,,0,NO_REGISTRY_URL,,,,,0,2026-09-20,,Combined; units 40; HUD capital fund $0
