project_id,body,body_id,building,scope_summary,first_signal_date,last_signal_date,latest_stage,signal_count
198,Sagaponack Common School District,NCES-3625410,Sagaponack Common School District,Playground update being discussed by board.,2026-09-15,2026-09-15,1_problem,1
207,Sagaponack Common School District,NCES-3625410,,Summer building maintenance and projects completed or planned.,2026-09-02,2026-09-02,1_problem,1
212,Wainscott Common School District,NCES-3629760,Wainscott Common School,Building updates and repairs needed at the school.,2026-08-19,2026-08-19,1_problem,1
164,Deer Park Union Free School District,NCES-3608880,Deer Park High School,Roof leak has caused ceiling damage in several classrooms requiring emergency repair.,2026-07-29,2026-07-29,1_problem,1
189,Sagaponack Common School District,NCES-3625410,,Emergency repair to restore or repair garbage containers bin.,2026-07-14,2026-07-14,1_problem,1
1286,Western Suffolk Boces,NCES-3680860,Brennan,Replace broken air conditioning unit.,2026-07-14,2026-07-14,1_problem,1
1330,Western Suffolk Boces,NCES-3680860,JEA Jr/Sr,Replace outdated defibrillator units with updated AED devices.,2026-07-14,2026-07-14,1_problem,1
354,West Islip Union Free School District,NCES-3630690,"Bayview Elementary, Udall Road Middle School, Manetuck Elementary, West Islip High School, Oquenock Elementary, Kirdahy, Paul J. Bellew Elementary, Masera, Beach Street Middle School, Westbrook",Building inspections scheduled at multiple district school buildings.,2026-07-07,2026-07-07,1_problem,1
144,Deer Park Union Free School District,NCES-3608880,HS,High school pool project with potential grant funding.,2026-07-07,2026-07-07,1_problem,1
1005,Western Suffolk Boces,NCES-3680860,Wilson Tech Dix Hills Campus,"Donation of HVAC equipment including boilers, piping manifolds, circulator pumps, and tankless water heater kits for HVAC program.",2026-06-30,2026-06-30,1_problem,1
209,Sagaponack Common School District,NCES-3625410,Sagaponack Common School District,"Summer building projects including re-shingling, hardwood floor screening, painting, and woodchip replacement.",2026-06-16,2026-06-16,1_problem,1
114,Deer Park Union Free School District,NCES-3608880,Board Room,Additional TV screens in the Board Room for presentations and staff professional development.,2026-05-12,2026-05-12,1_problem,1
210,Sagaponack Common School District,NCES-3625410,,Summer building projects planned for the 2026-2027 school year.,2026-05-11,2026-05-11,1_problem,1
855,West Islip Union Free School District,NCES-3630690,Manetuck and Udall Road,Sprinkler systems at Manetuck and Udall Road soccer fields,2026-05-07,2026-05-07,1_problem,1
211,Sagaponack Common School District,NCES-3625410,Sagaponack Common School District,Water drainage issue on Sagaponack Road requires assessment and potential remediation.,2026-04-14,2026-04-14,1_problem,1
1,Academy Charter School,NCES-3600997,Brentwood,Acquisition and development project in Brentwood ongoing.,2026-04-01,2026-04-01,1_problem,1
170,Deer Park Union Free School District,NCES-3608880,Deer Park High School (DPHS),Two ceiling A/C units at DPHS are not working and cannot be repaired; disposal approved.,2026-03-24,2026-03-24,1_problem,1
171,Deer Park Union Free School District,NCES-3608880,DPHS (Deer Park High School),Two non-functioning ceiling A/C units at Deer Park High School cannot be repaired and require disposal.,2026-03-24,2026-03-24,1_problem,1
194,Sagaponack Common School District,NCES-3625410,Sagaponack Common School District playground area,Install drainage system on Sagaponack Road near playground to address rainwater accumulation at school driveway entrances.,2026-03-14,2026-03-14,1_problem,1
883,West Islip Union Free School District,NCES-3630690,Manetuck,Underground pipe leak requiring insurance claim.,2026-03-10,2026-03-10,1_problem,1
540,West Islip Union Free School District,NCES-3630690,High School,Flood damage caused by frozen pipes requiring insurance claim.,2026-03-10,2026-03-10,1_problem,1
721,West Islip Union Free School District,NCES-3630690,District Office,Plumbing flood requiring insurance claim.,2026-03-10,2026-03-10,1_problem,1
461,West Islip Union Free School District,NCES-3630690,High School,Electrical outage and damaged PV cabinet requiring insurance claim.,2026-03-10,2026-03-10,1_problem,1
852,West Islip Union Free School District,NCES-3630690,Beach MS and PJ Bellew,Solar PV system fire damage at two buildings requiring insurance claim.,2026-03-10,2026-03-10,1_problem,1
847,West Islip Union Free School District,NCES-3630690,District,Solar panel insurance claims being processed.,2026-03-04,2026-03-04,1_problem,1
749,West Islip Union Free School District,NCES-3630690,High School,Pool renovation project at high school.,2025-12-11,2026-03-04,1_problem,2
185,Sagaponack Common School District,NCES-3625410,,Building projects mentioned on agenda but no details provided.,2026-03-02,2026-03-02,1_problem,1
186,Sagaponack Common School District,NCES-3625410,Sagaponack School,Cedar roof replacement is being considered for next year.,2026-03-02,2026-03-02,1_problem,1
219,Wainscott Common School District,NCES-3629760,Wainscott Common School,Painting work mentioned as a discussion item.,2026-01-21,2026-01-21,1_problem,1
851,West Islip Union Free School District,NCES-3630690,High School,Solar panel system repair due to power surge damage.,2025-12-11,2025-12-11,1_problem,1
190,Sagaponack Common School District,NCES-3625410,Sagaponack Common School District,Fire inspection compliance notice requiring board action.,2025-12-09,2025-12-09,1_problem,1
220,Wainscott Common School District,NCES-3629760,old school,Restorative chalkboard project by artist Jessica Wynne in the old school building.,2025-11-19,2025-11-19,1_problem,1
625,West Islip Union Free School District,NCES-3630690,Masera,Installation or upgrade of exterior AED at Masera building.,2025-11-03,2025-11-03,1_problem,1
739,West Islip Union Free School District,NCES-3630690,,Pool facility renovation or improvements project.,2025-11-03,2025-11-03,1_problem,1
631,West Islip Union Free School District,NCES-3630690,,Irrigation systems on athletic fields need attention or upgrade.,2025-11-03,2025-11-03,1_problem,1
16,Academy Charter School,NCES-3600997,Hempstead property,New Hempstead property acquisition and development for school expansion.,2025-11-01,2025-11-01,1_problem,1
21,Academy Charter School,NCES-3600997,Wyandanch,Wyandanch expansion site development in collaboration with external developers.,2025-11-01,2025-11-01,1_problem,1
115,Deer Park Union Free School District,NCES-3608880,unknown,All doors will be equipped with security sensors.,2025-10-14,2025-10-14,1_problem,1
169,Deer Park Union Free School District,NCES-3608880,HS,Transformers at high school requiring attention or replacement.,2025-10-14,2025-10-14,1_problem,1
740,West Islip Union Free School District,NCES-3630690,Pool,Pool facility renovation project under discussion.,2025-10-07,2025-10-07,1_problem,1
630,West Islip Union Free School District,NCES-3630690,Fields (WI Soccer Club),Irrigation systems installation or upgrade on athletic fields used by WI Soccer Club.,2025-10-07,2025-10-07,1_problem,1
14,Academy Charter School,NCES-3600997,Hempstead; Uniondale,Fire evacuation drills completed at Hempstead; Uniondale drill pending.,2025-10-01,2025-10-01,1_problem,2
791,West Islip Union Free School District,NCES-3630690,Manetuck Elementary,Replace broken 3-door reach-in freezer in food services.,2024-02-06,2024-02-06,1_problem,1
228,West Islip Union Free School District,NCES-3630690,Manetuck Elementary,3-door reach-in freezer is broken and needs replacement.,2024-02-06,2024-02-06,1_problem,1
867,West Islip Union Free School District,NCES-3630690,Beach Street and Udall Road Middle School,Track repair and maintenance at two middle schools.,2012-05-01,2012-05-01,1_problem,1
673,West Islip Union Free School District,NCES-3630690,,Locker room and bathroom renovation.,2012-05-01,2012-05-01,1_problem,1
718,West Islip Union Free School District,NCES-3630690,Bayview,Playground fencing project discussed at Buildings and Grounds meeting.,2012-03-01,2012-03-01,1_problem,1
846,West Islip Union Free School District,NCES-3630690,unknown,Softball batting cage project discussed at Buildings and Grounds meeting.,2012-03-01,2012-03-01,1_problem,1
879,West Islip Union Free School District,NCES-3630690,unknown,Turf field project discussed at Buildings and Grounds meeting.,2012-03-01,2012-03-01,1_problem,1
538,West Islip Union Free School District,NCES-3630690,Manetuck,Fitness trail project discussed at Buildings and Grounds meeting.,2012-03-01,2012-03-01,1_problem,1
432,West Islip Union Free School District,NCES-3630690,West Islip High School,Damage to brick façade at the high school,2012-01-01,2012-01-01,1_problem,1
433,West Islip Union Free School District,NCES-3630690,West Islip High School,Damage to brick façade at the high school requires assessment and repair.,2012-01-01,2012-01-01,1_problem,1
261,West Islip Union Free School District,NCES-3630690,High School,Athletic field lighting is being discussed as a need.,2011-12-01,2011-12-01,1_problem,1
262,West Islip Union Free School District,NCES-3630690,High School,Athletic field lighting is being discussed by the Buildings and Grounds committee.,2011-12-01,2011-12-01,1_problem,1
884,West Islip Union Free School District,NCES-3630690,turf field,Vandalism of turf field requiring repair and addressing concerns about new turf field lights.,2011-10-01,2011-10-01,1_problem,1
825,West Islip Union Free School District,NCES-3630690,,Security consultant agreement with Joseph Nicolosi.,2010-09-01,2010-09-01,1_problem,1
854,West Islip Union Free School District,NCES-3630690,Masera,Sprinkler donation to school.,2009-12-01,2009-12-01,1_problem,1
853,West Islip Union Free School District,NCES-3630690,Masera,Sprinkler donation received for school grounds.,2009-12-01,2009-12-01,1_problem,1
816,West Islip Union Free School District,NCES-3630690,Bayview Elementary School,Safety issues with bike path to school due to parking lot changes at adjacent hospital.,2009-10-01,2009-10-01,1_problem,1
815,West Islip Union Free School District,NCES-3630690,Bayview Elementary School,Safety concerns with bike path to school due to parking lot changes at adjacent hospital.,2009-09-01,2009-09-01,1_problem,1
711,West Islip Union Free School District,NCES-3630690,,PAWS brick paving project for field or outdoor area.,2009-02-01,2009-02-01,1_problem,2
761,West Islip Union Free School District,NCES-3630690,girls' lacrosse field,Proposed donation of a scoreboard for the girls' lacrosse field.,2008-09-01,2008-09-01,1_problem,2
803,West Islip Union Free School District,NCES-3630690,varsity baseball field,Right field condition deterioration and necessary repairs; football practice impacts timing.,2008-08-01,2008-08-01,1_problem,1
802,West Islip Union Free School District,NCES-3630690,varsity baseball field,Right field condition assessment and necessary repairs; football practice impact on field condition and repair timing.,2008-08-01,2008-08-01,1_problem,1
717,West Islip Union Free School District,NCES-3630690,High School,Plant a tree and place a memorial plaque on high school grounds.,2007-01-01,2007-01-01,1_problem,1
716,West Islip Union Free School District,NCES-3630690,High School,Plant a memorial tree and place a plaque on High School grounds.,2007-01-01,2007-01-01,1_problem,1
878,West Islip Union Free School District,NCES-3630690,,Turf field project being updated and discussed.,2006-10-01,2006-10-01,1_problem,1
880,West Islip Union Free School District,NCES-3630690,,Turf field project update provided; status and scope unclear.,2006-10-01,2006-10-01,1_problem,1
801,West Islip Union Free School District,NCES-3630690,District-wide,Replace two boilers and upgrade lighting throughout the district for energy efficiency.,2006-09-01,2006-09-01,1_problem,1
715,West Islip Union Free School District,NCES-3630690,,Plans for infrastructure improvement including boiler replacement and lighting upgrades for energy efficiency.,2006-09-01,2006-09-01,1_problem,1
516,West Islip Union Free School District,NCES-3630690,,Energy performance proposals discussed at board meeting.,2006-06-01,2006-06-01,1_problem,1
517,West Islip Union Free School District,NCES-3630690,,Energy performance proposals under discussion for the district.,2006-06-01,2006-06-01,1_problem,1
606,West Islip Union Free School District,NCES-3630690,,Hurricane preparedness planning for schools designated as evacuation centers.,2006-06-01,2006-06-01,1_problem,1
619,West Islip Union Free School District,NCES-3630690,district-wide,Infrastructure issues throughout the district identified in proposed budget.,2006-04-01,2006-04-01,1_problem,1
705,West Islip Union Free School District,NCES-3630690,district-wide,New telephone system planned for the district.,2006-04-01,2006-04-01,1_problem,1
441,West Islip Union Free School District,NCES-3630690,,District received donation to purchase batting cages.,2006-01-01,2006-01-01,1_problem,1
230,West Islip Union Free School District,NCES-3630690,West Islip School District,Abolishment of Maintenance Mechanic III (Painter) position suggests painting or interior maintenance work may be declining or shifting.,2004-07-01,2004-07-01,1_problem,1
229,West Islip Union Free School District,NCES-3630690,West Islip School District,Abolishment of Maintenance Mechanic III (Painter) position indicates painting or interior work needs may be outsourced.,2004-07-01,2004-07-01,1_problem,1
353,West Islip Union Free School District,NCES-3630690,Bayview School,Building inspection conducted; report to be prepared for facilities management.,2003-11-01,2003-11-01,1_problem,1
352,West Islip Union Free School District,NCES-3630690,Bayview School,Building inspection conducted; report to be prepared.,2003-11-01,2003-11-01,1_problem,1
697,West Islip Union Free School District,NCES-3630690,All district buildings,Monthly building inspections planned for all district buildings.,2003-11-01,2003-11-01,1_problem,1
1003,Western Suffolk Boces,NCES-3680860,Wilson Tech Dix Hills Campus,Donated HVAC parts and equipment for student training program.,,,1_problem,1
1171,Western Suffolk Boces,NCES-3680860,BOCES facilities,Need for WSBOCES to rent additional classroom space to accommodate enrollment growth.,,,1_problem,1
1087,Western Suffolk Boces,NCES-3680860,Wilson Tech Dix Hills Campus,"HVAC program receiving donated boiler, manifold, pump, and water heater equipment for student use",,,1_problem,1
959,Western Suffolk Boces,NCES-3680860,Western Suffolk BOCES facilities,"Capital projects at various BOCES buildings and campuses focusing on safety, energy efficiency and code compliance.",,,1_problem,1
980,Western Suffolk Boces,NCES-3680860,Multiple buildings,Climate control systems in 55-year-old buildings identified as aged and requiring attention.,,,1_problem,1
1455,Western Suffolk Boces,NCES-3680860,James E. Allen Alternative Taukomas School,Water main break caused immediate danger to school building requiring emergency repairs.,,,1_problem,1
1162,Western Suffolk Boces,NCES-3680860,Western Suffolk BOCES facilities,Multiyear facilities plan requiring sustained capital investment and maintenance.,,,1_problem,1
1036,Western Suffolk Boces,NCES-3680860,"Forest Avenue School, Chestnut Hill School, Brennan High School","Enrollment in special education programs exceeds capacity of agency-owned schools, requiring lease of additional classroom space.",,,1_problem,1
1259,Western Suffolk Boces,NCES-3680860,Deer Park Elementary School,Renewal of lease space for BOCES instructional programs.,,,1_problem,1
444,West Islip Union Free School District,NCES-3630690,District-wide,District-wide construction projects under committee review.,2026-09-10,2026-09-10,2_study,1
597,West Islip Union Free School District,NCES-3630690,West Islip High School,High school pool construction project under committee review.,2026-09-10,2026-09-10,2_study,1
592,West Islip Union Free School District,NCES-3630690,West Islip High School,High school counseling department and main office renovation project under committee review.,2026-09-10,2026-09-10,2_study,1
1056,Western Suffolk Boces,NCES-3680860,Western Suffolk BOCES,Fire alarm upgrades across facilities.,2026-09-08,2026-09-08,2_study,1
1035,Western Suffolk Boces,NCES-3680860,North Babylon School District,Enrollment and facilities study to assess district needs and capacity.,2026-07-14,2026-07-14,2_study,1
1004,Western Suffolk Boces,NCES-3680860,Wilson Tech Dix Hills Campus,"Donation of HVAC equipment including boilers, piping, and water heaters for student program",2026-07-14,2026-07-14,2_study,1
167,Deer Park Union Free School District,NCES-3608880,JFK,"Sitework reconstruction with full depth asphalt pavement, curbing, sidewalk and storm drainage.",2026-06-17,2026-06-17,2_study,1
173,Deer Park Union Free School District,NCES-3608880,JFK,Vinyl asbestos floor tile removal and install new VCT flooring.,2026-06-17,2026-06-17,2_study,1
174,Deer Park Union Free School District,NCES-3608880,JFK,"Vinyl asbestos floor tile removal with new VCT installation and full depth asphalt pavement, curbing, sidewalk and storm drainage reconstruction.",2026-06-17,2026-06-17,2_study,1
214,Wainscott Common School District,NCES-3629760,Wainscott Common School,Flooring replacement project with cost estimation and competitive proposals being gathered.,2026-06-17,2026-06-17,2_study,1
605,West Islip Union Free School District,NCES-3630690,Bay Shore High School,High school pool renovation with minor setback and completion expected March 2027.,2026-06-04,2026-06-04,2_study,1
224,Wainscott Common School District,NCES-3629760,The Wainscott Common School,Window project requiring architectural and contractor evaluation.,2026-04-15,2026-04-15,2_study,1
18,Academy Charter School,NCES-3600997,Wyandanch,Space renovation with final approvals pending at acquired development location.,2026-04-01,2026-04-01,2_study,1
226,Wainscott Common School District,NCES-3629760,Wainscott Common School,Windows project under discussion and review.,2026-03-18,2026-03-18,2_study,1
223,Wainscott Common School District,NCES-3629760,Wainscott Common School,Window project assessment and planning in progress.,2026-03-18,2026-03-18,2_study,1
351,West Islip Union Free School District,NCES-3630690,District,Building heating systems reviewed by committee.,2026-03-04,2026-03-04,2_study,1
110,Commack Union Free School District,NCES-3608130,Commack Union Free School District,Smart Schools Bond Act technology and infrastructure update.,2026-02-12,2026-02-12,2_study,1
848,West Islip Union Free School District,NCES-3630690,District,Solar panel insurance claims being reviewed and managed.,2026-02-05,2026-02-05,2_study,1
750,West Islip Union Free School District,NCES-3630690,High School,Pool renovation project at the high school.,2026-02-05,2026-02-05,2_study,1
350,West Islip Union Free School District,NCES-3630690,District,Building heating systems review and assessment.,2026-02-05,2026-02-05,2_study,1
440,West Islip Union Free School District,NCES-3630690,District Office,District office flood repairs and restoration work.,2026-02-05,2026-02-05,2_study,1
10,Academy Charter School,NCES-3600997,Central Islip Regional High School,Expansion space finalized and approved at municipal level; applications submitted to NYSED.,2026-02-01,2026-02-01,2_study,1
17,Academy Charter School,NCES-3600997,Brentwood,Reconstruction plans submitted; demolition permit approved with final approvals pending.,2026-02-01,2026-02-01,2_study,1
225,Wainscott Common School District,NCES-3629760,Wainscott Common School,Window replacement requirements are being assessed and discussed.,2026-01-21,2026-01-21,2_study,1
898,Western Suffolk Boces,NCES-3680860,Multiple (District-wide),"72 capital projects in various stages of design, NYSED review, contracting, and construction.",2026-01-13,2026-01-13,2_study,1
4,Academy Charter School,NCES-3600997,Brentwood expansion,Charter School Growth Fund commitment to support Brentwood expansion and organizational capacity building.,2026-01-01,2026-01-01,2_study,1
108,Commack Union Free School District,NCES-3608130,Commack Union Free School District,Smart Schools Bond Act Preliminary Plan overview phase 3 approved for district facilities.,2025-12-18,2025-12-18,2_study,1
109,Commack Union Free School District,NCES-3608130,District-wide,Smart Schools Bond Act technology and infrastructure planning for schools.,2025-12-18,2025-12-18,2_study,1
743,West Islip Union Free School District,NCES-3630690,West Islip Union Free School District,Pool reconstruction and other construction projects under review by construction management and architectural firms.,2025-12-09,2025-12-09,2_study,1
11,Academy Charter School,NCES-3600997,Central Islip,Expansion space proposal evaluation for Central Islip charter school campus.,2025-12-01,2025-12-01,2_study,1
3,Academy Charter School,NCES-3600997,Wyandanch,Building procurement and negotiations for Wyandanch campus expansion space.,2025-12-01,2025-12-01,2_study,1
155,Deer Park Union Free School District,NCES-3608880,All buildings,New fiberoptics infrastructure being planned for all buildings.,2025-11-12,2025-11-12,2_study,1
639,West Islip Union Free School District,NCES-3630690,High School,Keyless lock system review with police department,2025-11-06,2025-11-06,2_study,1
19,Academy Charter School,NCES-3600997,Uniondale HS,Space retrofit for Adult Education CTE program launch including healthcare training offerings.,2025-11-01,2025-11-01,2_study,1
756,West Islip Union Free School District,NCES-3630690,All buildings,Preliminary quotes being gathered for gymnasium air conditioning units.,2025-10-21,2025-10-21,2_study,1
632,West Islip Union Free School District,NCES-3630690,West Islip schools (soccer fields),Irrigation systems planned for soccer club fields.,2025-10-21,2025-10-21,2_study,1
191,Sagaponack Common School District,NCES-3625410,,HVAC system quotes being discussed for the district.,2025-10-14,2025-10-14,2_study,1
162,Deer Park Union Free School District,NCES-3608880,unknown,Pre-K playground renovation or construction project.,2025-10-14,2025-10-14,2_study,1
168,Deer Park Union Free School District,NCES-3608880,JFK,Traffic study underway at JFK school to assess site access and circulation.,2025-10-14,2025-10-14,2_study,1
579,West Islip Union Free School District,NCES-3630690,All buildings,Getting preliminary quotes for gymnasium air conditioning units across all school buildings.,2025-10-09,2025-10-09,2_study,1
634,West Islip Union Free School District,NCES-3630690,District sites,Irrigation systems project for the soccer club fields.,2025-10-09,2025-10-09,2_study,1
234,West Islip Union Free School District,NCES-3630690,Gym,Air conditioning installation or upgrade for gymnasium.,2025-10-07,2025-10-07,2_study,1
2,Academy Charter School,NCES-3600997,Brentwood,Brentwood charter site planning underway with Charter School Growth Fund seed commitment.,2025-10-01,2025-10-01,2_study,1
116,Deer Park Union Free School District,NCES-3608880,Deer Park High School,Assess aging swimming pool and develop plan for reconstruction or replacement.,2025-09-30,2025-09-30,2_study,1
132,Deer Park Union Free School District,NCES-3608880,Deer Park High School,Develop a plan to address the aging and deteriorated swimming pool through reconstruction or replacement.,2025-09-30,2025-09-30,2_study,1
887,West Islip Union Free School District,NCES-3630690,Westbrook,Westbrook parking lot and sidewalks with additional parking spaces.,2025-09-25,2025-09-25,2_study,1
598,West Islip Union Free School District,NCES-3630690,High School,High School pool reconstruction with estimated completion in February 2027.,2025-09-25,2025-09-25,2_study,1
699,West Islip Union Free School District,NCES-3630690,Westbrook,Multi-person bathroom renovation.,2025-09-25,2025-09-25,2_study,1
533,West Islip Union Free School District,NCES-3630690,"High School, Beach Street and Paul J. Bellew",Fire alarm system replacements.,2025-09-25,2025-09-25,2_study,1
622,West Islip Union Free School District,NCES-3630690,Manetuck,Installation of gymnasium acoustics.,2025-09-25,2025-09-25,2_study,1
431,West Islip Union Free School District,NCES-3630690,Manetuck,Creation of playfield and gaga pit.,2025-09-25,2025-09-25,2_study,1
620,West Islip Union Free School District,NCES-3630690,"High School, Beach Street, Paul J Bellew",Installation of electronic locks and card access readers.,2025-09-25,2025-09-25,2_study,1
642,West Islip Union Free School District,NCES-3630690,"Beach Street, Udall Road and High Schools",Kitchen renovations at three school buildings.,2025-09-25,2025-09-25,2_study,1
868,West Islip Union Free School District,NCES-3630690,Beach Street and Udall Road Middle Schools,Track repair and renovation at two middle schools.,2012-05-01,2012-05-01,2_study,1
674,West Islip Union Free School District,NCES-3630690,Middle Schools,Locker room and bathroom renovation project.,2012-05-01,2012-05-01,2_study,1
547,West Islip Union Free School District,NCES-3630690,District-wide,Gas conversion project and associated rebates under review by Buildings and Grounds committee.,2012-04-01,2012-04-01,2_study,1
548,West Islip Union Free School District,NCES-3630690,District,Gas conversion project with associated utility rebates.,2012-04-01,2012-04-01,2_study,1
858,West Islip Union Free School District,NCES-3630690,,Summer construction work planning and bid process development.,2012-02-01,2012-02-01,2_study,1
857,West Islip Union Free School District,NCES-3630690,West Islip Public School District,Summer construction work and bid process discussed by Buildings and Grounds Committee.,2012-02-01,2012-02-01,2_study,1
648,West Islip Union Free School District,NCES-3630690,Barberry Athletic Fields,Landscaping screening and summer bond work planned for athletic fields near Barberry.,2012-01-01,2012-01-01,2_study,1
714,West Islip Union Free School District,NCES-3630690,elementary schools,Physical plant analysis conducted for all elementary schools,2012-01-01,2012-01-01,2_study,1
822,West Islip Union Free School District,NCES-3630690,Athletic fields near Barberry,Screening the athletic fields near Barberry with landscaping and summer bond work,2012-01-01,2012-01-01,2_study,1
236,West Islip Union Free School District,NCES-3630690,elementary schools,Analysis of physical plants for all elementary schools to inform school closure decisions.,2012-01-01,2012-01-01,2_study,1
475,West Islip Union Free School District,NCES-3630690,,Electrical repair and services bids rejected; specifications modified for re-advertisement,2011-06-01,2011-06-01,2_study,1
348,West Islip Union Free School District,NCES-3630690,district,Bond work performed in the district presented by School Construction Consultants and BBS Architects.,2011-02-01,2011-02-01,2_study,1
649,West Islip Union Free School District,NCES-3630690,new high school,Landscaping work around new high school turf field funded by brick campaign.,2009-09-01,2009-10-01,2_study,2
646,West Islip Union Free School District,NCES-3630690,new high school,Landscaping project around new high school turf field with brick campaign.,2009-10-01,2009-10-01,2_study,1
647,West Islip Union Free School District,NCES-3630690,High School,Landscaping project around new high school turf field with brick campaign fundraising.,2009-10-01,2009-10-01,2_study,1
274,West Islip Union Free School District,NCES-3630690,Bayview Elementary School,Bike path safety issues and parking lot changes affecting student access.,2009-10-01,2009-10-01,2_study,1
645,West Islip Union Free School District,NCES-3630690,new high school,Landscape work around new high school turf field funded by brick campaign.,2009-09-01,2009-09-01,2_study,1
789,West Islip Union Free School District,NCES-3630690,High School,Repairs of restrooms at the High School as part of the Bond Project.,2008-11-01,2008-11-01,2_study,2
821,West Islip Union Free School District,NCES-3630690,,School construction feasibility and planning discussion.,2008-10-01,2008-10-01,2_study,1
690,West Islip Union Free School District,NCES-3630690,unknown,Masera lease negotiations with BOCES under review by district attorney.,2008-03-01,2008-03-01,2_study,1
391,West Islip Union Free School District,NCES-3630690,,Clerk of the Works and Construction Manager positions being interviewed.,2008-02-01,2008-02-01,2_study,1
398,West Islip Union Free School District,NCES-3630690,,Construction management firms under consideration for bond projects.,2008-02-01,2008-02-01,2_study,1
248,West Islip Union Free School District,NCES-3630690,,Architectural firms selected for capital projects design and state approval process.,2008-01-01,2008-01-01,2_study,1
361,West Islip Union Free School District,NCES-3630690,,Capital project requiring architect interviews.,2008-01-01,2008-01-01,2_study,1
436,West Islip Union Free School District,NCES-3630690,,District evaluating architectural firms for capital projects through interview process.,2008-01-01,2008-01-01,2_study,1
362,West Islip Union Free School District,NCES-3630690,,Capital project requiring architect selection.,2008-01-01,2008-01-01,2_study,1
435,West Islip Union Free School District,NCES-3630690,,District evaluating architectural firms for capital projects.,2008-01-01,2008-01-01,2_study,1
280,West Islip Union Free School District,NCES-3630690,,Board discussed selection of an architect and received presentation from Cannon Design on architectural services.,2007-12-01,2007-12-01,2_study,1
279,West Islip Union Free School District,NCES-3630690,,Board discussed selection of an architect and received a presentation on architectural services.,2007-12-01,2007-12-01,2_study,1
653,West Islip Union Free School District,NCES-3630690,P.J. Bellew School,Leasehold space agreement with BOCES for use of school facility,2007-08-01,2007-08-01,2_study,1
689,West Islip Union Free School District,NCES-3630690,Masera Learning Center,Masera Learning Center project discussed by board.,2007-08-01,2007-08-01,2_study,1
246,West Islip Union Free School District,NCES-3630690,,Architect's contract for unspecified project or facility work.,2007-08-01,2007-08-01,2_study,1
589,West Islip Union Free School District,NCES-3630690,High School,"High school bleacher replacement, asbestos abatement, new press box and athletic storage sheds; SEQRA review approved.",2007-07-01,2007-07-01,2_study,1
757,West Islip Union Free School District,NCES-3630690,High School,"Press box construction, storage shed, bleacher replacement, and asbestos abatement.",2007-05-01,2007-05-01,2_study,1
758,West Islip Union Free School District,NCES-3630690,High School,"Press box construction, storage shed, bleacher replacement, and asbestos abatement at High School.",2007-05-01,2007-05-01,2_study,1
442,West Islip Union Free School District,NCES-3630690,district-wide,District-wide boiler replacement project,2007-04-01,2007-04-01,2_study,1
790,West Islip Union Free School District,NCES-3630690,district wide,Replace boilers across the district.,2007-04-01,2007-04-01,2_study,1
512,West Islip Union Free School District,NCES-3630690,,Energy Performance Contract RFP from Johnson Controls accepted for review.,2006-08-01,2006-08-01,2_study,1
509,West Islip Union Free School District,NCES-3630690,District Wide,Energy Performance Contract discussed with board; details to be determined.,2006-07-01,2006-07-01,2_study,1
508,West Islip Union Free School District,NCES-3630690,,Energy Performance Contract discussed by board with Mr. Koelbel answering questions.,2006-07-01,2006-07-01,2_study,1
389,West Islip Union Free School District,NCES-3630690,Closed Drainage,Cleaning of closed drainage system.,2006-02-01,2006-02-01,2_study,2
388,West Islip Union Free School District,NCES-3630690,,Child Safety Zone study completed to determine if area meets requirements.,2005-04-01,2005-04-01,2_study,1
387,West Islip Union Free School District,NCES-3630690,,Child Safety Zone study completed to assess area requirements.,2005-04-01,2005-04-01,2_study,1
539,West Islip Union Free School District,NCES-3630690,,Five-year facility plan presented to the board.,2004-12-01,2004-12-01,2_study,1
594,West Islip Union Free School District,NCES-3630690,High School,High school parking lot issue addressed through stipulation of agreement,2004-08-01,2004-08-01,2_study,1
698,West Islip Union Free School District,NCES-3630690,All buildings,Monthly building inspections to be conducted at board meetings.,2003-11-01,2003-11-01,2_study,1
913,Western Suffolk Boces,NCES-3680860,Northport campus,Air conditioning installation for Northport campus with rising costs and five-year timeline.,,,2_study,1
914,Western Suffolk Boces,NCES-3680860,JEA Melville,Air conditioning systems replacement at JEA Melville campus.,,,2_study,1
915,Western Suffolk Boces,NCES-3680860,Northport campus,Air conditioning units needed for Northport campus; project has been in planning for five years with rising costs.,,,2_study,1
916,Western Suffolk Boces,NCES-3680860,Western Suffolk BOCES,"Air quality project delayed due to supply chain issues, anticipated start late September.",,,2_study,1
1169,Western Suffolk Boces,NCES-3680860,Harborfields School Districts,Multi-year technology plan implementation with service agreements.,,,2_study,1
941,Western Suffolk Boces,NCES-3680860,JEA Dix Hills,Bathroom renovation at JEA Dix Hills.,,,2_study,1
1158,Western Suffolk Boces,NCES-3680860,,"Multiple capital projects in various stages of design, contracting, and construction across the BOCES organization.",,,2_study,1
670,West Islip Union Free School District,NCES-3630690,Library,Library building project with change orders processing,,,2_study,1
1091,Western Suffolk Boces,NCES-3680860,Western Suffolk BOCES facilities,"Improvements to classroom and rooftop HVAC units, flooring replacement and bathroom renovations.",,,2_study,1
1112,Western Suffolk Boces,NCES-3680860,Administration,Interior light replacement at Administration building.,,,2_study,1
1116,Western Suffolk Boces,NCES-3680860,,"Job order contracting services for installation, maintenance and repair work.",,,2_study,1
1477,Western Suffolk Boces,NCES-3680860,WT Huntington,Woodshop exhaust renovation at WT Huntington.,,,2_study,1
177,Mount Sinai Union Free School District,NCES-3620040,Mount Sinai Union Free School District,Board met with architectural firm to review building needs and prioritize potential projects for coming years.,,,2_study,1
1474,Western Suffolk Boces,NCES-3680860,Multiple BOCES campuses,"Window replacements, electrical panel upgrades, fire alarm work, rooftop HVAC units, paving at two campuses, and renovations.",,,2_study,1
1470,Western Suffolk Boces,NCES-3680860,WT Dix Hills,Window replacement project requiring environmental review.,,,2_study,1
1469,Western Suffolk Boces,NCES-3680860,WT Dix Hills,Window replacement project for WT Dix Hills facility.,,,2_study,1
1452,Western Suffolk Boces,NCES-3680860,District-wide,Ventilation system units delivery and installation district-wide.,,,2_study,1
187,Sagaponack Common School District,NCES-3625410,Sagaponack School,"District-wide school safety plan development with emergency response protocols, security measures, and trauma-informed drills.",,,2_study,1
896,Western Suffolk Boces,NCES-3680860,WS BOCES,19 projects in design phase with four awaiting NYSED approval.,,,2_study,1
897,Western Suffolk Boces,NCES-3680860,,52 capital projects tracked with 14 in design stage and 8 awaiting SED approval,,,2_study,1
1408,Western Suffolk Boces,NCES-3680860,,"Technology equipment acquisition for Harborfields, Northport-E, and South Huntington schools.",,,2_study,1
1406,Western Suffolk Boces,NCES-3680860,District Wide,Study and review of energy usage and savings across the district.,,,2_study,1
903,Western Suffolk Boces,NCES-3680860,JEA Dix Hills,A/C main panel controls retro-commissioning project requiring environmental review.,,,2_study,2
195,Sagaponack Common School District,NCES-3625410,Sagaponack School,Lead testing and remedial action plan for drinking water system compliance.,,,2_study,1
1404,Western Suffolk Boces,NCES-3680860,District Wide,Status update on capital projects across multiple stages of completion and development.,,,2_study,1
1375,Western Suffolk Boces,NCES-3680860,Taukomas,Roof replacement identified as capital project; funding redirected to Caleb Smith renovations.,,,2_study,1
1368,Western Suffolk Boces,NCES-3680860,Administration,Roof replacement at Administration building.,,,2_study,1
1363,Western Suffolk Boces,NCES-3680860,Multiple Western Suffolk BOCES schools,Review and update of districtwide safety plan and individual school emergency response plans.,,,2_study,1
1324,Western Suffolk Boces,NCES-3680860,WT Dix Hills,Replacement of PA system.,,,2_study,1
1321,Western Suffolk Boces,NCES-3680860,WT Northport,Replacement of electrical distribution shop.,,,2_study,1
1241,Western Suffolk Boces,NCES-3680860,,"Portfolio of 72 capital projects in various stages: 21 in design, 21 in contracting, 28 in progress or scheduled, 1 completed.",,,2_study,1
1236,Western Suffolk Boces,NCES-3680860,JEA Mel,Playground replacement.,,,2_study,1
1129,Western Suffolk Boces,NCES-3680860,Deer Park school (elementary program) and Half Hollow Hills school,Lease of additional space for elementary program in Deer Park school and additional space in Half Hollow Hills school.,,,2_study,1
1042,Western Suffolk Boces,NCES-3680860,Caleb Smith,Expand program with prefab building and indoor air quality improvements; brick project completed.,,,2_study,1
1053,Western Suffolk Boces,NCES-3680860,"WT Dix Hills Bldg A, WT Dix Hills Bldg B, WT Dix Hills Bldg C, WT Dix Hills Bldg D, WT Dix Hills Bldg E, WT Northport, WT Republic, WT Huntington, JEA Dix Hills, JEA Melville, Taukomas, Brennan",Fire alarm system upgrades at multiple BOCES buildings.,,,2_study,1
1057,Western Suffolk Boces,NCES-3680860,,"Five-year capital projects plan updated with 43 ongoing projects; review of kitchen, parking lot, and roof considerations.",,,2_study,1
1092,Western Suffolk Boces,NCES-3680860,Western Suffolk BOCES facilities,"Improvements to classroom and rooftop HVAC units, flooring replacement and bathroom renovations planned for capital projects.",,,2_study,1
955,Western Suffolk Boces,NCES-3680860,,"Capital project portfolio status tracking with 64 total projects across design, approval, and construction phases.",,,2_study,1
1155,Western Suffolk Boces,NCES-3680860,Western Suffolk BOCES,Multiple capital projects in design and execution phases across the district.,,,2_study,1
960,Western Suffolk Boces,NCES-3680860,,"Capital projects at various stages including six in design, seven in bid process, remainder completed",,,2_study,1
1154,Western Suffolk Boces,NCES-3680860,BOCES facilities (multiple campuses),"Multiple capital projects including window replacements, electrical panel upgrades, fire alarm upgrades, rooftop HVAC work, paving at two campuses, and renovations.",,,2_study,1
1148,Western Suffolk Boces,NCES-3680860,"WT Dix Hills, JEA Dix Hills, Central Administration, WT Republic, Taukomas, WT Northport, JEA Melville, M&O Facility, WT Huntington, Brennan, Caleb Smith OLL, Sunken Meadow OLL",Multiple capital projects across district facilities requiring SEQRA environmental review designating BOCES as lead agency.,,,2_study,1
968,Western Suffolk Boces,NCES-3680860,,Capital projects in design phase; 38 projects active.,,,2_study,1
970,Western Suffolk Boces,NCES-3680860,Multiple (28 in design phase),"Capital projects in various stages: 28 projects in design, 3 at NYSED, 6 in contracting, 10 completed.",,,2_study,1
971,Western Suffolk Boces,NCES-3680860,,"Capital projects status update: 52 projects total, 14 in design stage, 8 pending SED approval.",,,2_study,1
972,Western Suffolk Boces,NCES-3680860,Western Suffolk BOCES,"Capital projects status update with 56 projects across design, contracting, and construction phases.",,,2_study,1
987,Western Suffolk Boces,NCES-3680860,Mount Vernon School District,"Consultant services to compile demographic, enrollment and facilities data for planning purposes.",,,2_study,1
998,Western Suffolk Boces,NCES-3680860,Western Suffolk BOCES (district-wide),"District managing 70 capital projects across multiple phases: 11 in design, 19 in contracting, 25 scheduled for work, 12 completed.",,,2_study,1
999,Western Suffolk Boces,NCES-3680860,"Multiple facilities: WT Dix Hills, JEA Dix Hills, Central Administration, WT Republic, Taukomas, WT Northport, JEA Melville, M&O Facility, WT Huntington, Brennan, Caleb Smith OLL, Sunken Meadow OLL","District-wide capital projects including electrical, HVAC, roofing, windows, paving, and interior work at multiple facilities.",,,2_study,1
1000,Western Suffolk Boces,NCES-3680860,Multiple BOCES schools,District-wide safety plan review and updates to align with NYSED and NYS Police recommendations.,,,2_study,1
1015,Western Suffolk Boces,NCES-3680860,JEA Dix Hills,Electrical distribution panel replacement project requiring environmental review.,,,2_study,2
1039,Western Suffolk Boces,NCES-3680860,Wilson Tech campuses,"Evaluate curriculum requirements for creating new construction trades courses combining carpentry, construction electricity, and HVAC.",,,2_study,1
1041,Western Suffolk Boces,NCES-3680860,Caleb Smith,Expand program with prefab building and indoor air quality improvements.,,,2_study,1
1133,Western Suffolk Boces,NCES-3680860,,LED lighting evaluation for capital projects under review.,,,2_study,1
1132,Western Suffolk Boces,NCES-3680860,West Babylon UFSD school,Lease of school space to accommodate special education enrollment growth.,,,2_study,1
1402,Western Suffolk Boces,NCES-3680860,Western Suffolk BOCES,Standardization of window screens across facilities.,2026-09-08,2026-09-08,3_funding,1
153,Deer Park Union Free School District,NCES-3608880,Deer Park Union Free School District,Lease equipment including five 2027 IC 64-passenger diesel buses and other equipment.,2026-09-08,2026-09-08,3_funding,1
1403,Western Suffolk Boces,NCES-3680860,"Western Suffolk BOCES (multiple: Wilson Tech Northport, Wilson Tech Huntington, Wilson Tech Dix Hills)",Standardization of window screens and insect screens throughout the agency.,2026-09-08,2026-09-08,3_funding,1
886,West Islip Union Free School District,NCES-3630690,West Islip UFSD,Water authority payment for grounds maintenance and upkeep.,2026-08-25,2026-08-25,3_funding,1
213,Wainscott Common School District,NCES-3629760,Wainscott Common School (both buildings),Cellular communication system for fire and security for both buildings with single vendor consolidation.,2026-07-15,2026-07-15,3_funding,1
1432,Western Suffolk Boces,NCES-3680860,WT Dix Hills Bldg D,Upgrade fire alarm system at WT Dix Hills Building D.,2026-07-14,2026-07-14,3_funding,1
909,Western Suffolk Boces,NCES-3680860,JEA Melville,A/C systems replacement with funding approved.,2026-07-14,2026-07-14,3_funding,1
953,Western Suffolk Boces,NCES-3680860,OLL-Caleb Smith,Caleb Smith renovation project with funding approved.,2026-07-14,2026-07-14,3_funding,1
1055,Western Suffolk Boces,NCES-3680860,WT Dix Hill Building A,Fire alarm system upgrades with funding approved.,2026-07-14,2026-07-14,3_funding,12
1260,Western Suffolk Boces,NCES-3680860,OLL Caleb Smith,Renovation project at Caleb Smith facility.,2026-07-14,2026-07-14,3_funding,2
1280,Western Suffolk Boces,NCES-3680860,JEA Melville,Replace A/C systems at JEA Melville facility.,2026-07-14,2026-07-14,3_funding,1
1425,Western Suffolk Boces,NCES-3680860,Brennan,Upgrade fire alarm system at Brennan.,2026-07-14,2026-07-14,3_funding,1
1426,Western Suffolk Boces,NCES-3680860,JEA Dix Hills,Upgrade fire alarm system at JEA Dix Hills.,2026-07-14,2026-07-14,3_funding,1
1427,Western Suffolk Boces,NCES-3680860,JEA Melville,Upgrade fire alarm system at JEA Melville.,2026-07-14,2026-07-14,3_funding,1
1428,Western Suffolk Boces,NCES-3680860,Taukomas,Upgrade fire alarm system at Taukomas.,2026-07-14,2026-07-14,3_funding,1
1429,Western Suffolk Boces,NCES-3680860,WT Dix Hills Bldg A,Upgrade fire alarm system at WT Dix Hills Building A.,2026-07-14,2026-07-14,3_funding,1
1430,Western Suffolk Boces,NCES-3680860,WT Dix Hills Bldg B,Upgrade fire alarm system at WT Dix Hills Building B.,2026-07-14,2026-07-14,3_funding,1
1431,Western Suffolk Boces,NCES-3680860,WT Dix Hills Bldg C,Upgrade fire alarm system at WT Dix Hills Building C.,2026-07-14,2026-07-14,3_funding,1
1433,Western Suffolk Boces,NCES-3680860,WT Dix Hills Bldg E,Upgrade fire alarm system at WT Dix Hills Building E.,2026-07-14,2026-07-14,3_funding,1
1434,Western Suffolk Boces,NCES-3680860,WT Huntington,Upgrade fire alarm system at WT Huntington.,2026-07-14,2026-07-14,3_funding,1
1435,Western Suffolk Boces,NCES-3680860,WT Northport,Upgrade fire alarm system at WT Northport.,2026-07-14,2026-07-14,3_funding,1
1436,Western Suffolk Boces,NCES-3680860,WT Republic,Upgrade fire alarm system at WT Republic.,2026-07-14,2026-07-14,3_funding,1
794,West Islip Union Free School District,NCES-3630690,"Udall Road Middle School, Bayview Elementary School, Manetuck Elementary School, Oguenock Elementary School",Replacement and upgrade of fire alarm systems including all associated devices and controls at four schools.,2026-06-16,2026-06-16,3_funding,1
797,West Islip Union Free School District,NCES-3630690,Manetuck Elementary School,Replacement of existing fire alarm system with new modern fire alarm system including all devices and controls.,2026-06-04,2026-06-04,3_funding,2
535,West Islip Union Free School District,NCES-3630690,,Fire alarm systems require SEQRA approval.,2026-06-04,2026-06-04,3_funding,1
796,West Islip Union Free School District,NCES-3630690,Oquenock Elementary School,Replacement of existing fire alarm system and upgrade to new modern fire alarm system with all associated devices and controls.,2026-06-04,2026-06-04,3_funding,2
793,West Islip Union Free School District,NCES-3630690,Udall Road Middle School,Replacement and upgrade of existing fire alarm system with new modern system and associated devices.,2026-06-04,2026-06-04,3_funding,2
795,West Islip Union Free School District,NCES-3630690,Udall Road Middle School,Replacement and upgrade of fire alarm system with all associated devices and controls.,2026-06-04,2026-06-04,3_funding,2
703,West Islip Union Free School District,NCES-3630690,,Multi-year networked copier service agreement for 2026-2029.,2026-06-02,2026-06-02,3_funding,1
150,Deer Park Union Free School District,NCES-3608880,,Kitchen equipment repair and HVAC service bid renewal contract.,2026-05-28,2026-05-28,3_funding,1
208,Sagaponack Common School District,NCES-3625410,Sagaponack Common School District,"Summer building projects including re-shingling and painting playground side, painting garbage bins, screening floors, and interior touch-ups.",2026-05-11,2026-05-11,3_funding,1
238,West Islip Union Free School District,NCES-3630690,,Approval of electrical repair and services bid contract for 2026-2027.,2026-05-07,2026-05-07,3_funding,1
239,West Islip Union Free School District,NCES-3630690,,Approval of elevator maintenance and service bid contract for 2026-2027.,2026-05-07,2026-05-07,3_funding,1
242,West Islip Union Free School District,NCES-3630690,,Approval of tree pruning and care services bid contract for 2026-2027.,2026-05-07,2026-05-07,3_funding,1
240,West Islip Union Free School District,NCES-3630690,,Approval of gate and chain link fence services bid contract for 2026-2027.,2026-05-07,2026-05-07,3_funding,1
241,West Islip Union Free School District,NCES-3630690,,Approval of pneumatic system maintenance service bid contract for 2026-2027.,2026-05-07,2026-05-07,3_funding,1
106,Commack Union Free School District,NCES-3608130,Burr and Sawmill Playgrounds,Playground improvements at Burr and Sawmill sites using surplus transfer to capital projects.,2026-05-07,2026-05-07,3_funding,1
216,Wainscott Common School District,NCES-3629760,Wainscott Common School,Intermunicipal custodial services agreement with East Hampton Union Free School District.,2026-05-06,2026-05-06,3_funding,1
217,Wainscott Common School District,NCES-3629760,Wainscott Common School,Intermunicipal maintenance and painting services agreement with East Hampton Union Free School District.,2026-05-06,2026-05-06,3_funding,1
1382,Western Suffolk Boces,NCES-3680860,WT Dix Hills,Roof top unit replacement at WT Dix Hills facility with additional funding for previously approved project.,2026-04-14,2026-04-14,3_funding,1
870,West Islip Union Free School District,NCES-3630690,High School,Traditional air conditioning bid extension for high school.,2026-03-24,2026-03-24,3_funding,1
94,Commack Union Free School District,NCES-3608130,District-wide,"District-wide capital improvements including roofing, mechanical/HVAC, playgrounds, instructional spaces, site work, and Marion Carl Farm maintenance.",2026-03-12,2026-03-12,3_funding,1
101,Commack Union Free School District,NCES-3608130,District-wide,"Piggybacking on Bay Shore UFSD contract with Renu Contracting for general building maintenance, construction, reconstruction, and demolition.",2026-03-12,2026-03-12,3_funding,1
626,West Islip Union Free School District,NCES-3630690,"West Islip High School, Beach Street Middle School, Udall Road Middle School, elementary schools","Install magnetic door holders at high school, electronic locks and card access at middle schools, and replace building fire alarms at elementary schools.",2026-03-12,2026-03-12,3_funding,1
196,Sagaponack Common School District,NCES-3625410,,Long Springs irrigation contract renewal for 2026.,2026-03-10,2026-03-10,3_funding,1
364,West Islip Union Free School District,NCES-3630690,,Capital reserve funding proposition under discussion.,2026-03-10,2026-03-10,3_funding,1
963,Western Suffolk Boces,NCES-3680860,,Capital projects for 2025-26 fiscal year requiring board approval.,2026-03-10,2026-03-10,3_funding,1
204,Sagaponack Common School District,NCES-3625410,,Shingle painting work with quote approval.,2026-03-10,2026-03-10,3_funding,1
205,Sagaponack Common School District,NCES-3625410,,Shingle siding work with quote approval.,2026-03-10,2026-03-10,3_funding,1
202,Sagaponack Common School District,NCES-3625410,,Replacement of outside bulletin board with new graphics.,2026-03-10,2026-03-10,3_funding,1
702,West Islip Union Free School District,NCES-3630690,West Islip Union Free School District,"Multi-year acquisition of Chromebooks, cases, and education software for classroom use across the district.",2026-03-04,2026-03-04,3_funding,1
268,West Islip Union Free School District,NCES-3630690,"Udall, Kirdahy, Westbrook, Beach",Auditorium and ceiling lights project funded through interfund transfer allocation.,2026-02-05,2026-02-05,3_funding,1
7,Academy Charter School,NCES-3600997,Brentwood Elementary School and Brentwood Middle School,"Construction of new school building at 100 Pine Aire Drive, Bayshore, New York for Brentwood Elementary and Middle Schools.",2026-02-01,2026-02-01,3_funding,1
769,West Islip Union Free School District,NCES-3630690,District-wide,Purchase of a rack truck with plow for district maintenance and snow removal operations.,2026-01-20,2026-01-20,3_funding,1
768,West Islip Union Free School District,NCES-3630690,District maintenance and operations,Purchase of a rack truck with plow for district maintenance and snow operations.,2026-01-20,2026-01-20,3_funding,1
1209,Western Suffolk Boces,NCES-3680860,,"Participation in cooperative bid program for skilled trades, maintenance services, athletic reconditioning, compliance and school-based services.",2026-01-13,2026-01-13,3_funding,1
1213,Western Suffolk Boces,NCES-3680860,,"Participation in NY/Island Cooperative Bid Program for skilled trades, maintenance services, and related school-based services.",2026-01-13,2026-01-13,3_funding,1
5,Academy Charter School,NCES-3600997,Brentwood expansion,Charter School Growth Fund received to support Brentwood expansion and organizational capacity building.,2026-01-01,2026-01-01,3_funding,1
8,Academy Charter School,NCES-3600997,Hempstead Upper Elementary & Middle School,Construction project completion with traffic studies and planning board approvals.,2025-12-01,2025-12-01,3_funding,1
98,Commack Union Free School District,NCES-3608130,CHS (Central High School),Mock Trial Courtroom project from 2019 Bond Program requesting NYSED financial information revision.,2025-11-20,2025-11-20,3_funding,1
103,Commack Union Free School District,NCES-3608130,"Indian Hollow, North Ridge, Rolling Hills, Sawmill, Burr, Sagtikos, Smith's Lane, Long Acres, Wood Park",Piped heating and cooling distribution replacements at nine schools as part of 2025-2026 Capital Improvement Program.,2025-11-20,2025-11-20,3_funding,1
1207,Western Suffolk Boces,NCES-3680860,,Participation in cooperative bid program for skilled trades and maintenance services.,2025-11-12,2025-11-12,3_funding,2
1217,Western Suffolk Boces,NCES-3680860,,"Participation in Sourcewell RFP for garage, fleet maintenance equipment and vehicle lifts.",2025-11-12,2025-11-12,3_funding,1
560,West Islip Union Free School District,NCES-3630690,High School,Gazebo construction in high school courtyard with budget transfer.,2025-11-06,2025-11-06,3_funding,1
534,West Islip Union Free School District,NCES-3630690,Beach Street,Fire alarm system replacement with architect fees being managed under capital reserve.,2025-11-06,2025-11-06,3_funding,1
452,West Islip Union Free School District,NCES-3630690,Udall,Door repairs project with architect oversight and budget allocation.,2025-11-06,2025-11-06,3_funding,1
199,Sagaponack Common School District,NCES-3625410,Sagaponack Common School District,Replace air conditioning unit with new HVAC system.,2025-10-14,2025-10-14,3_funding,1
140,Deer Park Union Free School District,NCES-3608880,unknown,Grant funding being pursued for pool project.,2025-10-14,2025-10-14,3_funding,1
200,Sagaponack Common School District,NCES-3625410,Sagaponack Common School District,Replacement air conditioning unit for the school.,2025-10-14,2025-10-14,3_funding,1
764,West Islip Union Free School District,NCES-3630690,West Islip High School,Purchase and installation of a gazebo for the school courtyard.,2025-10-09,2025-10-09,3_funding,1
621,West Islip Union Free School District,NCES-3630690,West Islip High School,Installation of gazebo for high school courtyard,2025-09-25,2025-09-25,3_funding,1
763,West Islip Union Free School District,NCES-3630690,West Islip High School,Purchase and installation of a gazebo for the courtyard.,2025-09-25,2025-09-25,3_funding,1
593,West Islip Union Free School District,NCES-3630690,High School Gymnasium,High school gymnasium scoreboard.,2012-06-01,2012-06-01,3_funding,1
807,West Islip Union Free School District,NCES-3630690,District-wide,Roof repair service bid extension.,2012-05-01,2012-05-01,3_funding,1
553,West Islip Union Free School District,NCES-3630690,District-wide,Gates and chain link fencing bid extension.,2012-05-01,2012-05-01,3_funding,1
286,West Islip Union Free School District,NCES-3630690,District-wide,Boiler and breeching cleaning service bid extension.,2012-05-01,2012-05-01,3_funding,1
586,West Islip Union Free School District,NCES-3630690,District-wide,"Heating, ventilation and air conditioning service contract bid extension.",2012-05-01,2012-05-01,3_funding,1
473,West Islip Union Free School District,NCES-3630690,District-wide,Electrical repair and services bid extension.,2012-05-01,2012-05-01,3_funding,1
360,West Islip Union Free School District,NCES-3630690,West Islip Public School District,Capital improvements construction management services for summer construction work.,2012-02-01,2012-02-01,3_funding,1
877,West Islip Union Free School District,NCES-3630690,,Turf field lighting installation funded by donations from soccer and football clubs.,2011-09-01,2011-09-01,3_funding,1
627,West Islip Union Free School District,NCES-3630690,,Inter-municipal agreement for natural gas service with Suffolk County.,2011-08-01,2011-08-01,3_funding,1
628,West Islip Union Free School District,NCES-3630690,West Islip athletic fields,Irrigation and grading of West Islip's athletic fields.,2011-08-01,2011-08-01,3_funding,1
302,West Islip Union Free School District,NCES-3630690,,Boiler maintenance service contract awarded,2011-06-01,2011-06-01,3_funding,1
582,West Islip Union Free School District,NCES-3630690,,"Heating, ventilation and air conditioning service contract awarded",2011-06-01,2011-06-01,3_funding,1
284,West Islip Union Free School District,NCES-3630690,,Boiler and breeching cleaning service awarded,2011-06-01,2011-06-01,3_funding,1
559,West Islip Union Free School District,NCES-3630690,,Gates and chain link fencing service contract awarded,2011-06-01,2011-06-01,3_funding,1
812,West Islip Union Free School District,NCES-3630690,,Roof repairs service contract awarded,2011-06-01,2011-06-01,3_funding,1
270,West Islip Union Free School District,NCES-3630690,District facilities (unspecified),Bathroom and locker room renovations and athletic storage shed installation.,2011-02-01,2011-02-01,3_funding,2
510,West Islip Union Free School District,NCES-3630690,,Energy performance contract financing approved by board resolution.,2010-08-01,2010-08-01,3_funding,1
393,West Islip Union Free School District,NCES-3630690,Higbie Lane,Community Pavilion fundraising approval.,2010-07-01,2010-07-01,3_funding,1
818,West Islip Union Free School District,NCES-3630690,,School Construction Consultants contract approved by board.,2009-10-01,2009-10-01,3_funding,1
785,West Islip Union Free School District,NCES-3630690,West Islip High School,Remove and replace the high jump structure.,2009-08-01,2009-08-01,3_funding,1
784,West Islip Union Free School District,NCES-3630690,West Islip High School,Remove and replace the high jump at the athletic field.,2009-08-01,2009-08-01,3_funding,1
341,West Islip Union Free School District,NCES-3630690,,Bond project oversight and advisory activities.,2009-07-01,2009-07-01,3_funding,1
449,West Islip Union Free School District,NCES-3630690,,Donation of benches and bleachers for athletic facilities from West Islip Soccer Club.,2009-06-01,2009-06-01,3_funding,1
450,West Islip Union Free School District,NCES-3630690,,Donation of portable outside fence for athletic facilities from West Islip Softball Club and David Cone Foundation.,2009-06-01,2009-06-01,3_funding,1
399,West Islip Union Free School District,NCES-3630690,,Construction management services agreement approval being considered.,2009-05-01,2009-05-01,3_funding,1
400,West Islip Union Free School District,NCES-3630690,,Construction management services agreement under board consideration.,2009-05-01,2009-05-01,3_funding,1
330,West Islip Union Free School District,NCES-3630690,,Bond issue projects requiring State Education Department approval.,2008-10-01,2008-10-01,3_funding,1
331,West Islip Union Free School District,NCES-3630690,,Bond issue projects submitted to State Education Department for approval.,2008-10-01,2008-10-01,3_funding,1
654,West Islip Union Free School District,NCES-3630690,,Lease negotiation and legal review for Masera property,2008-03-01,2008-03-01,3_funding,1
342,West Islip Union Free School District,NCES-3630690,,Bond projects for the school district with architect oversight,2008-02-01,2008-02-01,3_funding,1
343,West Islip Union Free School District,NCES-3630690,,Bond projects requiring architectural services.,2008-02-01,2008-02-01,3_funding,1
363,West Islip Union Free School District,NCES-3630690,,Capital projects require 26-week state approval process to maximize state aid.,2008-01-01,2008-01-01,3_funding,1
347,West Islip Union Free School District,NCES-3630690,,"Bond resolution to borrow up to $18.35 million for capital projects, tabled pending bond counsel consultation.",2007-10-01,2007-10-01,3_funding,1
345,West Islip Union Free School District,NCES-3630690,,"Bond resolution authorized to borrow up to $18,350,000 for capital projects.",2007-10-01,2007-10-01,3_funding,1
346,West Islip Union Free School District,NCES-3630690,,Bond resolution to borrow up to $18.35 million for capital projects.,2007-10-01,2007-10-01,3_funding,1
513,West Islip Union Free School District,NCES-3630690,,Energy Performance contract with Johnson Controls approved with architect services.,2007-09-01,2007-09-01,3_funding,1
514,West Islip Union Free School District,NCES-3630690,,Energy Performance contract with Johnson Controls for district-wide energy improvements and services.,2007-09-01,2007-09-01,3_funding,1
561,West Islip Union Free School District,NCES-3630690,,General capital improvements and facilities projects to be funded by bond.,2007-08-01,2007-08-01,3_funding,1
652,West Islip Union Free School District,NCES-3630690,,Leasehold space agreement with BOCES for P.J. Bellew School.,2007-08-01,2007-08-01,3_funding,1
443,West Islip Union Free School District,NCES-3630690,,District-wide capital project or projects funded by bond.,2007-08-01,2007-08-01,3_funding,1
588,West Islip Union Free School District,NCES-3630690,High School,"High school bleacher replacement, asbestos abatement, new press box and athletic storage sheds.",2007-07-01,2007-07-01,3_funding,1
507,West Islip Union Free School District,NCES-3630690,,Energy Performance contract approved with SEQRA Negative Declaration.,2007-05-01,2007-05-01,3_funding,1
515,West Islip Union Free School District,NCES-3630690,District-wide,Energy Performance Contract with SEQRA Negative Declaration approval.,2007-05-01,2007-05-01,3_funding,1
511,West Islip Union Free School District,NCES-3630690,,Energy performance contract proposal accepted from Johnson Controls.,2006-08-01,2006-08-01,3_funding,1
447,West Islip Union Free School District,NCES-3630690,District Wide,District-wide telephone system installation approved for SEQRA environmental review.,2006-07-01,2006-07-01,3_funding,1
448,West Islip Union Free School District,NCES-3630690,District Wide,District-wide telephone system installation with environmental review completed.,2006-07-01,2006-07-01,3_funding,1
446,West Islip Union Free School District,NCES-3630690,District Wide,District-wide telephone system installation approved for environmental review.,2006-07-01,2006-07-01,3_funding,1
356,West Islip Union Free School District,NCES-3630690,Udall Road MS and High School,Building project and capital improvement program at Udall Road Middle School and High School.,2006-02-01,2006-02-01,3_funding,1
355,West Islip Union Free School District,NCES-3630690,Udall Road MS and High School,Building project and capital improvement program at two schools.,2006-02-01,2006-02-01,3_funding,1
786,West Islip Union Free School District,NCES-3630690,high school,"Renovate football field, track, bleachers and install artificial turf.",2005-12-01,2005-12-01,3_funding,2
668,West Islip Union Free School District,NCES-3630690,library,Library bond work funded from district bond refinancing savings.,2005-03-01,2005-03-01,3_funding,1
669,West Islip Union Free School District,NCES-3630690,Library,Library bond work funded through district bond refinancing savings.,2005-03-01,2005-03-01,3_funding,1
788,West Islip Union Free School District,NCES-3630690,High School,Renovation of high school track with SEQRA environmental review completed.,2004-10-01,2004-10-01,3_funding,1
787,West Islip Union Free School District,NCES-3630690,High School,Renovation of high school track.,2004-10-01,2004-10-01,3_funding,1
595,West Islip Union Free School District,NCES-3630690,High School,High school parking lot stipulation agreement authorized.,2004-08-01,2004-08-01,3_funding,1
656,West Islip Union Free School District,NCES-3630690,West Islip Library,"Library bond account warrant approved for payment, indicating bond-funded construction or renovation project.",2004-07-01,2004-07-01,3_funding,1
655,West Islip Union Free School District,NCES-3630690,West Islip Library,Library bond account warrant approval indicates bond-funded construction or renovation project.,2004-07-01,2004-07-01,3_funding,1
276,West Islip Union Free School District,NCES-3630690,Bayview,Blacktop playground area improvement.,2004-06-01,2004-06-01,3_funding,1
275,West Islip Union Free School District,NCES-3630690,Bayview,Blacktop playground area construction or renovation.,2004-06-01,2004-06-01,3_funding,1
772,West Islip Union Free School District,NCES-3630690,,Purchase of trees and shrubs for landscaping.,2004-05-01,2004-05-01,3_funding,2
774,West Islip Union Free School District,NCES-3630690,,Purchase of trees and shrubs for landscaping at Captree school.,2004-05-01,2004-05-01,3_funding,1
773,West Islip Union Free School District,NCES-3630690,,Purchase of trees and shrubs for landscaping at Bayview school.,2004-05-01,2004-05-01,3_funding,1
779,West Islip Union Free School District,NCES-3630690,Oquenock School,Refurbishment of two athletic fields.,2004-04-01,2004-04-01,3_funding,1
780,West Islip Union Free School District,NCES-3630690,Oquenock School,Refurbishment of two athletic fields at Oquenock School.,2004-04-01,2004-04-01,3_funding,1
251,West Islip Union Free School District,NCES-3630690,Beach and Bellew,Asbestos abatement at Beach and Bellew schools,2003-10-01,2003-10-01,3_funding,2
1478,Western Suffolk Boces,NCES-3680860,Western Suffolk BOCES campuses,Work on rooftop HVAC units.,,,3_funding,1
178,Mount Sinai Union Free School District,NCES-3620040,"Mount Sinai High School, Mount Sinai Middle School, Mount Sinai Elementary School","Building improvement projects including roof replacement, pipe valve replacement, water heater replacement, ADA bathroom installation, and hot water tank replacement.",,,3_funding,1
180,Mount Sinai Union Free School District,NCES-3620040,Mount Sinai Union Free School District,School building improvement projects including site work and renovation or replacement work.,,,3_funding,1
900,Western Suffolk Boces,NCES-3680860,JEA Dix Hills,A/C main panel controls retro-commissioning.,,,3_funding,2
901,Western Suffolk Boces,NCES-3680860,JEA Dix Hills,A/C main panel controls retro-commissioning at JEA Dix Hills.,,,3_funding,1
902,Western Suffolk Boces,NCES-3680860,JEA Melville,A/C main panel controls retro-commissioning at JEA Melville.,,,3_funding,1
904,Western Suffolk Boces,NCES-3680860,N Babylon Technology Project,Acquisition of computer equipment financed through equipment lease purchase agreement,,,3_funding,8
905,Western Suffolk Boces,NCES-3680860,JEA Dix Hills,A/C systems replacement,,,3_funding,1
906,Western Suffolk Boces,NCES-3680860,JEA Dix Hills,A/C systems replacement.,,,3_funding,1
907,Western Suffolk Boces,NCES-3680860,JEA Melville,A/C systems replacement at JEA Melville.,,,3_funding,1
908,Western Suffolk Boces,NCES-3680860,WT Northport,A/C systems replacement at WT Northport.,,,3_funding,1
911,Western Suffolk Boces,NCES-3680860,,Advance authorization for purchase orders for equipment and supplies including HVAC,,,3_funding,1
912,Western Suffolk Boces,NCES-3680860,,"Advance issuance of purchase orders for HVAC equipment and supplies, electrical equipment, custodial equipment, and building materials.",,,3_funding,1
917,Western Suffolk Boces,NCES-3680860,Republic Airport,Alterations required for CTE expansion,,,3_funding,1
918,Western Suffolk Boces,NCES-3680860,,Asbestos and environmental abatement project.,,,3_funding,1
923,Western Suffolk Boces,NCES-3680860,WT Dix Hills,Asphalt replacement at WT Dix Hills.,,,3_funding,1
924,Western Suffolk Boces,NCES-3680860,WT Northport,Asphalt replacement at WT Northport.,,,3_funding,1
925,Western Suffolk Boces,NCES-3680860,WT Northport,Asphalt replacement at WT Northport facility.,,,3_funding,1
926,Western Suffolk Boces,NCES-3680860,WT Northport,Asphalt replacement at WT Northport site.,,,3_funding,1
928,Western Suffolk Boces,NCES-3680860,,"Authority to participate in Omnia Partners contract for maintenance, repair and operations supplies and equipment.",,,3_funding,1
929,Western Suffolk Boces,NCES-3680860,,"Authority to participate in Southampton UFSD contract for door, door hardware and door installation services.",,,3_funding,1
930,Western Suffolk Boces,NCES-3680860,Western Suffolk BOCES,"Authorization to participate in Omnia Partners contract for maintenance, repair and operations supplies and equipment services.",,,3_funding,1
931,Western Suffolk Boces,NCES-3680860,,"Authorization to participate in Omnia Partners contract for roofing supplies, services, waterproofing and related products.",,,3_funding,3
932,Western Suffolk Boces,NCES-3680860,,"Authorization to participate in Omnia Partners Contract for roofing supplies, services, waterproofing and related products.",,,3_funding,1
933,Western Suffolk Boces,NCES-3680860,,"Authorization to participate in Omnia Partners contract for roofing supplies, waterproofing, and related services.",,,3_funding,1
934,Western Suffolk Boces,NCES-3680860,,Authorization to participate in Omnia Partners Job Order Contracting and Disaster Restoration service contracts.,,,3_funding,1
942,Western Suffolk Boces,NCES-3680860,JEA Dix Hills,Bathroom renovation project with funding transfer.,,,3_funding,1
946,Western Suffolk Boces,NCES-3680860,Administration,Boiler replacement,,,3_funding,1
947,Western Suffolk Boces,NCES-3680860,Administration,Boiler replacement.,,,3_funding,1
948,Western Suffolk Boces,NCES-3680860,Administration,Boiler replacement at Administration building.,,,3_funding,1
949,Western Suffolk Boces,NCES-3680860,Administration,Boiler replacement at Administration location with minimal funding.,,,3_funding,1
950,Western Suffolk Boces,NCES-3680860,WT Dix Hills,Boiler replacement at WT Dix Hills-Jones 1 location with funding transfer.,,,3_funding,1
954,Western Suffolk Boces,NCES-3680860,Western Suffolk BOCES campuses,"Capital project costs increase of $100,000 plus additional Alternate Learning Center classes.",,,3_funding,1
956,Western Suffolk Boces,NCES-3680860,Western Suffolk BOCES facilities (multiple buildings and campuses),"Capital projects across BOCES buildings and campuses focusing on safety, energy efficiency and code compliance.",,,3_funding,1
958,Western Suffolk Boces,NCES-3680860,Western Suffolk BOCES buildings and campuses,"Capital projects at BOCES facilities focusing on safety, energy efficiency and code compliance.",,,3_funding,1
961,Western Suffolk Boces,NCES-3680860,Various Western Suffolk BOCES buildings and campuses,"Capital projects focusing on safety, energy efficiency and code compliance at BOCES facilities.",,,3_funding,1
962,Western Suffolk Boces,NCES-3680860,Various Western Suffolk BOCES buildings and campuses,"Capital projects focusing on safety, energy efficiency and code compliance at multiple BOCES facilities.",,,3_funding,1
964,Western Suffolk Boces,NCES-3680860,Western Suffolk BOCES,Capital projects fund allocation for rental of facilities and capital improvements.,,,3_funding,1
965,Western Suffolk Boces,NCES-3680860,Western Suffolk BOCES,Capital projects fund for facility improvements and rental of facilities across multiple districts.,,,3_funding,1
966,Western Suffolk Boces,NCES-3680860,Western Suffolk BOCES facilities,Capital projects fund for facility rental and capital improvements across BOCES districts.,,,3_funding,1
967,Western Suffolk Boces,NCES-3680860,"Multiple - Taukomas, WT Northport, Administration, M&O Facility, JEA Dix Hills, JEA Melville, WT Dix Hills Career Center, WT Dix Hills McGuire 1, WT Dix Hills McGuire 2, Brennan, WT Huntington, OLL Caleb Smith","Capital projects including panel replacement, HVAC units, air quality sensors, roofing, windows, PA system, fire alarms, security systems, kitchen renovation, asphalt, and boiler replacements.",,,3_funding,1
974,Western Suffolk Boces,NCES-3680860,Dickinson Avenue Elementary Annex,Capital project update for Dickinson Avenue Elementary Annex.,,,3_funding,1
975,Western Suffolk Boces,NCES-3680860,JEA Melville,Ceiling replacement,,,3_funding,1
976,Western Suffolk Boces,NCES-3680860,JEA Melville,Ceiling replacement.,,,3_funding,1
986,Western Suffolk Boces,NCES-3680860,JEA Melville,Concrete curbs and walks replacement.,,,3_funding,1
990,Western Suffolk Boces,NCES-3680860,JEA Dix Hills,Cooling tower upgrade at Dix Hills facility.,,,3_funding,1
991,Western Suffolk Boces,NCES-3680860,Multiple facilities,"Cooperative purchasing group for skilled trades, maintenance services, athletic reconditioning, and ancillary school-based services.",,,3_funding,1
993,Western Suffolk Boces,NCES-3680860,,Cost of labor for electrical work.,,,3_funding,1
1010,Western Suffolk Boces,NCES-3680860,Western Suffolk BOCES,"Door, door hardware and door installation services across participating sites.",,,3_funding,1
1012,Western Suffolk Boces,NCES-3680860,JEA Dix Hills,Electrical distribution panel replacement.,,,3_funding,4
1013,Western Suffolk Boces,NCES-3680860,JEA Dix Hills,Electrical distribution panel replacement at JEA Dix Hills.,,,3_funding,1
1014,Western Suffolk Boces,NCES-3680860,WT Dix Hills-McGuire 2,Electrical distribution panel replacement at Wilson Tech Dix Hills McGuire 2.,,,3_funding,1
1016,Western Suffolk Boces,NCES-3680860,WT Northport,Electrical distribution replacement at Northport workshop facility.,,,3_funding,1
1022,Western Suffolk Boces,NCES-3680860,Taukomas,Electrical switch replacement,,,3_funding,2
1023,Western Suffolk Boces,NCES-3680860,JEA Dix Hills,Electrical switch replacement.,,,3_funding,2
1024,Western Suffolk Boces,NCES-3680860,WT Dix Hills-Career Ctr,Electrical switch upgrade at career center location.,,,3_funding,1
1025,Western Suffolk Boces,NCES-3680860,WT Dix Hills-Jones 2,Electrical switch upgrade at Jones 2 location.,,,3_funding,1
1026,Western Suffolk Boces,NCES-3680860,WT Dix Hills-Career Ctr,Electrical switch upgrade at Wilson Tech Dix Hills Career Center.,,,3_funding,1
1027,Western Suffolk Boces,NCES-3680860,WT Dix Hills-Jones 2,Electrical switch upgrade at Wilson Tech Dix Hills Jones 2.,,,3_funding,1
1028,Western Suffolk Boces,NCES-3680860,JEA Dix Hills,Electric transformer replacement at JEA Dix Hills.,,,3_funding,1
1029,Western Suffolk Boces,NCES-3680860,JEA Melville,Electric transformer replacement at JEA Melville.,,,3_funding,1
1038,Western Suffolk Boces,NCES-3680860,Western Suffolk BOCES,"Establish contract for roofing supplies, services, and waterproofing products",,,3_funding,1
1040,Western Suffolk Boces,NCES-3680860,West Babylon UFSD,Execute service agreements for five-year term.,,,3_funding,1
1043,Western Suffolk Boces,NCES-3680860,T.B.D,Expansion of Special Ed Facilities,,,3_funding,1
1049,Western Suffolk Boces,NCES-3680860,District Wide,Fire alarm system upgrades across district facilities.,,,3_funding,1
1050,Western Suffolk Boces,NCES-3680860,District Wide,Fire alarm system upgrades across district-wide facilities.,,,3_funding,2
1051,Western Suffolk Boces,NCES-3680860,"Multiple locations (Dix Hill A-E, Northport, Republic, Huntington, Dix Hills, Melville, Taukomas, Brennan)",Fire alarm system upgrades across multiple BOCES facilities.,,,3_funding,1
1052,Western Suffolk Boces,NCES-3680860,District Wide,Fire alarm system upgrades across the district.,,,3_funding,2
1054,Western Suffolk Boces,NCES-3680860,District Wide,Fire alarm system upgrades throughout district.,,,3_funding,1
1059,Western Suffolk Boces,NCES-3680860,WT Republic,Full roof replacement at WT Republic.,,,3_funding,1
1066,Western Suffolk Boces,NCES-3680860,,General construction requirements contract for district facilities.,,,3_funding,1
1067,Western Suffolk Boces,NCES-3680860,Western Suffolk BOCES,General construction requirements contract participation through Town of Huntington cooperative bid.,,,3_funding,1
1068,Western Suffolk Boces,NCES-3680860,Administration,Generator installation and additional funding.,,,3_funding,1
1069,Western Suffolk Boces,NCES-3680860,Administration,Generator installation or replacement,,,3_funding,1
1070,Western Suffolk Boces,NCES-3680860,Administration,Generator replacement for administration facility.,,,3_funding,1
1073,Western Suffolk Boces,NCES-3680860,,Grounds-keeping equipment through Town of Brookhaven contract participation.,,,3_funding,1
1078,Western Suffolk Boces,NCES-3680860,WT Manor Plains,Hot water heater replacement at Manor Plains workshop facility.,,,3_funding,1
1088,Western Suffolk Boces,NCES-3680860,Western Suffolk BOCES,"HVAC systems, installation, and service contract through Sourcewell RFP participation.",,,3_funding,1
1089,Western Suffolk Boces,NCES-3680860,Western Suffolk BOCES facilities,"HVAC systems, installation, and service with related products and supplies.",,,3_funding,1
1090,Western Suffolk Boces,NCES-3680860,Western Suffolk BOCES facilities,"HVAC systems, installation, and service with related products and supplies through cooperative purchasing contract",,,3_funding,1
1093,Western Suffolk Boces,NCES-3680860,Western Suffolk BOCES agency-owned buildings,"Improvements to classroom and rooftop HVAC units, flooring replacement and restroom renovations.",,,3_funding,1
1094,Western Suffolk Boces,NCES-3680860,BOCES agency-owned buildings,"Improvements to classroom and rooftop HVAC units, flooring replacement, and restroom renovations.",,,3_funding,2
1095,Western Suffolk Boces,NCES-3680860,BOCES agency-owned buildings,"Improvements to classroom and rooftop HVAC units, flooring replacement and restroom renovations across BOCES facilities.",,,3_funding,1
1096,Western Suffolk Boces,NCES-3680860,District Wide,Indoor air quality sensor installation across all district facilities.,,,3_funding,1
1098,Western Suffolk Boces,NCES-3680860,District Wide,Installation of indoor air quality HALO sensors across district facilities.,,,3_funding,1
1099,Western Suffolk Boces,NCES-3680860,District Wide,Installation of indoor air quality sensors throughout the district.,,,3_funding,2
1101,Western Suffolk Boces,NCES-3680860,Central Administration,Install generator,,,3_funding,1
1104,Western Suffolk Boces,NCES-3680860,JEA Melville,Install parking field lighting,,,3_funding,3
1105,Western Suffolk Boces,NCES-3680860,WT Dix Hills,Install parking field lighting.,,,3_funding,3
1108,Western Suffolk Boces,NCES-3680860,JEA Dix Hills,Interior door reconstruction,,,3_funding,1
1109,Western Suffolk Boces,NCES-3680860,JEA Dix Hills,Interior door reconstruction.,,,3_funding,1
1110,Western Suffolk Boces,NCES-3680860,M&O,Interior lighting installation.,,,3_funding,1
1111,Western Suffolk Boces,NCES-3680860,M&O,Interior lighting replacement,,,3_funding,1
1113,Western Suffolk Boces,NCES-3680860,,"Janitorial and sanitation supplies, equipment, and related services through Omnia Partners contract.",,,3_funding,1
1114,Western Suffolk Boces,NCES-3680860,Multiple Western Suffolk BOCES facilities,Job Order Contracting Services and Disaster and Non-Disaster Restoration of Operational Services through Omnia Partners.,,,3_funding,1
1115,Western Suffolk Boces,NCES-3680860,Western Suffolk BOCES,Job Order Contracting Services for facility maintenance and repairs.,,,3_funding,1
1117,Western Suffolk Boces,NCES-3680860,Western Suffolk BOCES facilities,"Job order contracting services for installation, maintenance or repair of apparatus, materials, equipment",,,3_funding,1
1118,Western Suffolk Boces,NCES-3680860,,Job order contracting services through Omnia Partners contract participation.,,,3_funding,1
1119,Western Suffolk Boces,NCES-3680860,,Joint municipal cooperative bidding program authorization with Eastern Suffolk BOCES for various services and equipment items.,,,3_funding,1
1122,Western Suffolk Boces,NCES-3680860,,Kitchen equipment maintenance services and repairs for 2026-27.,,,3_funding,1
1123,Western Suffolk Boces,NCES-3680860,Chestnut Hill,Kitchen renovation at Chestnut Hill facility.,,,3_funding,2
1124,Western Suffolk Boces,NCES-3680860,WT Dix Hills Career Center,Kitchen renovation at facility.,,,3_funding,1
1126,Western Suffolk Boces,NCES-3680860,"Deer Park school, Half Hollow Hills school",Lease additional space for elementary and specialized programs.,,,3_funding,1
1127,Western Suffolk Boces,NCES-3680860,Deer Park school and Half Hollow Hills school,Lease additional space for elementary and specialized programs due to increased district referrals.,,,3_funding,1
1130,Western Suffolk Boces,NCES-3680860,"Deer Park school, Half Hollow Hills school",Lease of additional space in Deer Park school for elementary program and Half Hollow Hills school.,,,3_funding,1
1131,Western Suffolk Boces,NCES-3680860,Chestnut Hill school (Half Hollow Hills),Lease of portion of school building to accommodate significant increase in special education enrollment.,,,3_funding,1
1136,Western Suffolk Boces,NCES-3680860,Harborfields CSD,Long-range technology plan implementation with service agreements.,,,3_funding,1
1137,Western Suffolk Boces,NCES-3680860,District Wide,Miscellaneous construction alterations across the district.,,,3_funding,1
1138,Western Suffolk Boces,NCES-3680860,District Wide,Miscellaneous construction and alterations across multiple district facilities.,,,3_funding,1
1139,Western Suffolk Boces,NCES-3680860,District-wide,Miscellaneous construction and alterations across multiple sites,,,3_funding,1
1140,Western Suffolk Boces,NCES-3680860,District-wide (Multiple locations),Miscellaneous construction district wide alterations at multiple facilities.,,,3_funding,1
1146,Western Suffolk Boces,NCES-3680860,Western Suffolk BOCES,MRO supplies and equipment services through Omnia Partners cooperative purchasing contract.,,,3_funding,1
1152,Western Suffolk Boces,NCES-3680860,,"Multiple capital projects including 28 in design phase, 3 at NYSED, 6 in contracting, 10 completed.",,,3_funding,1
1153,Western Suffolk Boces,NCES-3680860,Western Suffolk BOCES campuses,"Multiple capital projects including window replacements, electrical panels, fire alarms, rooftop HVAC units, paving at two campuses, and outdoor learning site renovations.",,,3_funding,1
1159,Western Suffolk Boces,NCES-3680860,,"Multi-year bathroom, kitchen, flooring and interior renovations across facilities.",,,3_funding,1
1160,Western Suffolk Boces,NCES-3680860,,"Multi-year electrical systems upgrades including transformers, switchgear, and electrical infrastructure.",,,3_funding,1
1161,Western Suffolk Boces,NCES-3680860,,"Multi-year energy conservation project including electrical, metering and utility upgrades.",,,3_funding,1
1163,Western Suffolk Boces,NCES-3680860,Western Suffolk BOCES facilities,Multiyear facilities plan with capital funding for maintenance and operations.,,,3_funding,1
1164,Western Suffolk Boces,NCES-3680860,,Multi-year fire alarm and security systems upgrades across facilities.,,,3_funding,1
1165,Western Suffolk Boces,NCES-3680860,,"Multi-year HVAC upgrades including A/C systems, rooftop units, boilers and temperature controls.",,,3_funding,1
1166,Western Suffolk Boces,NCES-3680860,,Multi-year paving and concrete improvements at facilities.,,,3_funding,1
1167,Western Suffolk Boces,NCES-3680860,,Multi-year roof replacement and renovation project across facilities.,,,3_funding,1
1168,Western Suffolk Boces,NCES-3680860,"Multiple districts (Babylon UFSD, Cold Spring Harbor CSD, Commack UFSD, Elwood UFSD, Harborfields CSD, Kings Park CSD, Lindenhurst UFSD, N Babylon UFSD, Northport UFSD, S Huntington UFSD, W Babylon UFSD)",Multi-year service agreements for multiple school districts with related financing costs.,,,3_funding,1
1170,Western Suffolk Boces,NCES-3680860,,Multi-year window and glazing replacement project.,,,3_funding,1
1182,Western Suffolk Boces,NCES-3680860,JEA Melville,Parking field lighting installation,,,3_funding,3
1183,Western Suffolk Boces,NCES-3680860,JEA Melville,Parking field lighting installation.,,,3_funding,3
1185,Western Suffolk Boces,NCES-3680860,,"Participate in Amityville UFSD cooperative bid for tree maintenance, pruning and removal services.",,,3_funding,1
1186,Western Suffolk Boces,NCES-3680860,,Participate in BuyBoard contracts for playground equipment with related products and accessories.,,,3_funding,1
1187,Western Suffolk Boces,NCES-3680860,,Participate in Byram Hills School District HVAC on-call annual service bid.,,,3_funding,1
1188,Western Suffolk Boces,NCES-3680860,,Participate in contract for automatic temperature control service and repair.,,,3_funding,1
1189,Western Suffolk Boces,NCES-3680860,,"Participate in cooperative bid for plumbing fixture, parts and supplies.",,,3_funding,1
1190,Western Suffolk Boces,NCES-3680860,,Participate in Nassau BOCES contract for exterior and interior doors and installation.,,,3_funding,1
1192,Western Suffolk Boces,NCES-3680860,,"Participate in Nassau Community College contract for repairs of HVAC motors, pumps, fans, blowers and compressors.",,,3_funding,2
1193,Western Suffolk Boces,NCES-3680860,,"Participate in Nassau Community College cooperative contract for repairs of HVAC motors, pumps, fans, blowers and compressors.",,,3_funding,1
1194,Western Suffolk Boces,NCES-3680860,,"Participate in Omnia Partners contract for HVAC equipment, installation, service and related products.",,,3_funding,1
1195,Western Suffolk Boces,NCES-3680860,Western Suffolk BOCES,Participate in Omnia Partners contract for job order contracting services.,,,3_funding,2
1196,Western Suffolk Boces,NCES-3680860,,"Participate in Sourcewell contract for HVAC systems, installation, and service with related products and supplies.",,,3_funding,2
1197,Western Suffolk Boces,NCES-3680860,Western Suffolk BOCES facilities,"Participate in Sourcewell RFP for HVAC systems, installation, and service with related products and supplies.",,,3_funding,1
1198,Western Suffolk Boces,NCES-3680860,,Participate in Suffolk County Water Authority contract for tree pruning and removal.,,,3_funding,1
1199,Western Suffolk Boces,NCES-3680860,Western Suffolk BOCES,Participate in Suffolk County Water Authority contract for tree pruning and removal services.,,,3_funding,1
1200,Western Suffolk Boces,NCES-3680860,,Participate in Three Village Central School District bid for automatic temperature control service and repair.,,,3_funding,1
1201,Western Suffolk Boces,NCES-3680860,Western Suffolk BOCES,Participate in Town of Brookhaven contract for grounds keeping equipment.,,,3_funding,1
1202,Western Suffolk Boces,NCES-3680860,,Participate in Town of Brookhaven contract for grounds-keeping equipment.,,,3_funding,1
1203,Western Suffolk Boces,NCES-3680860,,Participate in Town of Huntington bid for general construction requirements.,,,3_funding,1
1204,Western Suffolk Boces,NCES-3680860,,Participate in Town of Islip contract for playground and play equipment.,,,3_funding,1
1205,Western Suffolk Boces,NCES-3680860,,Participate in Town of Islip cooperative contract for playground and play equipment.,,,3_funding,1
1208,Western Suffolk Boces,NCES-3680860,,Participation in cooperative bid program for skilled trades and maintenance services across multiple facilities.,,,3_funding,1
1210,Western Suffolk Boces,NCES-3680860,,Participation in grounds keeping equipment bid through Town of Brookhaven cooperative purchasing.,,,3_funding,1
1212,Western Suffolk Boces,NCES-3680860,Western Suffolk BOCES,"Participation in Nassau Community College contract for repairs of HVAC motors, pumps, fans, blowers and compressors.",,,3_funding,1
1214,Western Suffolk Boces,NCES-3680860,Western Suffolk BOCES,Participation in Omnia Partners contract for job order contracting services.,,,3_funding,1
1215,Western Suffolk Boces,NCES-3680860,Western Suffolk BOCES,"Participation in Omnia Partners contract for roofing supplies, services, waterproofing, and related products.",,,3_funding,1
1216,Western Suffolk Boces,NCES-3680860,Western Suffolk BOCES,Participation in Sourcewell contract for playground equipment with related products and accessories.,,,3_funding,1
1218,Western Suffolk Boces,NCES-3680860,Western Suffolk BOCES,Participation in statewide MRO supplies and equipment services contract.,,,3_funding,1
1219,Western Suffolk Boces,NCES-3680860,Western Suffolk BOCES,Participation in Suffolk County Water Authority contract for tree pruning and removal services.,,,3_funding,1
1220,Western Suffolk Boces,NCES-3680860,Western Suffolk BOCES,Participation in Town of Brookhaven contract for grounds-keeping equipment.,,,3_funding,1
1222,Western Suffolk Boces,NCES-3680860,,"Participation in Town of Huntington general construction requirements contract for materials, equipment, and supplies.",,,3_funding,1
1224,Western Suffolk Boces,NCES-3680860,WT Dix Hills,PA system replacement at Dix Hills workshop facility.,,,3_funding,1
1225,Western Suffolk Boces,NCES-3680860,WT Northport,Pave parking area,,,3_funding,1
1226,Western Suffolk Boces,NCES-3680860,WT Dix Hills,Paving and concrete replacement at WT Dix Hills.,,,3_funding,1
1227,Western Suffolk Boces,NCES-3680860,WT Northport,Paving and concrete replacement at WT Northport.,,,3_funding,1
1228,Western Suffolk Boces,NCES-3680860,Western Suffolk BOCES campuses,Paving projects at two BOCES campuses.,,,3_funding,1
1229,Western Suffolk Boces,NCES-3680860,WT Northport,Paving work,,,3_funding,1
1230,Western Suffolk Boces,NCES-3680860,WT Northport,Paving work.,,,3_funding,2
1234,Western Suffolk Boces,NCES-3680860,WT Dix Hills,Phase C window replacement at WT Dix Hills.,,,3_funding,1
1237,Western Suffolk Boces,NCES-3680860,Western Suffolk BOCES,"Plumbing fixture, parts and supplies procurement through Locust Valley Central School District cooperative contract.",,,3_funding,1
1238,Western Suffolk Boces,NCES-3680860,,"Plumbing fixtures, parts and supplies for maintenance and repair across district facilities.",,,3_funding,1
1242,Western Suffolk Boces,NCES-3680860,Taukomas,Previously approved A/C systems replacement project with additional funding.,,,3_funding,1
1245,Western Suffolk Boces,NCES-3680860,,"Purchase athletic, physical education, gymnasium supplies, equipment, and heavy-duty exercise equipment through Buyboard contract.",,,3_funding,1
1246,Western Suffolk Boces,NCES-3680860,Western Suffolk BOCES,"Purchase audio visual equipment, stage curtains, lighting and sound systems through BuyBoard contracts.",,,3_funding,1
1249,Western Suffolk Boces,NCES-3680860,,Purchase of Laerdal nursing lab simulators through three-year installment purchase agreement,,,3_funding,1
1251,Western Suffolk Boces,NCES-3680860,JEA Dix Hills,Reconstruct interior doors,,,3_funding,1
1252,Western Suffolk Boces,NCES-3680860,JEA Dix Hills,Reconstruct interior doors.,,,3_funding,1
1261,Western Suffolk Boces,NCES-3680860,OLL-Caleb Smith,Renovation project at Caleb Smith location.,,,3_funding,1
1262,Western Suffolk Boces,NCES-3680860,Western Suffolk BOCES outdoor learning site,Renovations at an outdoor learning site.,,,3_funding,1
1263,Western Suffolk Boces,NCES-3680860,Caleb Smith OLL,Renovations at Caleb Smith OLL.,,,3_funding,1
1264,Western Suffolk Boces,NCES-3680860,Caleb Smith OLL,Renovations at Caleb Smith OLL facility.,,,3_funding,1
1265,Western Suffolk Boces,NCES-3680860,Caleb Smith,Renovations to Caleb Smith OLL Phase II facility.,,,3_funding,1
1266,Western Suffolk Boces,NCES-3680860,Caleb Smith,Renovations to Caleb Smith OLL Phase III facility.,,,3_funding,1
1267,Western Suffolk Boces,NCES-3680860,Caleb Smith,"Renovations to Caleb Smith Outdoor Learning Lab, Phase II.",,,3_funding,1
1268,Western Suffolk Boces,NCES-3680860,BOCES facilities,Rental of additional classroom space to accommodate enrollment growth.,,,3_funding,1
1269,Western Suffolk Boces,NCES-3680860,"Dickinson Avenue School, Northport",Rental of classroom space in four component school district buildings for special education programs.,,,3_funding,1
1270,Western Suffolk Boces,NCES-3680860,Western Suffolk BOCES,Rental of facilities budget for capital purposes.,,,3_funding,1
1271,Western Suffolk Boces,NCES-3680860,Western Suffolk BOCES facilities,"Rental of facilities budget increased from 653,000 to 1,152,000 in capital budget.",,,3_funding,1
1276,Western Suffolk Boces,NCES-3680860,,"Repairs of HVAC motors, pumps, fans, blowers and compressors through Nassau Community College cooperative contract.",,,3_funding,2
1278,Western Suffolk Boces,NCES-3680860,JEA Dix Hills,Replace A/C systems,,,3_funding,1
1279,Western Suffolk Boces,NCES-3680860,JEA Dix Hills,Replace A/C systems.,,,3_funding,1
1281,Western Suffolk Boces,NCES-3680860,JEA Melville,Replace A/C systems at Melville facility.,,,3_funding,1
1282,Western Suffolk Boces,NCES-3680860,WT Northport,Replace A/C systems at Northport facility.,,,3_funding,1
1283,Western Suffolk Boces,NCES-3680860,"Multiple locations (WT Dix Hills, WT Northport, WT Dix Hills, WT Huntington)",Replace asphalt paving and concrete at multiple facilities.,,,3_funding,1
1284,Western Suffolk Boces,NCES-3680860,Central Administration,Replace boiler,,,3_funding,1
1285,Western Suffolk Boces,NCES-3680860,Administration,Replace boiler.,,,3_funding,1
1291,Western Suffolk Boces,NCES-3680860,JEA Melville,Replace ceiling,,,3_funding,1
1292,Western Suffolk Boces,NCES-3680860,JEA Melville,Replace ceiling.,,,3_funding,1
1293,Western Suffolk Boces,NCES-3680860,WT Huntington,Replace ceiling at facility.,,,3_funding,1
1294,Western Suffolk Boces,NCES-3680860,JEA Melville,Replace concrete curbs and walks,,,3_funding,2
1295,Western Suffolk Boces,NCES-3680860,JEA Melville,Replace concrete curbs and walks.,,,3_funding,1
1302,Western Suffolk Boces,NCES-3680860,WT Dix Hills,Replace electrical distribution panel,,,3_funding,2
1303,Western Suffolk Boces,NCES-3680860,WT Dix Hills-Jones II,Replace electrical distribution panel.,,,3_funding,2
1304,Western Suffolk Boces,NCES-3680860,"Multiple locations (Taukomas, WT Northport, Administration, M&O Facility, JEA Dix Hills, JEA Melville)",Replace electrical distribution panels and install indoor air quality sensors at multiple facilities.,,,3_funding,1
1305,Western Suffolk Boces,NCES-3680860,WT Huntington,Replace electrical panel at WT Huntington facility.,,,3_funding,1
1306,Western Suffolk Boces,NCES-3680860,Taukomas,Replace electrical switch,,,3_funding,2
1307,Western Suffolk Boces,NCES-3680860,JEA Dix Hills,Replace electrical switch.,,,3_funding,2
1308,Western Suffolk Boces,NCES-3680860,WT Huntington,Replace electric panel at WT Huntington.,,,3_funding,1
1310,Western Suffolk Boces,NCES-3680860,"Multiple locations (WT Dix Hills McGuire 1, WT Northport, JEA Dix Hills)","Replace hot water heater, boiler controls, and boiler expansion tank at multiple facilities.",,,3_funding,1
1312,Western Suffolk Boces,NCES-3680860,JEA Melville,Replace HVAC units in 200 wing,,,3_funding,1
1315,Western Suffolk Boces,NCES-3680860,M&O Facility,Replace interior lighting,,,3_funding,1
1316,Western Suffolk Boces,NCES-3680860,M&O,Replace interior lighting.,,,3_funding,1
1319,Western Suffolk Boces,NCES-3680860,JEA Melville,Replacement of A/C systems at the facility.,,,3_funding,1
1320,Western Suffolk Boces,NCES-3680860,WT Dix Hills-Jones II,Replacement of electrical distribution panel,,,3_funding,2
1322,Western Suffolk Boces,NCES-3680860,WT Northport,Replacement of electrical distribution shop equipment.,,,3_funding,1
1323,Western Suffolk Boces,NCES-3680860,WT Manor Plains,Replacement of hot water heater.,,,3_funding,2
1325,Western Suffolk Boces,NCES-3680860,WT Dix Hills,Replacement of public address system.,,,3_funding,1
1326,Western Suffolk Boces,NCES-3680860,Administration,Replacement of roof top HVAC unit.,,,3_funding,1
1327,Western Suffolk Boces,NCES-3680860,Administration,Replacement of roof top unit at Administration building.,,,3_funding,1
1328,Western Suffolk Boces,NCES-3680860,Taukomas,Replacement of roof top unit at Taukomas building.,,,3_funding,1
1329,Western Suffolk Boces,NCES-3680860,WT Dix Hills,Replacement of roof top unit at WT Dix Hills building.,,,3_funding,1
1331,Western Suffolk Boces,NCES-3680860,Brennan,Replace PA system at facility.,,,3_funding,1
1332,Western Suffolk Boces,NCES-3680860,JEA Melville,Replace PA system at JEA Melville.,,,3_funding,2
1333,Western Suffolk Boces,NCES-3680860,JEA Melville,Replace PA system at JEA Melville facility.,,,3_funding,2
1334,Western Suffolk Boces,NCES-3680860,WT Dix Hills,Replace PA system at WT Dix Hills.,,,3_funding,2
1335,Western Suffolk Boces,NCES-3680860,WT Northport,Replace PA system at WT Northport.,,,3_funding,3
1337,Western Suffolk Boces,NCES-3680860,Central Administration,Replace roof,,,3_funding,2
1338,Western Suffolk Boces,NCES-3680860,WT Dix Hills,Replace roof.,,,3_funding,2
1339,Western Suffolk Boces,NCES-3680860,JEA Dix Hills,Replace roof at Dix Hills facility.,,,3_funding,1
1340,Western Suffolk Boces,NCES-3680860,JEA Dix Hills,Replace roof at facility.,,,3_funding,1
1341,Western Suffolk Boces,NCES-3680860,Administration,Replace rooftop HVAC unit at administration building.,,,3_funding,1
1342,Western Suffolk Boces,NCES-3680860,WT Dix Hills,Replace roof top unit,,,3_funding,3
1343,Western Suffolk Boces,NCES-3680860,WT Dix Hills – McGuire II,Replace roof top unit.,,,3_funding,3
1344,Western Suffolk Boces,NCES-3680860,WT Dix Hills,Replace roof top unit at Dix Hills facility.,,,3_funding,1
1345,Western Suffolk Boces,NCES-3680860,WT Dix Hills,Replace roof top unit at Dix Hills location with previously approved additional funding.,,,3_funding,1
1347,Western Suffolk Boces,NCES-3680860,"Multiple locations (Administration, WT Dix Hills Career Center, WT Dix Hills McGuire 1, WT Dix Hills McGuire 2, Taukomas)",Replace roof top units (HVAC equipment) at five facilities.,,,3_funding,1
1350,Western Suffolk Boces,NCES-3680860,WT Dix Hills,Replace windows,,,3_funding,1
1351,Western Suffolk Boces,NCES-3680860,WT Dix Hills,Replace windows.,,,3_funding,1
1352,Western Suffolk Boces,NCES-3680860,WT Dix Hills,Replace windows at Dix Hills facility.,,,3_funding,1
1353,Western Suffolk Boces,NCES-3680860,WT Dix Hills McGuire 2,Replace windows at facility.,,,3_funding,1
1360,Western Suffolk Boces,NCES-3680860,Sunken Meadow Outdoor Learning Lab Facility,Restoring and mounting two whale skeletons at the outdoor learning facility.,,,3_funding,1
1364,Western Suffolk Boces,NCES-3680860,Western Suffolk BOCES,"Roofing supplies, services, waterproofing, and related products for maintenance and repair.",,,3_funding,1
1365,Western Suffolk Boces,NCES-3680860,,"Roofing supplies, services, waterproofing and related products through cooperative contract.",,,3_funding,1
1366,Western Suffolk Boces,NCES-3680860,WT Dix Hills,Roof replacement,,,3_funding,2
1367,Western Suffolk Boces,NCES-3680860,Administration,Roof replacement.,,,3_funding,2
1369,Western Suffolk Boces,NCES-3680860,JEA Dix Hills,Roof replacement at JEA Dix Hills.,,,3_funding,1
1370,Western Suffolk Boces,NCES-3680860,WT Dix Hills,Roof replacement at WT Dix Hills-Jones 2 location with funding transfer.,,,3_funding,1
1371,Western Suffolk Boces,NCES-3680860,WT Dix Hills,Roof replacement at WT Dix Hills-McGuire 1 location with funding transfer.,,,3_funding,1
1372,Western Suffolk Boces,NCES-3680860,WT Northport,Roof replacement at WT Northport.,,,3_funding,1
1373,Western Suffolk Boces,NCES-3680860,WT Northport,Roof replacement at WT Northport facility.,,,3_funding,1
1374,Western Suffolk Boces,NCES-3680860,WT Republic,Roof replacement at WT Republic facility.,,,3_funding,1
1376,Western Suffolk Boces,NCES-3680860,Administration,Roof top HVAC unit replacement at administration building.,,,3_funding,1
1377,Western Suffolk Boces,NCES-3680860,Taukomas,Roof top unit replacement,,,3_funding,3
1378,Western Suffolk Boces,NCES-3680860,Administration,Roof top unit replacement at Administration building.,,,3_funding,2
1379,Western Suffolk Boces,NCES-3680860,Taukomas,Roof top unit replacement at Taukomas facility.,,,3_funding,1
1380,Western Suffolk Boces,NCES-3680860,WT Dix Hills,Roof top unit replacement at WT Dix Hills.,,,3_funding,1
1381,Western Suffolk Boces,NCES-3680860,WT Dix Hills,Roof top unit replacement at WT Dix Hills facility.,,,3_funding,1
1383,Western Suffolk Boces,NCES-3680860,WT Republic,Roof top unit replacement for HVAC.,,,3_funding,3
1400,Western Suffolk Boces,NCES-3680860,Western Suffolk BOCES,"Stage curtains and rigging inspection, cleaning and repairs.",,,3_funding,1
1401,Western Suffolk Boces,NCES-3680860,,"Stage curtains and rigging inspection, cleaning and repairs through Southampton UFSD contract.",,,3_funding,1
1409,Western Suffolk Boces,NCES-3680860,West Babylon Technology Project,Technology equipment acquisition for West Babylon financed through lease purchase agreement.,,,3_funding,1
1410,Western Suffolk Boces,NCES-3680860,Babylon Technology Project,Technology infrastructure project financed through equipment lease purchase agreement.,,,3_funding,6
1417,Western Suffolk Boces,NCES-3680860,Wilson Tech Dix Hills,Underground placement of existing power lines to increase power reliability at Wilson Tech Dix Hills campus.,,,3_funding,1
1420,Western Suffolk Boces,NCES-3680860,Western Suffolk BOCES (multiple sites),"Underground water distribution system installation, maintenance and repair services through cooperative purchasing.",,,3_funding,1
1421,Western Suffolk Boces,NCES-3680860,Smithtown Central District,"Underground water distribution system installation, maintenance and repair through shared bid participation.",,,3_funding,1
1437,Western Suffolk Boces,NCES-3680860,"Multiple locations (WT Huntington, JEA Melville, WT Northport, OLL Caleb Smith)",Upgrade fire alarm systems and replace security alarm systems at multiple facilities.,,,3_funding,1
1438,Western Suffolk Boces,NCES-3680860,JEA Dix Hills,Upgrade of cooling tower.,,,3_funding,2
1439,Western Suffolk Boces,NCES-3680860,Western Suffolk BOCES campuses,Upgrading electrical panels and fire alarm systems.,,,3_funding,1
1440,Western Suffolk Boces,NCES-3680860,JEA Dix Hills/Melville & WT Northport,"Utility metering, logging and dashboard installation at multiple locations.",,,3_funding,1
1457,Western Suffolk Boces,NCES-3680860,WT Dix Hills,Window replacement,,,3_funding,1
1458,Western Suffolk Boces,NCES-3680860,WT Dix Hills,Window replacement.,,,3_funding,1
1460,Western Suffolk Boces,NCES-3680860,WT Dix Hills-McGuire 1,Window replacement at Wilson Tech Dix Hills McGuire 1.,,,3_funding,1
1462,Western Suffolk Boces,NCES-3680860,WT Dix Hills,Window replacement at WT Dix Hills.,,,3_funding,2
1463,Western Suffolk Boces,NCES-3680860,WT Dix Hills,Window replacement at WT Dix Hills facility.,,,3_funding,1
1464,Western Suffolk Boces,NCES-3680860,WT Dix Hills Jones 1,Window replacement at WT Dix Hills Jones 1 building.,,,3_funding,1
1465,Western Suffolk Boces,NCES-3680860,WT Dix Hills,Window replacement at WT Dix Hills-McGuire 1 location with funding transfer.,,,3_funding,1
1466,Western Suffolk Boces,NCES-3680860,WT Northport,Window replacement at WT Northport facility.,,,3_funding,1
1467,Western Suffolk Boces,NCES-3680860,WT Dix Hills-McGuire 1,Window replacement project.,,,3_funding,1
1468,Western Suffolk Boces,NCES-3680860,WTDH,Window replacement project at WTDH facility.,,,3_funding,1
1471,Western Suffolk Boces,NCES-3680860,WTDH,"Window replacement project with $272,500 in funding approved and transferred to capital fund.",,,3_funding,1
1472,Western Suffolk Boces,NCES-3680860,Western Suffolk BOCES campuses,Window replacements at BOCES facilities.,,,3_funding,1
1473,Western Suffolk Boces,NCES-3680860,Western Suffolk BOCES campuses,"Window replacements, electrical panels, fire alarms, rooftop HVAC units, paving projects, and outdoor learning site renovations.",,,3_funding,1
1475,Western Suffolk Boces,NCES-3680860,Western Suffolk BOCES,Window treatment installation and repair services.,,,3_funding,1
134,Deer Park Union Free School District,NCES-3608880,Deer Park High School,Emergency partial roof replacement involving tear-off to concrete deck due to extensive roof leak.,2026-08-25,2026-08-25,4_design,1
112,Commack Union Free School District,NCES-3608130,Wood Park,Wood Park roof renovation with application for examination and approval of final plans.,2026-07-09,2026-07-09,4_design,1
96,Commack Union Free School District,NCES-3608130,CHS (Commack High School),Installation of Digital Media Lab with NYSED approval of plans and specifications.,2026-04-16,2026-04-16,4_design,1
1255,Western Suffolk Boces,NCES-3680860,JEA DH,Re-mat the walls and floor of gross motor room.,2026-04-14,2026-04-14,4_design,1
1422,Western Suffolk Boces,NCES-3680860,WT NP,Update finishes and partitions on Ladies Staff Restroom.,2026-04-14,2026-04-14,4_design,1
1143,Western Suffolk Boces,NCES-3680860,JEA MEL,Modifications to rooms 419 and 422 for calming space.,2026-04-14,2026-04-14,4_design,1
1317,Western Suffolk Boces,NCES-3680860,JEA DH,Replace interior partition wall and electric between rooms 219 and 220.,2026-04-14,2026-04-14,4_design,1
988,Western Suffolk Boces,NCES-3680860,JEA DH,Convert de-escalation room to office.,2026-04-14,2026-04-14,4_design,1
1107,Western Suffolk Boces,NCES-3680860,WT MP,Interior door finish upgrades.,2026-04-14,2026-04-14,4_design,1
1125,Western Suffolk Boces,NCES-3680860,Brennan,Large fans for gymnasium.,2026-04-14,2026-04-14,4_design,1
1423,Western Suffolk Boces,NCES-3680860,WT DH,Upgrade and re-design Learning Commons Building C with new panel walls and sconces.,2026-04-14,2026-04-14,4_design,1
12,Academy Charter School,NCES-3600997,The Academy Charter School 2 (Wyandanch),Facility expansion and construction project with documentation submitted to NYSED for approval.,2026-03-01,2026-03-01,4_design,1
575,West Islip Union Free School District,NCES-3630690,Udall,General construction work with architect fees from 860K capital reserve,2026-01-08,2026-01-08,4_design,1
562,West Islip Union Free School District,NCES-3630690,High School,General construction and electrical work for 13M pool bond project,2026-01-08,2026-01-08,4_design,1
9,Academy Charter School,NCES-3600997,Brentwood expansion and Central Islip locations,Expansion projects with construction and demolition permits pending approval.,2026-01-01,2026-01-01,4_design,1
526,West Islip Union Free School District,NCES-3630690,Beach Street Middle School,Fire alarm replacement at Beach Street Middle School with architect design services.,2025-10-21,2025-10-21,4_design,1
227,West Islip Union Free School District,NCES-3630690,,2012 Capital Improvements construction manager services.,2012-02-01,2012-02-01,4_design,1
243,West Islip Union Free School District,NCES-3630690,,Architect amendments to BBS contract for design work,2009-04-01,2009-04-01,4_design,1
244,West Islip Union Free School District,NCES-3630690,,Architect contract amendments with BBS Architects.,2009-03-01,2009-03-01,4_design,1
427,West Islip Union Free School District,NCES-3630690,,Contract amendments with BBS Architects for design or planning services.,2009-03-01,2009-03-01,4_design,1
401,West Islip Union Free School District,NCES-3630690,West Islip Union Free School District,"Construction manager services for $22,700,000 bond issue capital projects.",2008-11-01,2008-11-01,4_design,1
676,West Islip Union Free School District,NCES-3630690,"High School, Udall Middle School, Beach Street Middle School, Masera School","Locker room renovations at high school and two middle schools, plus renovations at Masera School",2008-11-01,2008-11-01,4_design,1
675,West Islip Union Free School District,NCES-3630690,"West Islip High School, Udall Middle School, Beach Street Middle School, Masera School","Locker room renovations at high school and middle schools, and renovations at Masera School.",2008-11-01,2008-11-01,4_design,1
759,West Islip Union Free School District,NCES-3630690,,Procurement of architect/engineer and construction manager for bond capital projects.,2007-10-01,2007-10-01,4_design,1
245,West Islip Union Free School District,NCES-3630690,,Architect contract for unspecified project work,2007-08-01,2007-08-01,4_design,1
704,West Islip Union Free School District,NCES-3630690,,Negative Declaration approved pending written authorization from District Architect.,2005-04-01,2005-04-01,4_design,1
1396,Western Suffolk Boces,NCES-3680860,,Snap-On garage and fleet maintenance equipment and vehicle lifts procurement,,,4_design,1
969,Western Suffolk Boces,NCES-3680860,Multiple BOCES sites,Capital projects in design phase across multiple facilities.,,,4_design,1
1151,Western Suffolk Boces,NCES-3680860,,Multiple capital projects currently in design phase with five submitted to NYSED for approval.,,,4_design,1
984,Western Suffolk Boces,NCES-3680860,Elwood,Computer equipment acquisition and financing for Elwood Technology Project.,,,4_design,1
985,Western Suffolk Boces,NCES-3680860,North Babylon,Computer equipment acquisition and financing for North Babylon Technology Project.,,,4_design,1
1150,Western Suffolk Boces,NCES-3680860,,"Multiple capital projects across multiple trade categories in various stages of design, bid, and construction.",,,4_design,1
1407,Western Suffolk Boces,NCES-3680860,Northport-E Northport,Technology equipment acquisition and financing for Northport-E Northport project.,,,4_design,1
105,Commack Union Free School District,NCES-3608130,Burr (035-028) and Sawmill (036-028),Playground construction materials supply agreement with NextStep Recreational.,2026-08-20,2026-08-20,5_bid,1
91,Commack Union Free School District,NCES-3608130,Burr & Sawmill,Canopy installation at Burr & Sawmill as part of capital renovation.,2026-07-09,2026-07-09,5_bid,1
92,Commack Union Free School District,NCES-3608130,G-1,Digital media classroom renovation including flooring and wall tile work.,2026-07-09,2026-07-09,5_bid,1
126,Deer Park Union Free School District,NCES-3608880,Robert Frost MS,Capital improvement project with site work and paving.,2026-06-17,2026-06-17,5_bid,1
124,Deer Park Union Free School District,NCES-3608880,Not specified,Bus and automotive replacement parts procurement.,2026-06-17,2026-06-17,5_bid,2
118,Deer Park Union Free School District,NCES-3608880,Not specified,Athletic Equipment and Supplies procurement.,2026-06-17,2026-06-17,5_bid,1
152,Deer Park Union Free School District,NCES-3608880,Not specified,Landscaping and Groundskeeping Materials and Supplies procurement.,2026-06-17,2026-06-17,5_bid,1
113,Deer Park Union Free School District,NCES-3608880,Robert Frost Middle School,2025/2026 Capital Improvement Program with site and facility work.,2026-06-17,2026-06-17,5_bid,1
89,Commack Union Free School District,NCES-3608130,Burr Intermediate School and Sawmill Intermediate School,Awning and masonry work at two intermediate schools,2026-06-04,2026-06-04,5_bid,1
477,West Islip Union Free School District,NCES-3630690,,Electrical repair and services contract awarded for 2026-2027,2026-05-07,2026-05-07,5_bid,1
875,West Islip Union Free School District,NCES-3630690,West Islip School District,Tree pruning and care services for the district.,2026-05-07,2026-05-07,5_bid,1
783,West Islip Union Free School District,NCES-3630690,,Removal of unwanted geese and water fowl services,2026-05-07,2026-05-07,5_bid,1
873,West Islip Union Free School District,NCES-3630690,,Tree pruning and care services contract for 2026-2027,2026-05-07,2026-05-07,5_bid,1
500,West Islip Union Free School District,NCES-3630690,,Elevator maintenance and service contract for 2026-2027,2026-05-07,2026-05-07,5_bid,1
549,West Islip Union Free School District,NCES-3630690,,Gate and chain link fence installation or maintenance,2026-05-07,2026-05-07,5_bid,1
712,West Islip Union Free School District,NCES-3630690,,Pest control services contract for 2026-2027,2026-05-07,2026-05-07,5_bid,1
481,West Islip Union Free School District,NCES-3630690,,Electrical repair and services contract for district facilities.,2026-05-05,2026-05-05,5_bid,1
859,West Islip Union Free School District,NCES-3630690,,Supply and installation of gates and chain link fencing.,2026-05-05,2026-05-05,5_bid,1
501,West Islip Union Free School District,NCES-3630690,,Elevator maintenance and service contract for district buildings.,2026-05-05,2026-05-05,5_bid,1
940,Western Suffolk Boces,NCES-3680860,WT NP,Auto shop air compressor.,2026-04-14,2026-04-14,5_bid,1
1356,Western Suffolk Boces,NCES-3680860,WT DH,Replace window treatments in all classrooms and instructional areas.,2026-04-14,2026-04-14,5_bid,1
1361,Western Suffolk Boces,NCES-3680860,Taukomas,Reswitch lighting in Large Conference room.,2026-04-14,2026-04-14,5_bid,1
1071,Western Suffolk Boces,NCES-3680860,,Grounds keeping equipment for BOCES facilities via Town of Brookhaven cooperative bid.,2026-04-14,2026-04-14,5_bid,1
218,Wainscott Common School District,NCES-3629760,Wainscott Common School,Maple tree removal due to poor condition.,2026-03-18,2026-03-18,5_bid,2
201,Sagaponack Common School District,NCES-3625410,Sagaponack Common School District,Replacement of outside bulletin board.,2026-03-10,2026-03-10,5_bid,1
197,Sagaponack Common School District,NCES-3625410,Sagaponack Common School District,Painting of replacement shingles on west side of building and garbage bin area.,2026-03-10,2026-03-10,5_bid,1
203,Sagaponack Common School District,NCES-3625410,Sagaponack Common School District,Shingle installation on the west side of the building to complete roof replacement.,2026-03-10,2026-03-10,5_bid,1
183,Sagaponack Common School District,NCES-3625410,Sagaponack Common School District,Additional magnetic lettering for outside bulletin board.,2026-03-10,2026-03-10,5_bid,1
161,Deer Park Union Free School District,NCES-3608880,,Pool chemicals and supplies procurement via competitive bid.,2026-01-06,2026-01-06,5_bid,1
684,West Islip Union Free School District,NCES-3630690,,Maintenance service and monitoring for fire alarm and security systems.,2012-06-01,2012-06-01,5_bid,1
300,West Islip Union Free School District,NCES-3630690,,Boiler maintenance service.,2012-06-01,2012-06-01,5_bid,1
574,West Islip Union Free School District,NCES-3630690,,General construction work for athletic storage buildings.,2012-06-01,2012-06-01,5_bid,1
856,West Islip Union Free School District,NCES-3630690,,Storage buildings for bond project.,2012-05-01,2012-05-01,5_bid,1
483,West Islip Union Free School District,NCES-3630690,,Electrical repair and services work across district facilities.,2011-09-01,2011-09-01,5_bid,1
554,West Islip Union Free School District,NCES-3630690,,Gates and chain link fencing contract awarded.,2011-06-01,2011-06-01,5_bid,1
287,West Islip Union Free School District,NCES-3630690,,Boiler and breeching cleaning service contract awarded.,2011-06-01,2011-06-01,5_bid,1
474,West Islip Union Free School District,NCES-3630690,,Electrical Repair and Services bid rejected; re-advertisement ordered with specification modifications.,2011-06-01,2011-06-01,5_bid,1
809,West Islip Union Free School District,NCES-3630690,,Roof repair services contract awarded.,2011-06-01,2011-06-01,5_bid,1
303,West Islip Union Free School District,NCES-3630690,,Boiler maintenance service contract awarded.,2011-06-01,2011-06-01,5_bid,1
583,West Islip Union Free School District,NCES-3630690,,"Heating, ventilation and air conditioning service contract awarded.",2011-06-01,2011-06-01,5_bid,1
819,West Islip Union Free School District,NCES-3630690,,School Construction Consultants contract approved by Board.,2009-09-01,2009-10-01,5_bid,2
277,West Islip Union Free School District,NCES-3630690,,Bleachers bid rejected and re-advertised.,2007-10-01,2007-10-01,5_bid,1
484,West Islip Union Free School District,NCES-3630690,,Electrical repair and services work under bid consideration.,2007-09-01,2007-09-01,5_bid,1
482,West Islip Union Free School District,NCES-3630690,,Electrical repair and services for the district.,2007-09-01,2007-09-01,5_bid,1
760,West Islip Union Free School District,NCES-3630690,Boulevard property,Property transaction for Boulevard property requiring deed completion.,2006-05-01,2006-05-01,5_bid,1
298,West Islip Union Free School District,NCES-3630690,,Boiler maintenance bid awarded to Bain Heating & Plumbing.,2005-12-01,2005-12-01,5_bid,1
552,West Islip Union Free School District,NCES-3630690,,Gates and chain link fencing bid awarded to Ideal Fence Corp at hourly rate.,2004-10-01,2004-10-01,5_bid,1
305,West Islip Union Free School District,NCES-3630690,,Boiler maintenance service contract awarded to Bain Heating & Piping Corp.,2004-10-01,2004-10-01,5_bid,1
1398,Western Suffolk Boces,NCES-3680860,Unspecified (Southampton UFSD),Sound system parts and repairs through cooperative purchasing.,,,5_bid,1
1135,Western Suffolk Boces,NCES-3680860,,"Library supplies, furnishings and equipment procurement through cooperative bid.",,,5_bid,1
1418,Western Suffolk Boces,NCES-3680860,District-wide (through Smithtown Central District Bid),"Underground water distribution system installation, maintenance and repair.",,,5_bid,1
1476,Western Suffolk Boces,NCES-3680860,Western Suffolk BOCES,Window treatment installation and repair services through cooperative purchasing.,,,5_bid,1
1191,Western Suffolk Boces,NCES-3680860,,Participate in Nassau BOCES cooperative contract for exterior and interior doors and installation.,,,5_bid,1
1416,Western Suffolk Boces,NCES-3680860,Western Suffolk BOCES,Tree pruning and removal services through Suffolk County Water Authority contract.,,,5_bid,2
1414,Western Suffolk Boces,NCES-3680860,,Tree maintenance including pruning and tree removal services through Amityville contract,,,5_bid,1
1413,Western Suffolk Boces,NCES-3680860,Amityville Union Free School District,Tree maintenance including pruning and removal services through cooperative bid.,,,5_bid,2
1412,Western Suffolk Boces,NCES-3680860,,Tree maintenance including pruning and removal services through Amityville UFSD cooperative bid.,,,5_bid,1
1184,Western Suffolk Boces,NCES-3680860,,"Participate in Amityville cooperative contract for tree maintenance, pruning, and tree removal services.",,,5_bid,1
1181,Western Suffolk Boces,NCES-3680860,Districtwide,Paint & Painting Supplies procurement.,,,5_bid,1
1180,Western Suffolk Boces,NCES-3680860,WT NP,Paint auto shop ceilings,,,5_bid,1
1318,Western Suffolk Boces,NCES-3680860,WT MP,Replace lab sinks in 4 locations,,,5_bid,1
1178,Western Suffolk Boces,NCES-3680860,,PA and master clock systems equipment repair and service contract participation.,,,5_bid,1
1206,Western Suffolk Boces,NCES-3680860,Western Suffolk BOCES,"Participation in Byram Hills School District HVAC on-call annual service for repair, installation and emergency services.",,,5_bid,1
1211,Western Suffolk Boces,NCES-3680860,,"Participation in Locust Valley Central School District contract for plumbing fixture, parts and supplies.",,,5_bid,1
1348,Western Suffolk Boces,NCES-3680860,WT NP,Replace supplemental A/C unit in Sonography lab,,,5_bid,1
1349,Western Suffolk Boces,NCES-3680860,WT MP,Replace walk-in refrigerator mechanicals at culinary.,,,5_bid,1
1221,Western Suffolk Boces,NCES-3680860,,Participation in Town of Huntington bid for general construction requirements contract.,,,5_bid,1
1223,Western Suffolk Boces,NCES-3680860,,Participation in Town of Islip contract for playground and play equipment site amenities.,,,5_bid,1
936,Western Suffolk Boces,NCES-3680860,Three Village Central School District,Automatic temperature control service and repair contract through cooperative bid.,,,5_bid,1
938,Western Suffolk Boces,NCES-3680860,District-wide,Automatic temperature control service and repair through cooperative bid.,,,5_bid,1
1357,Western Suffolk Boces,NCES-3680860,WT MP,Replace window treatments Phase 1 of 2,,,5_bid,1
1461,Western Suffolk Boces,NCES-3680860,"Wilson Tech School - Dix Hills Campus, Jones Hall",Window replacement at Wilson Tech School Dix Hills Campus Jones Hall.,,,5_bid,1
1235,Western Suffolk Boces,NCES-3680860,,Playground and play equipment with site amenities through cooperative catalog contract.,,,5_bid,1
1359,Western Suffolk Boces,NCES-3680860,JEA Mel,"Restore terrazzo floor, phase 2 of 3.",,,5_bid,1
1239,Western Suffolk Boces,NCES-3680860,Multiple facilities,Portfolio of 70 capital projects across the district at various stages of planning and execution.,,,5_bid,1
977,Western Suffolk Boces,NCES-3680860,Western Suffolk BOCES facilities,"Cesspool cleaning and tank pumping maintenance, service and repair contract.",,,5_bid,1
978,Western Suffolk Boces,NCES-3680860,Western Suffolk BOCES,"Cesspool cleaning, tank pumping, maintenance, service and repair contract.",,,5_bid,1
992,Western Suffolk Boces,NCES-3680860,Districtwide,Cost of Labor - Electrical.,,,5_bid,1
997,Western Suffolk Boces,NCES-3680860,Western Suffolk BOCES,Custodial supplies procurement through cooperative bid program.,,,5_bid,1
1009,Western Suffolk Boces,NCES-3680860,Southampton U.F.S.D.,"Door, door hardware and door installation services.",,,5_bid,3
1011,Western Suffolk Boces,NCES-3680860,,"Door, door hardware and door installation services through cooperative contract.",,,5_bid,1
1020,Western Suffolk Boces,NCES-3680860,Western Suffolk BOCES,"Electrical panel replacement at JE Allen Elementary and Wilson Tech, re-bid after initial no award.",,,5_bid,1
1021,Western Suffolk Boces,NCES-3680860,JE Allen Elementary & Wilson Tech Dix Hills,Electrical panel replacement at two school buildings.,,,5_bid,1
1254,Western Suffolk Boces,NCES-3680860,WT MP,Redesign faculty room.,,,5_bid,1
1256,Western Suffolk Boces,NCES-3680860,JEA DH,"Remove perimeter beds of building, phase 1 of 3.",,,5_bid,1
1044,Western Suffolk Boces,NCES-3680860,,Exterior and interior doors and installation through cooperative bidding contract.,,,5_bid,1
1045,Western Suffolk Boces,NCES-3680860,,Exterior and interior doors and installation through cooperative contract.,,,5_bid,1
1046,Western Suffolk Boces,NCES-3680860,,Exterior and interior doors and installation through Nassau BOCES cooperative contract,,,5_bid,1
1047,Western Suffolk Boces,NCES-3680860,,Exterior and interior doors and installation through Nassau BOCES cooperative contract.,,,5_bid,1
1062,Western Suffolk Boces,NCES-3680860,Bay Shore Union Free School District,"General building maintenance involving new construction, reconstruction and demolition.",,,5_bid,1
1063,Western Suffolk Boces,NCES-3680860,Bay Shore Union Free School District,"General building maintenance involving new construction, reconstruction and demolition services.",,,5_bid,2
1064,Western Suffolk Boces,NCES-3680860,Bay Shore Union Free School District,"General building maintenance involving new construction, reconstruction, and demolition services.",,,5_bid,2
1065,Western Suffolk Boces,NCES-3680860,Bay Shore Union Free School District,"General building maintenance, new construction, reconstruction and demolition services available through bid contract.",,,5_bid,1
1273,Western Suffolk Boces,NCES-3680860,,"Repairs of HVAC motors, pumps, fans, blowers and compressors through cooperative purchasing.",,,5_bid,1
1072,Western Suffolk Boces,NCES-3680860,Western Suffolk BOCES,Grounds keeping equipment through Town of Brookhaven contract.,,,5_bid,1
1274,Western Suffolk Boces,NCES-3680860,,"Repairs of HVAC motors, pumps, fans, blowers and compressors through Nassau Community College bid.",,,5_bid,1
1074,Western Suffolk Boces,NCES-3680860,WT DH,Hone concrete floor of auto body shop.,,,5_bid,1
1077,Western Suffolk Boces,NCES-3680860,Republic Hone,"Hone concrete floors of labs, phase 1.",,,5_bid,1
1275,Western Suffolk Boces,NCES-3680860,,"Repairs of HVAC motors, pumps, fans, blowers and compressors through Nassau Community College contract.",,,5_bid,3
1083,Western Suffolk Boces,NCES-3680860,,"HVAC equipment, installation, service and related products through cooperative contract.",,,5_bid,1
1084,Western Suffolk Boces,NCES-3680860,Western Suffolk BOCES,"HVAC on-call annual service contract for repair, installation and emergency services.",,,5_bid,1
1086,Western Suffolk Boces,NCES-3680860,District-wide,HVAC on-call annual service through cooperative bid.,,,5_bid,1
1277,Western Suffolk Boces,NCES-3680860,Western Suffolk BOCES,"Repairs of HVAC motors, pumps, fans, blowers and compressors through participatory contract.",,,5_bid,1
1100,Western Suffolk Boces,NCES-3680860,WT DH,Install commercial washing machine into Culinary Kitchen,,,5_bid,1
1391,Western Suffolk Boces,NCES-3680860,Western Suffolk BOCES,"Security system central station services for 2024/25 school year, no award issued, will be re-bid.",,,5_bid,1
1103,Western Suffolk Boces,NCES-3680860,JEA DH,Install new concrete walk and road south of POD storage area.,,,5_bid,1
1358,Western Suffolk Boces,NCES-3680860,JEA Mel,Restore staff restroom tile and re-glaze.,,,5_bid,1
1287,Western Suffolk Boces,NCES-3680860,JEA DH,Replace built-in cabinetry and appliances in science lab room 503.,,,5_bid,1
1106,Western Suffolk Boces,NCES-3680860,WT NP,Install separation walls and door for adult cosmetology program.,,,5_bid,1
1288,Western Suffolk Boces,NCES-3680860,JEA DH,Replace built-in cabinetry and appliances Rm 503,,,5_bid,1
1289,Western Suffolk Boces,NCES-3680860,JEA MEL,Replace built-in cabinetry Main office kitchenette and mail area,,,5_bid,1
1395,Western Suffolk Boces,NCES-3680860,WT MP,Setup dental assistant program space.,,,5_bid,1
1297,Western Suffolk Boces,NCES-3680860,Brennan,Replace door knobs with privacy handles.,,,5_bid,1
1298,Western Suffolk Boces,NCES-3680860,Taukomas,Replace ductless split A/C in server room.,,,5_bid,1
1424,Western Suffolk Boces,NCES-3680860,Taukomas,"Upgrade comfort controls and thermostats, phase 1 of 2.",,,5_bid,1
1336,Western Suffolk Boces,NCES-3680860,Admin,Replace retaining wall on north and south elevations.,,,5_bid,1
104,Commack Union Free School District,NCES-3608130,Sawmill & Burr,Playground and masonry reconstruction at Sawmill and Burr locations.,2026-09-03,2026-09-03,6_award,1
102,Commack Union Free School District,NCES-3608130,District-wide,Piped heating and cooling distribution capital project via piggyback agreement.,2026-09-03,2026-09-03,6_award,1
30,Brentwood Union Free School District,NCES-3605280,,Architectural services for district projects.,2026-08-20,2026-08-20,6_award,1
49,Brentwood Union Free School District,NCES-3605280,,"General building services involving maintenance, new construction, reconstruction and demolition.",2026-08-20,2026-08-20,6_award,2
90,Commack Union Free School District,NCES-3608130,Burr and Sawmill sites,Canopy construction at Burr and Sawmill sites,2026-07-21,2026-07-21,6_award,1
97,Commack Union Free School District,NCES-3608130,CHS Digital Media Lab,Interior work for CHS Digital Media Lab,2026-07-21,2026-07-21,6_award,1
119,Deer Park Union Free School District,NCES-3608880,,Award bus parts and maintenance vendor contracts to multiple lowest responsible bidders.,2026-07-21,2026-07-21,6_award,1
95,Commack Union Free School District,NCES-3608130,CHS Anatomage Lab and CHS Digital Media Lab,Flooring installation for CHS Anatomage Lab and CHS Digital Media Lab,2026-07-21,2026-07-21,6_award,1
188,Sagaponack Common School District,NCES-3625410,Sagaponack Common School District,Emergency repair of the garbage container bin.,2026-07-14,2026-07-14,6_award,1
1387,Western Suffolk Boces,NCES-3680860,Facilities Division,Sanitary system maintenance services for facilities.,2026-07-14,2026-07-14,6_award,1
1385,Western Suffolk Boces,NCES-3680860,Western Suffolk BOCES,Sanitary system maintenance service contract for 2026/27 school year.,2026-07-14,2026-07-14,6_award,1
1392,Western Suffolk Boces,NCES-3680860,Western Suffolk BOCES,Security video cameras system for 2026/27 school year.,2026-07-14,2026-07-14,6_award,1
1393,Western Suffolk Boces,NCES-3680860,Central Administration,Security video cameras system for central administration.,2026-07-14,2026-07-14,6_award,1
146,Deer Park Union Free School District,NCES-3608880,Memorial,"HVAC reconstruction with change order reducing cost by $32,660.",2026-07-07,2026-07-07,6_award,1
78,Brentwood Union Free School District,NCES-3605280,,"RFP award for general building services including maintenance, new construction, reconstruction, and demolition.",2026-06-18,2026-06-18,6_award,1
73,Brentwood Union Free School District,NCES-3605280,District,Professional services agreement for photovoltaic system maintenance with Sunrise Power Solutions.,2026-06-18,2026-06-18,6_award,2
79,Brentwood Union Free School District,NCES-3605280,District,"RFP award for general construction services including maintenance, new construction, reconstruction and demolition.",2026-06-18,2026-06-18,6_award,1
138,Deer Park Union Free School District,NCES-3608880,,"Fluids for buses, autos and equipment supply contract.",2026-06-17,2026-06-17,6_award,1
123,Deer Park Union Free School District,NCES-3608880,,Burglar alarm system monitoring service.,2026-06-17,2026-06-17,6_award,2
151,Deer Park Union Free School District,NCES-3608880,District-wide,Landscaping and groundskeeping materials and supplies.,2026-06-17,2026-06-17,6_award,3
117,Deer Park Union Free School District,NCES-3608880,District-wide,Athletic equipment and supplies procurement.,2026-06-17,2026-06-17,6_award,1
137,Deer Park Union Free School District,NCES-3608880,,"Fleet inspection, preventive maintenance and repair for buses and autos.",2026-06-17,2026-06-17,6_award,1
128,Deer Park Union Free School District,NCES-3608880,,Cesspool cleaning and tank pumping service contract.,2026-06-17,2026-06-17,6_award,1
125,Deer Park Union Free School District,NCES-3608880,,"Bus, auto and fleet inspection, preventive maintenance and repair services.",2026-06-17,2026-06-17,6_award,1
127,Deer Park Union Free School District,NCES-3608880,,Cesspool cleaning and tank pumping maintenance service.,2026-06-17,2026-06-17,6_award,1
100,Commack Union Free School District,NCES-3608130,Cedar Road,PA system installation at Cedar Road,2026-06-04,2026-06-04,6_award,1
557,West Islip Union Free School District,NCES-3630690,West Islip School District,Gates and chain link fencing installation and repair for multiple school sites.,2026-05-07,2026-05-07,6_award,1
876,West Islip Union Free School District,NCES-3630690,West Islip School District,Tree pruning and removal services contract award.,2026-05-07,2026-05-07,6_award,1
686,West Islip Union Free School District,NCES-3630690,,Maintenance service for pneumatic and DDC control systems.,2006-12-01,2026-05-07,6_award,6
685,West Islip Union Free School District,NCES-3630690,,Maintenance service for pneumatic and DDC control systems,2010-06-01,2026-05-07,6_award,2
487,West Islip Union Free School District,NCES-3630690,West Islip School District,Electrical repairs and services contract for the district.,2026-05-07,2026-05-07,6_award,1
874,West Islip Union Free School District,NCES-3630690,,Tree pruning and care services for district properties.,2005-09-01,2026-05-05,6_award,4
172,Deer Park Union Free School District,NCES-3608880,District Wide,Upgrade of DMP XR200 intrusion system panel with maintenance contract.,2026-04-21,2026-04-21,6_award,1
139,Deer Park Union Free School District,NCES-3608880,,General construction single prime trade capital improvement project.,2026-04-21,2026-04-21,6_award,2
979,Western Suffolk Boces,NCES-3680860,JEA MEL,Classroom sidewalk replacements.,2026-04-14,2026-04-14,6_award,1
1007,Western Suffolk Boces,NCES-3680860,Western Suffolk BOCES,"Door access control systems installation, maintenance and repair for the 2026/27 school year.",2026-04-14,2026-04-14,6_award,1
1172,Western Suffolk Boces,NCES-3680860,Chestnut,New ADA lever lockdown hardware swaps.,2026-04-14,2026-04-14,6_award,1
1309,Western Suffolk Boces,NCES-3680860,Manor Plains High School,Replace failed ice maker with commercial-grade Manitowoc undercounter unit.,2026-04-14,2026-04-14,6_award,1
995,Western Suffolk Boces,NCES-3680860,Western Suffolk BOCES,Custodial cleaning services for the 2026/27 school year.,2026-04-14,2026-04-14,6_award,1
776,West Islip Union Free School District,NCES-3630690,"Multiple (Bayview, PJ Bellew, Oquenock, Manetuck, Kirdahy, Westbrook, Beach Street Middle, Udall Road Middle, West Islip High, Masera Learning Center)",Refrigeration repair and service contract across ten school buildings.,2026-03-12,2026-03-12,6_award,1
107,Commack Union Free School District,NCES-3608130,Commack High School,School of Medicine construction at Commack High School via piggybacking on Bay Shore UFSD bid award.,2026-03-12,2026-03-12,6_award,1
237,West Islip Union Free School District,NCES-3630690,West Islip UFSD,Annual HVAC maintenance service contract with labor and materials.,2026-03-12,2026-03-12,6_award,1
221,Wainscott Common School District,NCES-3629760,Wainscott Common School,Snow removal services for the 2025-2026 school year.,2026-01-21,2026-01-21,6_award,1
215,Wainscott Common School District,NCES-3629760,Wainscott Common School,Interior painting work at the school.,2026-01-21,2026-01-21,6_award,1
222,Wainscott Common School District,NCES-3629760,Wainscott Common School,Tree trimming and debris removal service.,2026-01-21,2026-01-21,6_award,1
121,Deer Park Union Free School District,NCES-3608880,Deer Park UFSD,"Boiler and burner equipment maintenance, service and repair contract.",2025-10-28,2025-10-28,6_award,2
149,Deer Park Union Free School District,NCES-3608880,,"Indoor bleacher and basketball backstop maintenance, inspection, service and repair.",2025-10-28,2025-10-28,6_award,1
148,Deer Park Union Free School District,NCES-3608880,,Indoor bleacher and basketball backstop maintenance and repair.,2025-10-28,2025-10-28,6_award,1
166,Deer Park Union Free School District,NCES-3608880,,Service and rebuild pumps and electrical motors maintenance contract.,2025-10-28,2025-10-28,6_award,1
163,Deer Park Union Free School District,NCES-3608880,,"Pump and motor service, rebuild and repair for renewal.",2025-10-28,2025-10-28,6_award,1
143,Deer Park Union Free School District,NCES-3608880,,Hardware and miscellaneous items supply contract.,2025-10-28,2025-10-28,6_award,1
142,Deer Park Union Free School District,NCES-3608880,,Hardware and miscellaneous items maintenance contract.,2025-10-28,2025-10-28,6_award,1
111,Commack Union Free School District,NCES-3608130,Commack High School,Sports lighting installation at Commack High School.,2025-10-09,2025-10-09,6_award,1
307,West Islip Union Free School District,NCES-3630690,,Boiler maintenance service extension.,2012-06-01,2012-06-01,6_award,1
296,West Islip Union Free School District,NCES-3630690,,Boiler breeching repair work.,2012-06-01,2012-06-01,6_award,2
569,West Islip Union Free School District,NCES-3630690,,General construction for athletic storage buildings.,2012-06-01,2012-06-01,6_award,1
525,West Islip Union Free School District,NCES-3630690,,Fire alarm and security systems maintenance and monitoring.,2012-06-01,2012-06-01,6_award,1
357,West Islip Union Free School District,NCES-3630690,West Islip High School,Cafeteria toilet renovation and replacement.,2012-03-01,2012-03-01,6_award,1
742,West Islip Union Free School District,NCES-3630690,West Islip High School,Pool locker rooms renovation project.,2012-03-01,2012-03-01,6_award,1
741,West Islip Union Free School District,NCES-3630690,West Islip High School,Pool locker rooms renovation and reconstruction.,2012-03-01,2012-03-01,6_award,1
358,West Islip Union Free School District,NCES-3630690,West Islip High School,Cafeteria toilets renovation project.,2012-03-01,2012-03-01,6_award,1
584,West Islip Union Free School District,NCES-3630690,,"Heating, Ventilation and Air Conditioning Service Contract awarded.",2011-06-01,2011-06-01,6_award,1
492,West Islip Union Free School District,NCES-3630690,High School,Electrical work change order at High School location.,2011-06-01,2011-06-01,6_award,1
491,West Islip Union Free School District,NCES-3630690,Beach Street,Electrical work change order at Beach Street location.,2011-06-01,2011-06-01,6_award,1
304,West Islip Union Free School District,NCES-3630690,,Boiler Maintenance service contract awarded.,2011-06-01,2011-06-01,6_award,1
550,West Islip Union Free School District,NCES-3630690,,Gates and Chain Link Fencing bid awarded.,2011-06-01,2011-06-01,6_award,1
493,West Islip Union Free School District,NCES-3630690,Udall Road,Electrical work change order at Udall Road location.,2011-06-01,2011-06-01,6_award,1
458,West Islip Union Free School District,NCES-3630690,Udall Road,Electrical contracting work with change order adjustment,2011-06-01,2011-06-01,6_award,3
813,West Islip Union Free School District,NCES-3630690,,Roof Repairs service contract awarded.,2011-06-01,2011-06-01,6_award,1
459,West Islip Union Free School District,NCES-3630690,Udall Road,Electrical contracting work with change order adjustments.,2011-06-01,2011-06-01,6_award,3
288,West Islip Union Free School District,NCES-3630690,,Boiler and Breeching Cleaning service contract awarded.,2011-06-01,2011-06-01,6_award,1
680,West Islip Union Free School District,NCES-3630690,,Maintenance and service for pneumatic and DDC control systems.,2011-05-01,2011-05-01,6_award,1
681,West Islip Union Free School District,NCES-3630690,,Maintenance and service for pneumatic and DDC control systems bid extension.,2011-05-01,2011-05-01,6_award,1
271,West Islip Union Free School District,NCES-3630690,,Bid award for boiler breeching and repair work,2011-05-01,2011-05-01,6_award,1
292,West Islip Union Free School District,NCES-3630690,,Boiler breeching and repair work bid extension awarded.,2011-05-01,2011-05-01,6_award,1
273,West Islip Union Free School District,NCES-3630690,,Bid award for maintenance and service of pneumatic and DDC control systems,2011-05-01,2011-05-01,6_award,1
272,West Islip Union Free School District,NCES-3630690,,Bid award for fire alarm system maintenance and security alarm system repair and monitoring,2011-05-01,2011-05-01,6_award,1
293,West Islip Union Free School District,NCES-3630690,,Boiler breeching and repair work contract awarded.,2011-05-01,2011-05-01,6_award,1
527,West Islip Union Free School District,NCES-3630690,,"Fire alarm, security alarm maintenance, repair, and monitoring services.",2011-05-01,2011-05-01,6_award,1
733,West Islip Union Free School District,NCES-3630690,High School,Pole vault mat and weather cover for pole vault pit awarded to vendor.,2010-11-01,2010-11-01,6_award,1
732,West Islip Union Free School District,NCES-3630690,High School,Pole vault mat and weather cover bid awarded.,2010-11-01,2010-11-01,6_award,1
731,West Islip Union Free School District,NCES-3630690,VS Athletics,Pole vault mat and weather cover bid approval.,2010-11-01,2010-11-01,6_award,1
317,West Islip Union Free School District,NCES-3630690,,Bond issue change order allowance authorization for construction work.,2010-08-01,2010-08-01,6_award,1
333,West Islip Union Free School District,NCES-3630690,,Bond issue work with allowance authorization for contractor.,2010-08-01,2010-08-01,6_award,1
713,West Islip Union Free School District,NCES-3630690,Masera Learning Center,Phase II Part 2 sewer work contract awarded to All Island Plumbing.,2010-07-01,2010-07-01,6_award,1
808,West Islip Union Free School District,NCES-3630690,Unknown,Roof repair services awarded under ongoing maintenance contract,2010-06-01,2010-06-01,6_award,1
810,West Islip Union Free School District,NCES-3630690,,Roof repairs maintenance and repair services,2010-06-01,2010-06-01,6_award,1
831,West Islip Union Free School District,NCES-3630690,,Site improvements and landscaping maintenance including tree pruning and care services,2010-06-01,2010-06-01,6_award,1
833,West Islip Union Free School District,NCES-3630690,Paul J. Bellew School,Site improvements Phase 1 Part 2 project awarded to contractor.,2010-06-01,2010-06-01,6_award,1
841,West Islip Union Free School District,NCES-3630690,,Snow removal and ice control services,2010-06-01,2010-06-01,6_award,1
295,West Islip Union Free School District,NCES-3630690,,Boiler breeching cleaning service contract extension,2010-06-01,2010-06-01,6_award,1
294,West Islip Union Free School District,NCES-3630690,Unknown,Boiler breeching and repair work services awarded,2010-06-01,2010-06-01,6_award,1
524,West Islip Union Free School District,NCES-3630690,Unknown,"Fire alarm and security alarm systems maintenance, repair and monitoring services awarded",2010-06-01,2010-06-01,6_award,1
522,West Islip Union Free School District,NCES-3630690,,Fire alarm and security alarm systems maintenance and central station monitoring,2010-06-01,2010-06-01,6_award,1
291,West Islip Union Free School District,NCES-3630690,,Boiler breeching and repair work,2010-06-01,2010-06-01,6_award,1
290,West Islip Union Free School District,NCES-3630690,Unknown,Boiler breeching and cleaning services awarded under ongoing contract extension,2010-06-01,2010-06-01,6_award,1
371,West Islip Union Free School District,NCES-3630690,,Change order credit with electrical contractor.,2010-06-01,2010-06-01,6_award,1
498,West Islip Union Free School District,NCES-3630690,,"Electrical work change order providing a $2,500 credit.",2010-06-01,2010-06-01,6_award,1
489,West Islip Union Free School District,NCES-3630690,,Electrical repairs maintenance service contract extension,2010-06-01,2010-06-01,6_award,1
488,West Islip Union Free School District,NCES-3630690,Unknown,Electrical repair services awarded under ongoing contract extension,2010-06-01,2010-06-01,6_award,1
429,West Islip Union Free School District,NCES-3630690,,Contract amendment with mechanical systems provider.,2010-06-01,2010-06-01,6_award,1
428,West Islip Union Free School District,NCES-3630690,,Contract amendment with mechanical systems contractor.,2010-06-01,2010-06-01,6_award,1
687,West Islip Union Free School District,NCES-3630690,Unknown,Maintenance service for pneumatic and DDC control systems awarded,2010-06-01,2010-06-01,6_award,1
608,West Islip Union Free School District,NCES-3630690,,HVAC maintenance service contract extension,2010-06-01,2010-06-01,6_award,1
609,West Islip Union Free School District,NCES-3630690,Unknown,HVAC maintenance services awarded under ongoing contract extension,2010-06-01,2010-06-01,6_award,1
306,West Islip Union Free School District,NCES-3630690,,Boiler maintenance service contract extension,2010-06-01,2010-06-01,6_award,1
309,West Islip Union Free School District,NCES-3630690,Unknown,Boiler maintenance services awarded under ongoing contract extension,2010-06-01,2010-06-01,6_award,1
490,West Islip Union Free School District,NCES-3630690,,Electrical work awarded to contractor.,2010-04-01,2010-04-01,6_award,2
726,West Islip Union Free School District,NCES-3630690,,Plumbing work awarded to contractor.,2010-04-01,2010-04-01,6_award,2
313,West Islip Union Free School District,NCES-3630690,,Boiler replacements awarded to contractor.,2010-04-01,2010-04-01,6_award,2
695,West Islip Union Free School District,NCES-3630690,,Mechanical work awarded to contractor.,2010-04-01,2010-04-01,6_award,2
837,West Islip Union Free School District,NCES-3630690,,Site work awarded to contractor in two separate bid packages.,2010-04-01,2010-04-01,6_award,1
836,West Islip Union Free School District,NCES-3630690,,Site work awarded to contractor in two packages.,2010-04-01,2010-04-01,6_award,1
572,West Islip Union Free School District,NCES-3630690,,General construction work awarded to contractor.,2010-04-01,2010-04-01,6_award,2
327,West Islip Union Free School District,NCES-3630690,,Bond issue construction work with change order processed.,2010-03-01,2010-03-01,6_award,1
838,West Islip Union Free School District,NCES-3630690,,"Site work, surveying and land-related project management services.",2010-02-01,2010-02-01,6_award,1
839,West Islip Union Free School District,NCES-3630690,,"Site work, surveying and land-related project management services continuation.",2010-02-01,2010-02-01,6_award,1
380,West Islip Union Free School District,NCES-3630690,,Change order for Land Tek Group construction work,2009-09-01,2009-09-01,6_award,1
817,West Islip Union Free School District,NCES-3630690,,School construction consultant contract approved by board.,2009-09-01,2009-09-01,6_award,1
678,West Islip Union Free School District,NCES-3630690,,Maintenance and service contract for pneumatic and DDC control systems bid extension awarded.,2009-07-01,2009-07-01,6_award,1
267,West Islip Union Free School District,NCES-3630690,,Athletic uniforms bid awarded to Port Jefferson Sports.,2009-07-01,2009-07-01,6_award,1
840,West Islip Union Free School District,NCES-3630690,,Snow removal and ice control bid extension awarded to Stang Landscaping Corp.,2009-07-01,2009-07-01,6_award,2
683,West Islip Union Free School District,NCES-3630690,,Maintenance and service of pneumatic and DDC control systems bid extension awarded.,2009-07-01,2009-07-01,6_award,2
893,West Islip Union Free School District,NCES-3630690,,Windows bid awarded to Arrow Steel Window Corp.,2009-07-01,2009-07-01,6_award,3
301,West Islip Union Free School District,NCES-3630690,,Boiler maintenance service awarded to Bain Heating and Piping Corp.,2009-06-01,2009-06-01,6_award,1
406,West Islip Union Free School District,NCES-3630690,,Construction project with bids approved by the board.,2009-06-01,2009-06-01,6_award,1
530,West Islip Union Free School District,NCES-3630690,,Fire alarm system maintenance and repair contract extended to World Wide Security.,2009-06-01,2009-06-01,6_award,1
479,West Islip Union Free School District,NCES-3630690,,Electrical Repair and Services contract awarded to Dennis Bott Electrical.,2009-06-01,2009-06-01,6_award,1
478,West Islip Union Free School District,NCES-3630690,,Electrical repair and services contract awarded to Dennis Bott Electrical.,2009-06-01,2009-06-01,6_award,1
523,West Islip Union Free School District,NCES-3630690,,Fire alarm and security alarm systems maintenance and monitoring contract extended to World Wide Security.,2009-06-01,2009-06-01,6_award,1
585,West Islip Union Free School District,NCES-3630690,,"Heating, Ventilation and Air Conditioning Service Contract awarded to Inter County Mechanical Corp.",2009-06-01,2009-06-01,6_award,1
518,West Islip Union Free School District,NCES-3630690,,Extension of contract for Fire Alarm System maintenance and Security Alarm System repair awarded to World Wide Security.,2009-06-01,2009-06-01,6_award,1
616,West Islip Union Free School District,NCES-3630690,,HVAC service contract awarded to Inter County Mechanical Corp.,2009-06-01,2009-06-01,6_award,1
811,West Islip Union Free School District,NCES-3630690,,Roof repairs service awarded to Saracino Construction Corporation.,2009-06-01,2009-06-01,6_award,1
555,West Islip Union Free School District,NCES-3630690,,Gates and chain link fencing contract awarded to Ideal Fence Corp.,2009-06-01,2009-06-01,6_award,1
394,West Islip Union Free School District,NCES-3630690,,Construction bids were approved by the board.,2009-06-01,2009-06-01,6_award,1
285,West Islip Union Free School District,NCES-3630690,,Boiler and breeching cleaning service awarded to Cunningham Duct Cleaning Company.,2009-06-01,2009-06-01,6_award,1
805,West Islip Union Free School District,NCES-3630690,,Roof Repairs contract awarded to Saracino Construction Corporation.,2009-06-01,2009-06-01,6_award,1
872,West Islip Union Free School District,NCES-3630690,,Tree pruning and care services contract extended to Stapleton Tree & Landscape.,2009-06-01,2009-06-01,6_award,1
315,West Islip Union Free School District,NCES-3630690,,Bond-funded construction change orders requiring board approval.,2009-05-01,2009-05-01,6_award,2
318,West Islip Union Free School District,NCES-3630690,,Bond issue change order credit for electrical work.,2008-05-01,2008-05-01,6_award,2
366,West Islip Union Free School District,NCES-3630690,District (multiple locations),Carpet installation project with deduct change order.,2008-03-01,2008-03-01,6_award,1
611,West Islip Union Free School District,NCES-3630690,District (multiple locations),HVAC mechanical work with deduct change order.,2008-03-01,2008-03-01,6_award,1
694,West Islip Union Free School District,NCES-3630690,not specified,Mechanical system change order with cost reduction.,2008-03-01,2008-03-01,6_award,1
365,West Islip Union Free School District,NCES-3630690,not specified,Carpet distribution change order with cost reduction.,2008-03-01,2008-03-01,6_award,1
329,West Islip Union Free School District,NCES-3630690,Not specified,"Bond issue project change orders approved, including carpet and mechanical work.",2008-03-01,2008-03-01,6_award,1
299,West Islip Union Free School District,NCES-3630690,,Boiler maintenance contract awarded to Bain Heating and Piping Corp.,2008-02-01,2008-02-01,6_award,1
804,West Islip Union Free School District,NCES-3630690,,"Roof repairs contract awarded to Best Roofing of NJ, Inc.",2008-02-01,2008-02-01,6_award,1
310,West Islip Union Free School District,NCES-3630690,,Boiler maintenance services contract awarded to vendor.,2008-02-01,2008-02-01,6_award,1
390,West Islip Union Free School District,NCES-3630690,,Cleaning of closed drainage systems contract awarded to National Water Main Cleaning Co.,2008-02-01,2008-02-01,6_award,1
806,West Islip Union Free School District,NCES-3630690,,Roof repairs contract awarded to vendor.,2008-02-01,2008-02-01,6_award,1
392,West Islip Union Free School District,NCES-3630690,,Closed drainage systems cleaning contract awarded to vendor.,2008-02-01,2008-02-01,6_award,1
556,West Islip Union Free School District,NCES-3630690,,Gates and chain link fencing installation.,2005-12-01,2007-12-01,6_award,2
771,West Islip Union Free School District,NCES-3630690,Udall Road M.S.,Purchase of portable scoreboard for athletic facility.,2007-12-01,2007-12-01,6_award,1
558,West Islip Union Free School District,NCES-3630690,,Gates and chain link fencing project awarded to contractor.,2007-12-01,2007-12-01,6_award,1
581,West Islip Union Free School District,NCES-3630690,,"Heating, Ventilation and Air Conditioning Service Contract",2007-11-01,2007-11-01,6_award,1
520,West Islip Union Free School District,NCES-3630690,,Exterior Bleacher installation,2007-11-01,2007-11-01,6_award,1
249,West Islip Union Free School District,NCES-3630690,Bayview,Asbestos abatement.,2006-06-01,2007-11-01,6_award,2
519,West Islip Union Free School District,NCES-3630690,,Exterior bleacher installation.,2007-11-01,2007-11-01,6_award,1
722,West Islip Union Free School District,NCES-3630690,District,Plumbing reconstruction.,2006-06-01,2007-11-01,6_award,2
723,West Islip Union Free School District,NCES-3630690,,Plumbing Reconstruction,2007-11-01,2007-11-01,6_award,1
250,West Islip Union Free School District,NCES-3630690,,Asbestos Abatement,2007-11-01,2007-11-01,6_award,1
465,West Islip Union Free School District,NCES-3630690,District,Electrical reconstruction.,2006-06-01,2007-11-01,6_award,2
466,West Islip Union Free School District,NCES-3630690,,Electrical Reconstruction,2007-11-01,2007-11-01,6_award,1
580,West Islip Union Free School District,NCES-3630690,,"Heating, ventilation and air conditioning service contract.",2007-11-01,2007-11-01,6_award,1
486,West Islip Union Free School District,NCES-3630690,,Electrical Repairs and Services,2007-11-01,2007-11-01,6_award,1
485,West Islip Union Free School District,NCES-3630690,,Electrical repairs and services.,2007-11-01,2007-11-01,6_award,1
777,West Islip Union Free School District,NCES-3630690,,Refrigeration repair and service contract awarded.,2005-08-01,2007-10-01,6_award,4
282,West Islip Union Free School District,NCES-3630690,,Boiler and breeching cleaning contract awarded on yearly base contract.,2007-10-01,2007-10-01,6_award,1
264,West Islip Union Free School District,NCES-3630690,,Athletic field renovation project bid awarded.,2007-10-01,2007-10-01,6_award,1
263,West Islip Union Free School District,NCES-3630690,,Athletic field renovation project awarded.,2007-10-01,2007-10-01,6_award,2
281,West Islip Union Free School District,NCES-3630690,,Boiler and breeching cleaning annual contract awarded.,2007-10-01,2007-10-01,6_award,1
283,West Islip Union Free School District,NCES-3630690,,Boiler and breeching cleaning contract awarded with yearly base price.,2007-10-01,2007-10-01,6_award,1
845,West Islip Union Free School District,NCES-3630690,,Snow removal and ice control services for the district.,2007-09-01,2007-09-01,6_award,2
369,West Islip Union Free School District,NCES-3630690,,Central Station Monitoring of Security and Fire Alarm Systems annual contract.,2007-05-01,2007-05-01,6_award,2
367,West Islip Union Free School District,NCES-3630690,,Central station monitoring of security and fire alarm systems.,2007-05-01,2007-05-01,6_award,1
467,West Islip Union Free School District,NCES-3630690,Captree,Electrical reconstruction at Captree building.,2007-02-01,2007-02-01,6_award,1
860,West Islip Union Free School District,NCES-3630690,,Tennis court construction or reconstruction awarded to contractor.,2007-02-01,2007-02-01,6_award,1
312,West Islip Union Free School District,NCES-3630690,Captree,Boiler replacement at Captree building awarded to mechanical contractor.,2007-02-01,2007-02-01,6_award,1
253,West Islip Union Free School District,NCES-3630690,High School,Asbestos abatement project at high school.,2007-02-01,2007-02-01,6_award,1
311,West Islip Union Free School District,NCES-3630690,Captree,Boiler replacement at Captree building.,2007-02-01,2007-02-01,6_award,1
255,West Islip Union Free School District,NCES-3630690,High School,Asbestos abatement work at High School awarded to environmental contractor.,2007-02-01,2007-02-01,6_award,1
861,West Islip Union Free School District,NCES-3630690,,Tennis court construction or renovation awarded to contractor.,2007-02-01,2007-02-01,6_award,1
755,West Islip Union Free School District,NCES-3630690,,"Portable two-way radio, intercom, audio repair and soundfield system repairs awarded to Associated Audio Service.",2007-02-01,2007-02-01,6_award,1
468,West Islip Union Free School District,NCES-3630690,Captree,Electrical reconstruction at Captree building awarded to electrical contractor.,2007-02-01,2007-02-01,6_award,1
881,West Islip Union Free School District,NCES-3630690,Captree,"Ultimate Power electrical work with $5,000 credit change order.",2007-02-01,2007-02-01,6_award,1
754,West Islip Union Free School District,NCES-3630690,,"Portable two-way radio, intercom, audio repair and soundfield system repairs.",2007-02-01,2007-02-01,6_award,1
677,West Islip Union Free School District,NCES-3630690,,Maintenance and repair of security alarm systems.,2006-12-01,2006-12-01,6_award,2
403,West Islip Union Free School District,NCES-3630690,West Islip Public Library,Construction or renovation change order for West Islip Public Library.,2006-11-01,2006-11-01,6_award,1
402,West Islip Union Free School District,NCES-3630690,West Islip Public Library,Construction or renovation change order approved.,2006-11-01,2006-11-01,6_award,1
719,West Islip Union Free School District,NCES-3630690,,Plumbing change order for ARA Plumbing Corp.,2006-11-01,2006-11-01,6_award,1
289,West Islip Union Free School District,NCES-3630690,,Boiler breaching repair work awarded to contractor.,2006-10-01,2006-10-01,6_award,2
843,West Islip Union Free School District,NCES-3630690,,Snow removal and ice control services for district facilities.,2006-09-01,2006-09-01,6_award,1
871,West Islip Union Free School District,NCES-3630690,,Tree pruning and care services.,2006-09-01,2006-09-01,6_award,1
842,West Islip Union Free School District,NCES-3630690,District,Snow removal and ice control services.,2006-09-01,2006-09-01,6_award,2
480,West Islip Union Free School District,NCES-3630690,,Electrical repair and services contract awarded to Dennis Bott Electrical Contracting.,2006-08-01,2006-08-01,6_award,2
566,West Islip Union Free School District,NCES-3630690,Multiple,General construction contract awarded to Stalco Construction.,2006-06-01,2006-06-01,6_award,1
469,West Islip Union Free School District,NCES-3630690,High School,Electrical reconstruction at High School.,2006-06-01,2006-06-01,6_award,1
613,West Islip Union Free School District,NCES-3630690,District,HVAC reconstruction.,2006-06-01,2006-06-01,6_award,1
573,West Islip Union Free School District,NCES-3630690,not specified,General construction work contracted to Stalco Construction.,2006-06-01,2006-06-01,6_award,1
470,West Islip Union Free School District,NCES-3630690,Multiple,Electrical reconstruction contract awarded.,2006-06-01,2006-06-01,6_award,1
471,West Islip Union Free School District,NCES-3630690,High School,Electrical reconstruction contract awarded at High School.,2006-06-01,2006-06-01,6_award,1
472,West Islip Union Free School District,NCES-3630690,not specified,Electrical reconstruction work awarded.,2006-06-01,2006-06-01,6_award,1
615,West Islip Union Free School District,NCES-3630690,not specified,HVAC reconstruction work awarded to Ultimate Power.,2006-06-01,2006-06-01,6_award,1
252,West Islip Union Free School District,NCES-3630690,Bayview,Asbestos abatement contract awarded at Bayview.,2006-06-01,2006-06-01,6_award,1
725,West Islip Union Free School District,NCES-3630690,not specified,Plumbing reconstruction work awarded to ARA Plumbing.,2006-06-01,2006-06-01,6_award,1
724,West Islip Union Free School District,NCES-3630690,Multiple,Plumbing reconstruction contract awarded.,2006-06-01,2006-06-01,6_award,1
571,West Islip Union Free School District,NCES-3630690,District,General construction reconstruction work.,2006-06-01,2006-06-01,6_award,1
567,West Islip Union Free School District,NCES-3630690,Udall and High School,General construction contract awarded to Stalco Construction at Udall and High School.,2006-06-01,2006-06-01,6_award,1
542,West Islip Union Free School District,NCES-3630690,Multiple,Flooring replacement and asbestos removal contract awarded.,2006-06-01,2006-06-01,6_award,1
614,West Islip Union Free School District,NCES-3630690,Multiple,HVAC reconstruction contract awarded.,2006-06-01,2006-06-01,6_award,1
564,West Islip Union Free School District,NCES-3630690,Udall and High School,General construction at Udall and High School.,2006-06-01,2006-06-01,6_award,1
541,West Islip Union Free School District,NCES-3630690,District,Flooring replacement and asbestos removal.,2006-06-01,2006-06-01,6_award,1
368,West Islip Union Free School District,NCES-3630690,,Central station monitoring of security and fire alarm systems annual contract.,2006-05-01,2006-05-01,6_award,1
370,West Islip Union Free School District,NCES-3630690,,Central Station Monitoring of Security and Fire Alarm Systems annual contract awarded.,2006-05-01,2006-05-01,6_award,1
679,West Islip Union Free School District,NCES-3630690,,Maintenance and service for master/secondary clock systems annual contract.,2006-05-01,2006-05-01,6_award,1
682,West Islip Union Free School District,NCES-3630690,,Maintenance and Service Master/Secondary Clock Systems contract awarded.,2006-05-01,2006-05-01,6_award,1
829,West Islip Union Free School District,NCES-3630690,,Settlement agreement with Commercial Door System regarding door systems.,2006-05-01,2006-05-01,6_award,1
828,West Islip Union Free School District,NCES-3630690,,Settlement agreement with Commercial Door System authorized for signature.,2006-05-01,2006-05-01,6_award,1
531,West Islip Union Free School District,NCES-3630690,,Fire alarm system maintenance annual contract.,2006-05-01,2006-05-01,6_award,1
532,West Islip Union Free School District,NCES-3630690,,Fire Alarm System Maintenance contract awarded.,2006-05-01,2006-05-01,6_award,1
438,West Islip Union Free School District,NCES-3630690,,District maintenance vehicle purchase awarded to vendor.,2006-03-01,2006-03-01,6_award,1
688,West Islip Union Free School District,NCES-3630690,,Maintenance vehicle purchase,2006-03-01,2006-03-01,6_award,1
308,West Islip Union Free School District,NCES-3630690,,Boiler maintenance services.,2005-12-01,2005-12-01,6_award,1
551,West Islip Union Free School District,NCES-3630690,,Gates and chain link fencing bid awarded to Ideal Fence Corp.,2004-10-01,2005-12-01,6_award,2
617,West Islip Union Free School District,NCES-3630690,,HVAC services contract with labor rate for repairs.,2005-11-01,2005-11-01,6_award,1
254,West Islip Union Free School District,NCES-3630690,,Asbestos abatement project awarded to environmental contractor.,2005-11-01,2005-11-01,6_award,1
587,West Islip Union Free School District,NCES-3630690,,"Heating, ventilation and air conditioning services contract awarded with hourly labor rate for repairs.",2005-11-01,2005-11-01,6_award,1
258,West Islip Union Free School District,NCES-3630690,,Asbestos abatement work requisitioned from environmental contractor.,2005-11-01,2005-11-01,6_award,1
844,West Islip Union Free School District,NCES-3630690,,Snow removal and ice control services for district properties.,2005-09-01,2005-09-01,6_award,2
752,West Islip Union Free School District,NCES-3630690,,Portable backstop and pitching machine for softball and baseball programs.,2005-08-01,2005-08-01,6_award,1
778,West Islip Union Free School District,NCES-3630690,,Refrigeration repair and service contract awarded to Commercial Instrumentation Services.,2005-08-01,2005-08-01,6_award,1
256,West Islip Union Free School District,NCES-3630690,"Oquenock School, Westbrook",Asbestos abatement work at multiple school buildings.,2005-07-01,2005-07-01,6_award,1
476,West Islip Union Free School District,NCES-3630690,,Electrical repair and services contract awarded.,2005-07-01,2005-07-01,6_award,2
257,West Islip Union Free School District,NCES-3630690,"Oquenock School, Westbrook",Asbestos abatement work at multiple school locations.,2005-07-01,2005-07-01,6_award,1
319,West Islip Union Free School District,NCES-3630690,,Bond issue change order credit with Paza Contracting.,2005-05-01,2005-05-01,6_award,1
260,West Islip Union Free School District,NCES-3630690,,Asphalt pavement reconstruction work,2005-03-01,2005-03-01,6_award,1
232,West Islip Union Free School District,NCES-3630690,Paul J. Bellew School,Additional asbestos or environmental abatement work.,2005-03-01,2005-03-01,6_award,1
231,West Islip Union Free School District,NCES-3630690,Paul J. Bellew School,Additional abatement work via change order,2005-03-01,2005-03-01,6_award,1
259,West Islip Union Free School District,NCES-3630690,,Asphalt pavement reconstruction project awarded to contractor.,2005-03-01,2005-03-01,6_award,1
623,West Islip Union Free School District,NCES-3630690,Udall Road Middle School,Installation of pavers at courtyard,2005-03-01,2005-03-01,6_award,1
864,West Islip Union Free School District,NCES-3630690,High School,Track and field reconstruction at high school,2004-11-01,2004-11-01,6_award,1
865,West Islip Union Free School District,NCES-3630690,High School,Track and field reconstruction project awarded to contractor.,2004-11-01,2004-11-01,6_award,1
691,West Islip Union Free School District,NCES-3630690,High School,Masonry reconstruction at high school,2004-11-01,2004-11-01,6_award,1
692,West Islip Union Free School District,NCES-3630690,High School,Masonry reconstruction work including elevation repairs at high school.,2004-11-01,2004-11-01,6_award,1
866,West Islip Union Free School District,NCES-3630690,High School,Track and field reconstruction with turf donation from LandTek Group,2004-11-01,2004-11-01,6_award,1
338,West Islip Union Free School District,NCES-3630690,,"Bond payment to J.D. Posillico, Inc. for construction services.",2004-10-01,2004-10-01,6_award,1
297,West Islip Union Free School District,NCES-3630690,,Boiler maintenance bid awarded to Bain Heating & Piping Corp.,2004-10-01,2004-10-01,6_award,1
336,West Islip Union Free School District,NCES-3630690,,Bond payment to CBS Whitcom for construction or project services.,2004-10-01,2004-10-01,6_award,1
334,West Islip Union Free School District,NCES-3630690,,Bond payment to ARA Plumbing Corp for completed plumbing work.,2004-10-01,2004-10-01,6_award,1
659,West Islip Union Free School District,NCES-3630690,Library,Library bond issue change order payments to contractor for completed work.,2004-08-01,2004-08-01,6_award,1
661,West Islip Union Free School District,NCES-3630690,,Library bond issue change orders for construction work.,2004-08-01,2004-08-01,6_award,1
544,West Islip Union Free School District,NCES-3630690,,FRP doors settlement and credit change order with Quad Construction.,2004-06-01,2004-06-01,6_award,1
543,West Islip Union Free School District,NCES-3630690,,FRP doors settlement and credit change order with construction contractor.,2004-06-01,2004-06-01,6_award,1
660,West Islip Union Free School District,NCES-3630690,Library,Library bond issue change orders approved by Finance Committee.,2004-06-01,2004-06-01,6_award,2
782,West Islip Union Free School District,NCES-3630690,,Refuse removal service contract awarded.,2004-05-01,2004-05-01,6_award,1
770,West Islip Union Free School District,NCES-3630690,,Purchase of bleachers for athletic facilities funded by donation.,2004-05-01,2004-05-01,6_award,1
278,West Islip Union Free School District,NCES-3630690,,Bleachers purchase for athletic facilities.,2004-05-01,2004-05-01,6_award,1
781,West Islip Union Free School District,NCES-3630690,,Refuse removal service contract.,2004-05-01,2004-05-01,6_award,1
607,West Islip Union Free School District,NCES-3630690,Library (bond issue project),HVAC and temperature control work for library bond issue project.,2004-03-01,2004-03-01,6_award,1
618,West Islip Union Free School District,NCES-3630690,Library,HVAC work as part of library bond issue project with change order.,2004-03-01,2004-03-01,6_award,1
662,West Islip Union Free School District,NCES-3630690,Library,Library bond issue construction work with change order to general contractor.,2004-03-01,2004-03-01,6_award,1
570,West Islip Union Free School District,NCES-3630690,Library (bond issue project),General construction or site work for library bond issue project.,2004-03-01,2004-03-01,6_award,1
798,West Islip Union Free School District,NCES-3630690,districtwide,Replacement of exterior doors across all district buildings.,2004-01-01,2004-01-01,6_award,1
765,West Islip Union Free School District,NCES-3630690,,Purchase and installation of an infield groomer for athletic field.,2004-01-01,2004-01-01,6_award,1
766,West Islip Union Free School District,NCES-3630690,,Purchase and installation of an infield groomer for athletic field maintenance.,2004-01-01,2004-01-01,6_award,1
799,West Islip Union Free School District,NCES-3630690,districtwide,Replacement of exterior doors throughout the district.,2004-01-01,2004-01-01,6_award,1
325,West Islip Union Free School District,NCES-3630690,High School,Bond issue construction work performed at High School.,2003-12-01,2003-12-01,6_award,1
895,West Islip Union Free School District,NCES-3630690,High School,Work performed at High School under bond issue.,2003-12-01,2003-12-01,6_award,1
672,West Islip Union Free School District,NCES-3630690,Library,Library construction or renovation with change orders to two contractors.,2003-11-01,2003-11-01,6_award,1
671,West Islip Union Free School District,NCES-3630690,Library,Library change orders for construction or renovation work.,2003-11-01,2003-11-01,6_award,1
1141,Western Suffolk Boces,NCES-3680860,Western Suffolk BOCES,Mobotix equipment installation and repairs contract extension for 2022/23 school year.,,,6_award,1
1008,Western Suffolk Boces,NCES-3680860,Western Suffolk BOCES,"Door access control systems installation, maintenance and repair services.",,,6_award,1
1085,Western Suffolk Boces,NCES-3680860,Byram Hills School District,"HVAC on-call annual service for repair, installation and emergency services.",,,6_award,1
1386,Western Suffolk Boces,NCES-3680860,Western Suffolk BOCES,Sanitary system maintenance services.,,,6_award,1
1247,Western Suffolk Boces,NCES-3680860,Western Suffolk BOCES,Purchase of electrical equipment and supplies for the 2024/25 school year from multiple vendors.,,,6_award,1
48,Brentwood Union Free School District,NCES-3605280,District facilities,"General building services for maintenance, new construction, reconstruction and demolition services awarded to Belfor Long Island.",,,6_award,1
1232,Western Suffolk Boces,NCES-3680860,Western Suffolk BOCES,Pest control and integrated pest management services for the 2023/24 school year.,,,6_award,1
952,Western Suffolk Boces,NCES-3680860,Western Suffolk BOCES,"Burner and boiler maintenance, repair, and fuel oil tank monitoring contract extension for 2022/23 school year.",,,6_award,1
951,Western Suffolk Boces,NCES-3680860,Western Suffolk BOCES,Burner and boiler maintenance and repair services.,,,6_award,1
945,Western Suffolk Boces,NCES-3680860,,Board approved bid awards to lowest responsible bidders meeting specifications.,,,6_award,1
1248,Western Suffolk Boces,NCES-3680860,Western Suffolk BOCES,Purchase of iConnect training unit multi-head mini split heat pump trainer for CTE curriculum.,,,6_award,1
944,Western Suffolk Boces,NCES-3680860,,Board approval of bid awards for unspecified projects or purchases.,,,6_award,1
943,Western Suffolk Boces,NCES-3680860,,Bid awards approved to lowest bidders meeting specifications.,,,6_award,1
1142,Western Suffolk Boces,NCES-3680860,Western Suffolk BOCES,"Mobotix equipment, installation and repairs for video security systems.",,,6_award,1
939,Western Suffolk Boces,NCES-3680860,,Automatic temperature control service and repair through participated bid contract.,,,6_award,1
1032,Western Suffolk Boces,NCES-3680860,Western Suffolk BOCES,Elevator and dumbwaiter maintenance services.,,,6_award,1
1250,Western Suffolk Boces,NCES-3680860,Western Suffolk BOCES,Purchase of welding equipment and supplies for the 2024/25 school year from multiple vendors.,,,6_award,1
182,Mount Sinai Union Free School District,NCES-3620040,Mount Sinai Union Free School District,Video camera security system installation and provision funded by Smart Schools.,,,6_award,1
181,Mount Sinai Union Free School District,NCES-3620040,Mount Sinai Union Free School District,Technology infrastructure refresh and network upgrades through Smart Schools program.,,,6_award,1
937,Western Suffolk Boces,NCES-3680860,,Automatic temperature control service and repair contract through Three Village Central School District bid.,,,6_award,3
1145,Western Suffolk Boces,NCES-3680860,Caleb Smith Outdoor Learning Lab,Modular building addition with on-site work at outdoor learning lab.,,,6_award,1
935,Western Suffolk Boces,NCES-3680860,Three Village Central School District,Automatic temperature control service and repair contract.,,,6_award,2
1081,Western Suffolk Boces,NCES-3680860,Western Suffolk BOCES,HVAC equipment and supplies for the 2022/23 school year.,,,6_award,1
1354,Western Suffolk Boces,NCES-3680860,"McGuire Hall #1, Wilson Tech Dix Hills",Replace windows at McGuire Hall #1.,,,6_award,1
1080,Western Suffolk Boces,NCES-3680860,Western Suffolk BOCES,HVAC equipment and supplies for recurring maintenance.,,,6_award,1
1030,Western Suffolk Boces,NCES-3680860,Western Suffolk BOCES,Elevator and dumbwaiter maintenance and repair contract extension for 2022/23 school year.,,,6_award,1
792,West Islip Union Free School District,NCES-3630690,,Replace FRP doors after Pav-lak settlement matter.,,,6_award,1
1079,Western Suffolk Boces,NCES-3680860,Western Suffolk BOCES,HVAC equipment and supplies for BOCES and municipal organizations for 2026/27 school year.,,,6_award,1
29,Brentwood Union Free School District,NCES-3605280,District,Architectural services contract awarded.,,,6_award,1
1419,Western Suffolk Boces,NCES-3680860,Smithtown Central School District (participating entity),"Underground water distribution system installation, maintenance and repair services.",,,6_award,4
920,Western Suffolk Boces,NCES-3680860,Western Suffolk BOCES,Asphalt repairs and maintenance.,,,6_award,1
1147,Western Suffolk Boces,NCES-3680860,,"Multiple bid awards to lowest qualified bidders per January 20, 2022 schedule.",,,6_award,1
1019,Western Suffolk Boces,NCES-3680860,Western Suffolk BOCES,Electrical labor services for the district.,,,6_award,2
1018,Western Suffolk Boces,NCES-3680860,Western Suffolk BOCES,Electrical equipment and supplies for the 2022/23 school year.,,,6_award,1
1060,Western Suffolk Boces,NCES-3680860,Western Suffolk BOCES,Furnish and install food service equipment,,,6_award,1
1179,Western Suffolk Boces,NCES-3680860,Western Suffolk BOCES,Paint and painting supplies for facilities maintenance.,,,6_award,1
1061,Western Suffolk Boces,NCES-3680860,21st Century School,Furnish and install interactive playground gym equipment.,,,6_award,1
1120,Western Suffolk Boces,NCES-3680860,Western Suffolk BOCES,"Kitchen equipment maintenance, service and repairs for the 2023/24 school year.",,,6_award,1
1121,Western Suffolk Boces,NCES-3680860,Western Suffolk BOCES,"Kitchen equipment maintenance, service and repairs for the district.",,,6_award,1
1456,Western Suffolk Boces,NCES-3680860,Western Suffolk BOCES,Welding equipment and supplies for 2022/23 school year.,,,6_award,1
1243,Western Suffolk Boces,NCES-3680860,,Price increases and contract term extension for RFP #22/23-04P-IE5-LH vendors due to documented hardships and unforeseen conditions.,,,6_award,1
1244,Western Suffolk Boces,NCES-3680860,Western Suffolk BOCES,Professional LAN/WAN consulting and audio-visual equipment installation services for schools.,,,6_award,1
996,Western Suffolk Boces,NCES-3680860,Western Suffolk BOCES,Custodial equipment and supplies for recurring maintenance.,,,6_award,1
830,West Islip Union Free School District,NCES-3630690,Not specified,Settlement payment to replace FRP doors,,,6_award,1
1001,Western Suffolk Boces,NCES-3680860,Western Suffolk BOCES District Wide,"District-wide ventilation upgrades, electrical contract E including installation and controls.",,,6_award,1
1002,Western Suffolk Boces,NCES-3680860,Western Suffolk BOCES District Wide,"District-wide ventilation upgrades, mechanical contract H for HVAC systems.",,,6_award,1
1454,Western Suffolk Boces,NCES-3680860,Western Suffolk BOCES,Video management software for video surveillance and monitoring systems.,,,6_award,1
1390,Western Suffolk Boces,NCES-3680860,Western Suffolk BOCES,Security system central station monitoring and service for the 2023/24 school year.,,,6_award,1
1006,Western Suffolk Boces,NCES-3680860,Western Suffolk BOCES,"Door access control systems installation, maintenance and repair contract extension for 2022/23 school year.",,,6_award,1
1346,Western Suffolk Boces,NCES-3680860,JE Allen Alternative,Replace roof top units and unit ventilators at JE Allen Alternative school building.,,,6_award,1
1017,Western Suffolk Boces,NCES-3680860,Western Suffolk BOCES,Electrical equipment and supplies for BOCES and municipal organizations for 2026/27 school year.,,,6_award,1
1459,Western Suffolk Boces,NCES-3680860,"Wilson Tech School - Dix Hills Campus, Jones Hall #1",Window replacement at Jones Hall #1.,,,6_award,1
58,Brentwood Union Free School District,NCES-3605280,BHS Freshman Campus,Lower blinds installation as change order work.,2026-09-16,2026-09-16,7_construction,1
33,Brentwood Union Free School District,NCES-3605280,BHS Ross Center,Ceiling abatement in room 1168.,2026-09-16,2026-09-16,7_construction,1
32,Brentwood Union Free School District,NCES-3605280,BHS,Campus fire detection equipment installation at BHS.,2026-09-16,2026-09-16,7_construction,1
31,Brentwood Union Free School District,NCES-3605280,Brentwood High School Ross Center,Auto shop piping and hallway demolition work.,2026-09-16,2026-09-16,7_construction,1
56,Brentwood Union Free School District,NCES-3605280,Hemlock Park School,Kitchen soffit work at Hemlock Park.,2026-09-16,2026-09-16,7_construction,1
55,Brentwood Union Free School District,NCES-3605280,East Elementary School,Kitchen soffit work at East Elementary.,2026-09-16,2026-09-16,7_construction,1
28,Brentwood Union Free School District,NCES-3605280,Brentwood High School Ross Center,Additional roof removal in vestibule and workshop hallway.,2026-09-16,2026-09-16,7_construction,1
54,Brentwood Union Free School District,NCES-3605280,Oak Park,Kitchen soffits installation as change order work.,2026-09-16,2026-09-16,7_construction,3
27,Brentwood Union Free School District,NCES-3605280,Brentwood High School - Freshman Campus,Additional conduit installation at freshman campus.,2026-09-16,2026-09-16,7_construction,1
53,Brentwood Union Free School District,NCES-3605280,Oak Park,Kitchen soffits at Oak Park.,2026-09-16,2026-09-16,7_construction,1
26,Brentwood Union Free School District,NCES-3605280,BHS Freshman Campus,Additional conduit at BHS Freshman Campus.,2026-09-16,2026-09-16,7_construction,1
25,Brentwood Union Free School District,NCES-3605280,BHS Ross Center,Additional ceiling abatement in vestibule and shop corridor.,2026-09-16,2026-09-16,7_construction,1
24,Brentwood Union Free School District,NCES-3605280,BHS Ross Center,Additional ceiling abatement in vestibule 101 and shop corridor at BHS Ross Center.,2026-09-16,2026-09-16,7_construction,1
23,Brentwood Union Free School District,NCES-3605280,Brentwood High School Ross Center,Adaptive gymnasium roof work.,2026-09-16,2026-09-16,7_construction,1
43,Brentwood Union Free School District,NCES-3605280,Brentwood High School Ross Center,Cosmetology room roof work.,2026-09-16,2026-09-16,7_construction,1
52,Brentwood Union Free School District,NCES-3605280,Hemlock Park,Kitchen soffits at Hemlock Park.,2026-09-16,2026-09-16,7_construction,1
51,Brentwood Union Free School District,NCES-3605280,East Elementary,Kitchen soffits at East Elementary.,2026-09-16,2026-09-16,7_construction,1
88,Brentwood Union Free School District,NCES-3605280,BHS Freshman Campus,Wiring upgrades at BHS Freshman Campus.,2026-09-16,2026-09-16,7_construction,1
42,Brentwood Union Free School District,NCES-3605280,BHS Ross Center,Cosmetology ceiling work at BHS Ross Center.,2026-09-16,2026-09-16,7_construction,1
87,Brentwood Union Free School District,NCES-3605280,Brentwood High School Ross Center,Weight room ceiling roof work.,2026-09-16,2026-09-16,7_construction,1
86,Brentwood Union Free School District,NCES-3605280,BHS Ross Center,Weight room ceiling at BHS Ross Center.,2026-09-16,2026-09-16,7_construction,1
85,Brentwood Union Free School District,NCES-3605280,BHS Ross Center,Weight room ceiling abatement.,2026-09-16,2026-09-16,7_construction,1
84,Brentwood Union Free School District,NCES-3605280,Brentwood High School Ross Center,Steel and insulation removal in workshop floor.,2026-09-16,2026-09-16,7_construction,1
50,Brentwood Union Free School District,NCES-3605280,Brentwood High School - Freshman Campus,Install lower blinds at freshman campus.,2026-09-16,2026-09-16,7_construction,1
77,Brentwood Union Free School District,NCES-3605280,BHS Ross Center,"Remove insulation, epoxy floor in shop room 1168 at BHS Ross Center.",2026-09-16,2026-09-16,7_construction,1
76,Brentwood Union Free School District,NCES-3605280,BHS Ross Center,Remove insulation and epoxy floor in shop room 1168.,2026-09-16,2026-09-16,7_construction,1
41,Brentwood Union Free School District,NCES-3605280,BHS Ross Center,Cosmetology ceiling abatement.,2026-09-16,2026-09-16,7_construction,1
72,Brentwood Union Free School District,NCES-3605280,BHS Ross Center,Power supply for field lighting equipment at BHS Ross Center.,2026-09-16,2026-09-16,7_construction,1
22,Brentwood Union Free School District,NCES-3605280,BHS Ross Center,Adaptive gym ceiling at BHS Ross Center.,2026-09-16,2026-09-16,7_construction,1
40,Brentwood Union Free School District,NCES-3605280,BHS Ross Center,Corridor piping and abatement work in auto shop.,2026-09-16,2026-09-16,7_construction,1
71,Brentwood Union Free School District,NCES-3605280,BHS Ross Center,Power supply for field lighting at BHS Ross Center.,2026-09-16,2026-09-16,7_construction,1
66,Brentwood Union Free School District,NCES-3605280,Oak Park,New walls construction as change order work.,2026-09-16,2026-09-16,7_construction,1
65,Brentwood Union Free School District,NCES-3605280,Oak Park,New walls at Oak Park.,2026-09-16,2026-09-16,7_construction,1
64,Brentwood Union Free School District,NCES-3605280,Oak Park School,New wall construction at Oak Park.,2026-09-16,2026-09-16,7_construction,1
39,Brentwood Union Free School District,NCES-3605280,BHS Ross Center,Corridor piping and abatement at BHS Ross Center auto shop.,2026-09-16,2026-09-16,7_construction,1
38,Brentwood Union Free School District,NCES-3605280,Brentwood High School Ross Center,Central roof demolition in Room 1169A.,2026-09-16,2026-09-16,7_construction,1
37,Brentwood Union Free School District,NCES-3605280,Brentwood High School Ross Center,Central roof demolition in Room 1168.,2026-09-16,2026-09-16,7_construction,1
63,Brentwood Union Free School District,NCES-3605280,BHS Sonderling Center,New valves and hydrants at BHS Sonderling Center.,2026-09-16,2026-09-16,7_construction,1
62,Brentwood Union Free School District,NCES-3605280,BHS Sonderling Center,New valves and fire hydrants installation at BHS Sonderling Center.,2026-09-16,2026-09-16,7_construction,1
36,Brentwood Union Free School District,NCES-3605280,BHS Ross Center,Ceiling abatement in room 1169A at BHS Ross Center.,2026-09-16,2026-09-16,7_construction,1
59,Brentwood Union Free School District,NCES-3605280,BHS Freshman Campus,Lower blinds installation at BHS Freshman Campus.,2026-09-16,2026-09-16,7_construction,1
35,Brentwood Union Free School District,NCES-3605280,BHS Ross Center,Ceiling abatement in room 1169A.,2026-09-16,2026-09-16,7_construction,1
57,Brentwood Union Free School District,NCES-3605280,Oak Park School,Kitchen soffit work at Oak Park.,2026-09-16,2026-09-16,7_construction,1
45,Brentwood Union Free School District,NCES-3605280,Brentwood High School - Freshman Campus,Electrical wiring improvements for freshman campus.,2026-09-16,2026-09-16,7_construction,1
44,Brentwood Union Free School District,NCES-3605280,BHS Freshman Campus,Detectors at BHS Freshman Campus.,2026-09-16,2026-09-16,7_construction,1
34,Brentwood Union Free School District,NCES-3605280,BHS Ross Center,Ceiling abatement in room 1168 at BHS Ross Center.,2026-09-16,2026-09-16,7_construction,1
1258,Western Suffolk Boces,NCES-3680860,WT DH,Remove tree at Building C.,2026-09-08,2026-09-08,7_construction,1
989,Western Suffolk Boces,NCES-3680860,Wilson Tech,Converted half of current low-fidelity Practical Nursing program lab into high-fidelity simulation lab.,2026-09-08,2026-09-08,7_construction,1
1405,Western Suffolk Boces,NCES-3680860,WT DH,Steam clean culinary kitchen ceiling tiles.,2026-09-08,2026-09-08,7_construction,1
1300,Western Suffolk Boces,NCES-3680860,Taukomas,Replace ductless split A/C unit in server room.,2026-09-08,2026-09-08,7_construction,1
910,Western Suffolk Boces,NCES-3680860,Wilson Tech Republic campus,Added an additional section of HVAC by reconfiguring classrooms.,2026-09-08,2026-09-08,7_construction,1
1102,Western Suffolk Boces,NCES-3680860,Chestnut,Install new ADA lever lockdown hardware.,2026-09-08,2026-09-08,7_construction,1
1355,Western Suffolk Boces,NCES-3680860,WT REP,Replace window treatments at WT REP location.,2026-09-08,2026-09-08,7_construction,1
1097,Western Suffolk Boces,NCES-3680860,WT NP,Install air compressor in auto shop.,2026-09-08,2026-09-08,7_construction,1
83,Brentwood Union Free School District,NCES-3605280,BHS - Ross Center,"Site work on bleacher stairs, fencing, and speaker pole connections.",2026-08-20,2026-08-20,7_construction,1
99,Commack Union Free School District,NCES-3608130,CHS,Mock Trial Courtroom project funded by SAMS Grant disbursement.,2026-08-20,2026-08-20,7_construction,1
80,Brentwood Union Free School District,NCES-3605280,BHS – Ross Center,Rooftop gas revisions for mechanical system.,2026-08-20,2026-08-20,7_construction,1
74,Brentwood Union Free School District,NCES-3605280,BHS – Sonderling Center,Reconstruction work including ACT fireproofing and kitchen plumbing with extended waste line.,2026-08-20,2026-08-20,7_construction,1
93,Commack Union Free School District,NCES-3608130,CHS,Digital Media Lab project improvements funded by EXCEL Capital Grant.,2026-08-20,2026-08-20,7_construction,1
129,Deer Park Union Free School District,NCES-3608880,HS,Concession and bathroom renovation at high school.,2026-07-21,2026-07-21,7_construction,1
133,Deer Park Union Free School District,NCES-3608880,HS,Electrical system upgrade at high school; awaiting utility approval.,2026-07-21,2026-07-21,7_construction,1
165,Deer Park Union Free School District,NCES-3608880,Lincoln,Security command center installation at Lincoln school.,2026-07-21,2026-07-21,7_construction,1
81,Brentwood Union Free School District,NCES-3605280,BHS (Brentwood High School),Site work alterations to the new culinary building including new ticket booth.,2026-07-07,2026-07-07,7_construction,1
145,Deer Park Union Free School District,NCES-3608880,Memorial,"HVAC reconstruction with a decrease of $32,660.00 via change order.",2026-07-07,2026-07-07,7_construction,1
68,Brentwood Union Free School District,NCES-3605280,BUFSD,Phase II Site Work continuation and completion with emergency authorization to address partially completed improvements.,2026-06-18,2026-06-18,7_construction,1
47,Brentwood Union Free School District,NCES-3605280,BUFSD,Emergency authorization to complete Phase II site work with The LandTek Group.,2026-06-18,2026-06-18,7_construction,1
60,Brentwood Union Free School District,NCES-3605280,Brentwood School District,Maintenance services for photovoltaic solar systems across the district.,2026-06-18,2026-06-18,7_construction,1
69,Brentwood Union Free School District,NCES-3605280,Brentwood Union Free School District,Photovoltaic system maintenance services contract award to original EPC contractor.,2026-06-18,2026-06-18,7_construction,1
601,West Islip Union Free School District,NCES-3630690,High School,High school pool renovation project.,2026-03-24,2026-06-16,7_construction,2
604,West Islip Union Free School District,NCES-3630690,Bay Shore High School,High school pool renovation with extended timeline.,2026-06-04,2026-06-04,7_construction,1
738,West Islip Union Free School District,NCES-3630690,Beach Street MS,Pool construction project with discovered conditions including drain pipe and abandoned drywells requiring change orders.,2026-06-02,2026-06-02,7_construction,1
130,Deer Park Union Free School District,NCES-3608880,Deer Park High School,Concession stand and bat project construction.,2026-05-28,2026-05-28,7_construction,1
735,West Islip Union Free School District,NCES-3630690,Pool (unnamed location),Pool construction project shown via time-lapse video at Buildings & Grounds meeting.,2026-05-07,2026-05-07,7_construction,1
600,West Islip Union Free School District,NCES-3630690,High School,High school pool renovation project,2026-01-08,2026-05-07,7_construction,2
637,West Islip Union Free School District,NCES-3630690,High School (and District-wide),Keyless lock program completion at high school and security camera cleaning and refocusing district-wide.,2026-05-07,2026-05-07,7_construction,1
545,West Islip Union Free School District,NCES-3630690,Manetuck,"Gaga Ball Court constructed at Manetuck elementary school, built by Girl Scouts.",2026-05-07,2026-05-07,7_construction,1
15,Academy Charter School,NCES-3600997,The Academy Charter School 2 (Wyandanch),"Interior build-out with walls completed, major construction nearing completion, and facility painting underway.",2026-05-01,2026-05-01,7_construction,1
13,Academy Charter School,NCES-3600997,The Academy Charter School 2 (Wyandanch),Facility project with MEP and architectural approvals received; awaiting Certificate of Occupancy from local municipality.,2026-05-01,2026-05-01,7_construction,1
546,West Islip Union Free School District,NCES-3630690,Manetuck,Gaga Ball Court construction completed at Manetuck school.,2026-04-21,2026-04-21,7_construction,1
824,West Islip Union Free School District,NCES-3630690,all buildings,Security cameras cleaned and refocused across all school buildings.,2026-04-21,2026-04-21,7_construction,1
451,West Islip Union Free School District,NCES-3630690,Udall,Door repair at Udall school completing a project with funds from Westbrook.,2026-04-21,2026-04-21,7_construction,1
265,West Islip Union Free School District,NCES-3630690,not specified,Athletic fields being prepared as part of ongoing maintenance.,2026-04-21,2026-04-21,7_construction,1
737,West Islip Union Free School District,NCES-3630690,not specified,Pool construction project underway with progress being monitored.,2026-04-21,2026-04-21,7_construction,1
638,West Islip Union Free School District,NCES-3630690,High School,Keyless lock program installation completed at the high school.,2026-04-21,2026-04-21,7_construction,1
1301,Western Suffolk Boces,NCES-3680860,Taukomas,Replace ductless split air-conditioning in server room.,2026-04-14,2026-04-14,7_construction,1
994,Western Suffolk Boces,NCES-3680860,Republic,Create new staff restroom.,2026-04-14,2026-04-14,7_construction,1
1231,Western Suffolk Boces,NCES-3680860,Chestnut,Perforated window shades in entrance corridor passthrough.,2026-04-14,2026-04-14,7_construction,1
1233,Western Suffolk Boces,NCES-3680860,WT MP,Phase 2 dental assistant model trimmer room.,2026-04-14,2026-04-14,7_construction,1
981,Western Suffolk Boces,NCES-3680860,Taukomas,Comfort controls and thermostats upgrades phase 1 of 2.,2026-04-14,2026-04-14,7_construction,1
521,West Islip Union Free School District,NCES-3630690,"Beach Street, PJ Bellew",Final invoices for Fire Alarm replacements at two elementary schools.,2026-03-12,2026-03-12,7_construction,1
135,Deer Park Union Free School District,NCES-3608880,Transportation Annex,Emergency repair of cracked waste pipe with cleanup and replacement,2026-03-10,2026-03-10,7_construction,1
869,West Islip Union Free School District,NCES-3630690,,Traditional air conditioning and refrigeration repair and service contract extension.,2026-03-10,2026-03-10,7_construction,1
136,Deer Park Union Free School District,NCES-3608880,Transportation Annex,Emergency replacement of cracked waste pipe at Transportation Annex.,2026-03-10,2026-03-10,7_construction,1
439,West Islip Union Free School District,NCES-3630690,District Office,District office flood repairs.,2026-03-04,2026-03-04,7_construction,1
206,Sagaponack Common School District,NCES-3625410,Sagaponack School,Siding by the playground will be finished over the summer.,2026-03-02,2026-03-02,7_construction,1
184,Sagaponack Common School District,NCES-3625410,Sagaponack School,Air conditioning unit has been updated at the school.,2026-03-02,2026-03-02,7_construction,1
20,Academy Charter School,NCES-3600997,The Academy Charter School 2 (Wyandanch),Student drop-off platform and private walkway access completed for safety improvements.,2026-03-01,2026-03-01,7_construction,1
644,West Islip Union Free School District,NCES-3630690,"Beach Street, Udall Road, High School",Kitchen renovations completed at multiple school buildings.,2026-01-20,2026-01-20,7_construction,1
536,West Islip Union Free School District,NCES-3630690,"Beach Street Middle School, High School",Fire alarm systems upgrades at Beach Street and High School.,2026-01-08,2026-01-20,7_construction,2
747,West Islip Union Free School District,NCES-3630690,High School,Pool renovation at the high school.,2026-01-08,2026-01-20,7_construction,2
643,West Islip Union Free School District,NCES-3630690,"Beach Street Middle School, Udall Road, High School","Kitchen renovations completed at Beach Street, Udall Road, and High School.",2026-01-08,2026-01-08,7_construction,1
528,West Islip Union Free School District,NCES-3630690,"Beach Street, Udall Road, High School",Fire alarm system completion and kitchen renovations at multiple schools,2026-01-08,2026-01-08,7_construction,1
641,West Islip Union Free School District,NCES-3630690,"Beach Street, Udall Road, High School",Kitchen renovations at multiple school buildings,2026-01-08,2026-01-08,7_construction,1
850,West Islip Union Free School District,NCES-3630690,High School,Solar panel system issue due to power surge requiring resolution,2026-01-08,2026-01-08,7_construction,1
160,Deer Park Union Free School District,NCES-3608880,JQA,New tank sensor installed at JQA.,2026-01-06,2026-01-06,7_construction,1
157,Deer Park Union Free School District,NCES-3608880,JFK,New heat coupling and irrigation system installed at JFK.,2026-01-06,2026-01-06,7_construction,1
156,Deer Park Union Free School District,NCES-3608880,RF (Robert Frost MS),New gym curtains installed at Robert Frost MS.,2026-01-06,2026-01-06,7_construction,1
159,Deer Park Union Free School District,NCES-3608880,HS (High School),New lobby door closers installed at high school.,2026-01-06,2026-01-06,7_construction,1
147,Deer Park Union Free School District,NCES-3608880,Memorial,HVAC system work completed at Memorial building.,2026-01-06,2026-01-06,7_construction,1
175,Deer Park Union Free School District,NCES-3608880,HS (High School),Well and camera project completed at high school.,2026-01-06,2026-01-06,7_construction,1
6,Academy Charter School,NCES-3600997,Wyandanch expansion,"Construction for Wyandanch expansion project finalized, facility on track for September 2026 occupancy.",2026-01-01,2026-01-01,7_construction,1
640,West Islip Union Free School District,NCES-3630690,"Beach Street, Udall Road, High School",Kitchen renovation completed at multiple school buildings.,2025-12-11,2025-12-11,7_construction,1
529,West Islip Union Free School District,NCES-3630690,"Beach Street, Udall Road, High School",Fire alarm system installation completed at multiple school buildings.,2025-12-11,2025-12-11,7_construction,1
537,West Islip Union Free School District,NCES-3630690,Beach MS and PJ Bellew ES,"Fire damage repairs to PV solar panel system following November 10, 2025 incident; repairs scheduled for January-February.",2025-12-09,2025-12-09,7_construction,1
193,Sagaponack Common School District,NCES-3625410,Sagaponack Common School District,Installation of new air conditioning unit and water tank.,2025-12-09,2025-12-09,7_construction,1
603,West Islip Union Free School District,NCES-3630690,West Islip Union Free School District High School,High school pool renovation project using non-union contractor,2025-11-18,2025-11-18,7_construction,1
141,Deer Park Union Free School District,NCES-3608880,Memorial,Gym roof mounted AC units completed.,2025-11-12,2025-11-12,7_construction,1
154,Deer Park Union Free School District,NCES-3608880,RF,New blinds installed.,2025-11-12,2025-11-12,7_construction,3
158,Deer Park Union Free School District,NCES-3608880,JFK,New lobby door closers installed.,2025-11-12,2025-11-12,7_construction,1
131,Deer Park Union Free School District,NCES-3608880,High School,Cooling tower drained and maintenance completed.,2025-11-12,2025-11-12,7_construction,1
233,West Islip Union Free School District,NCES-3630690,Masera,AED mounted outside installation,2025-11-06,2025-11-06,7_construction,1
748,West Islip Union Free School District,NCES-3630690,High School,Pool renovation including demolition phase,2025-11-06,2025-11-06,7_construction,1
629,West Islip Union Free School District,NCES-3630690,Udall Road,Irrigation system installation or work,2025-11-06,2025-11-06,7_construction,1
751,West Islip Union Free School District,NCES-3630690,high school,Pool renovation project using non-union contractor.,2025-11-06,2025-11-06,7_construction,1
636,West Islip Union Free School District,NCES-3630690,West Islip High School,Keyless lock entry project at high school is complete.,2025-10-21,2025-10-21,7_construction,1
359,West Islip Union Free School District,NCES-3630690,District schools,Camera system budget updates being implemented.,2025-10-21,2025-10-21,7_construction,1
599,West Islip Union Free School District,NCES-3630690,West Islip High School,High school pool renovation in progress.,2025-10-21,2025-10-21,7_construction,1
122,Deer Park Union Free School District,NCES-3608880,unknown,Boiler inspections completed and passed.,2025-10-14,2025-10-14,7_construction,1
120,Deer Park Union Free School District,NCES-3608880,JQA,Bathroom renovation project at JQA school completed.,2025-10-14,2025-10-14,7_construction,1
602,West Islip Union Free School District,NCES-3630690,West Islip High School,High school pool renovation project currently in progress.,2025-10-09,2025-10-09,7_construction,1
635,West Islip Union Free School District,NCES-3630690,West Islip High School,Keyless lock entry project at high school has been completed.,2025-10-09,2025-10-09,7_construction,1
349,West Islip Union Free School District,NCES-3630690,District schools,Budget update for security cameras implementation in progress.,2025-10-09,2025-10-09,7_construction,1
437,West Islip Union Free School District,NCES-3630690,District-wide,District irrigation system start-up in progress.,2012-04-01,2012-04-01,7_construction,1
610,West Islip Union Free School District,NCES-3630690,West Islip UFSD,"HVAC mechanical work change orders with Walsh Mechanical Contractors, Inc.",2011-07-01,2011-07-01,7_construction,1
565,West Islip Union Free School District,NCES-3630690,West Islip UFSD,"General construction change orders with SMC Construction, Corp.",2011-07-01,2011-07-01,7_construction,1
612,West Islip Union Free School District,NCES-3630690,,HVAC mechanical work with multiple credit change orders reducing contract costs.,2011-07-01,2011-07-01,7_construction,1
577,West Islip Union Free School District,NCES-3630690,,General construction work with change orders showing cost adjustments.,2011-07-01,2011-07-01,7_construction,1
375,West Islip Union Free School District,NCES-3630690,Masera,Change order for construction work at Masera building,2011-05-01,2011-05-01,7_construction,1
373,West Islip Union Free School District,NCES-3630690,Beach,Change order for construction work at Beach school,2011-05-01,2011-05-01,7_construction,1
382,West Islip Union Free School District,NCES-3630690,Beach,Change order to construction project.,2011-05-01,2011-05-01,7_construction,5
320,West Islip Union Free School District,NCES-3630690,,Bond issue change order for construction work.,2004-04-01,2011-05-01,7_construction,7
374,West Islip Union Free School District,NCES-3630690,High School,Change order for construction work at High School,2011-05-01,2011-05-01,7_construction,2
376,West Islip Union Free School District,NCES-3630690,Udall,Change order for construction work at Udall school,2011-05-01,2011-05-01,7_construction,1
455,West Islip Union Free School District,NCES-3630690,Paul J. Bellew,Electrical and lighting work at Paul J. Bellew facility.,2011-04-01,2011-04-01,7_construction,1
407,West Islip Union Free School District,NCES-3630690,Beach,Construction work at Beach school facility.,2011-04-01,2011-04-01,7_construction,1
408,West Islip Union Free School District,NCES-3630690,Beach,Construction work at Beach school with multiple change orders issued.,2011-04-01,2011-04-01,7_construction,1
409,West Islip Union Free School District,NCES-3630690,High School,Construction work at High School facility.,2011-04-01,2011-04-01,7_construction,1
410,West Islip Union Free School District,NCES-3630690,High School,Construction work at High School with multiple change orders.,2011-04-01,2011-04-01,7_construction,1
411,West Islip Union Free School District,NCES-3630690,Udall Road Middle School,Construction work at Udall Road Middle School facility.,2011-04-01,2011-04-01,7_construction,1
412,West Islip Union Free School District,NCES-3630690,Udall,Construction work at Udall Road Middle School with change orders.,2011-04-01,2011-04-01,7_construction,1
820,West Islip Union Free School District,NCES-3630690,,School construction consulting services contract addendum.,2011-04-01,2011-04-01,7_construction,2
453,West Islip Union Free School District,NCES-3630690,High School,Electrical and lighting work at High School.,2011-04-01,2011-04-01,7_construction,1
454,West Islip Union Free School District,NCES-3630690,Oquenock,Electrical and lighting work at Oquenock facility.,2011-04-01,2011-04-01,7_construction,1
456,West Islip Union Free School District,NCES-3630690,Westbrook,Electrical and lighting work at Westbrook facility.,2011-04-01,2011-04-01,7_construction,1
457,West Islip Union Free School District,NCES-3630690,High School,Electrical and lighting work with change order credit.,2011-04-01,2011-04-01,7_construction,4
502,West Islip Union Free School District,NCES-3630690,Beach,Energy conservation work with change order credit.,2011-04-01,2011-04-01,7_construction,2
503,West Islip Union Free School District,NCES-3630690,High School,Energy conservation work with change order credits.,2011-04-01,2011-04-01,7_construction,1
504,West Islip Union Free School District,NCES-3630690,Beach,Energy or conservation systems work at Beach facility.,2011-04-01,2011-04-01,7_construction,1
505,West Islip Union Free School District,NCES-3630690,High School,Energy or conservation systems work at High School.,2011-04-01,2011-04-01,7_construction,1
506,West Islip Union Free School District,NCES-3630690,Udall Road Middle School,Energy or conservation systems work at Udall Road Middle School.,2011-04-01,2011-04-01,7_construction,1
693,West Islip Union Free School District,NCES-3630690,,Mechanical HVAC work with change order credit.,2011-03-01,2011-03-01,7_construction,2
497,West Islip Union Free School District,NCES-3630690,,Electrical work change order from Ultimate Power.,2011-03-01,2011-03-01,7_construction,1
696,West Islip Union Free School District,NCES-3630690,,Mechanical work credit change order from Walsh Mechanical Contractors.,2011-03-01,2011-03-01,7_construction,2
568,West Islip Union Free School District,NCES-3630690,,General construction credit change order from Advanced Construction.,2011-03-01,2011-03-01,7_construction,1
462,West Islip Union Free School District,NCES-3630690,,Electrical power work with change order approval.,2011-03-01,2011-03-01,7_construction,1
576,West Islip Union Free School District,NCES-3630690,,General construction work with change order credit.,2011-03-01,2011-03-01,7_construction,1
314,West Islip Union Free School District,NCES-3630690,District buildings,Bond-funded construction and improvement work performed in the district.,2011-02-01,2011-02-01,7_construction,1
885,West Islip Union Free School District,NCES-3630690,District,Various bond-funded construction and improvement work performed in the district.,2011-02-01,2011-02-01,7_construction,1
384,West Islip Union Free School District,NCES-3630690,High School,"Change order work at the High School by Watral Brothers, Inc.",2011-01-01,2011-01-01,7_construction,1
404,West Islip Union Free School District,NCES-3630690,High School,Construction or repair work performed by contractor at the High School,2011-01-01,2011-01-01,7_construction,1
385,West Islip Union Free School District,NCES-3630690,Westbrook,"Change order work at Westbrook by Watral Brothers, Inc.",2011-01-01,2011-01-01,7_construction,1
464,West Islip Union Free School District,NCES-3630690,,Electrical power work with change orders for Ultimate Power and Cooper Power and Lighting.,2010-12-01,2010-12-01,7_construction,1
235,West Islip Union Free School District,NCES-3630690,,Amended contract with service provider Top Grade.,2010-12-01,2010-12-01,7_construction,1
434,West Islip Union Free School District,NCES-3630690,,Design and architectural services with contract addendum.,2010-12-01,2010-12-01,7_construction,1
894,West Islip Union Free School District,NCES-3630690,,Window work change order approved.,2010-11-01,2010-11-01,7_construction,1
888,West Islip Union Free School District,NCES-3630690,,Window and glazing work change order approved for fifty-six hundred thirty dollars.,2010-11-01,2010-11-01,7_construction,1
889,West Islip Union Free School District,NCES-3630690,,Window replacement change order during construction.,2010-11-01,2010-11-01,7_construction,1
730,West Islip Union Free School District,NCES-3630690,,Plumbing work change order number 1,2010-11-01,2010-11-01,7_construction,1
890,West Islip Union Free School District,NCES-3630690,,Window replacement change order number 2,2010-11-01,2010-11-01,7_construction,1
729,West Islip Union Free School District,NCES-3630690,,Plumbing work change order during construction.,2010-11-01,2010-11-01,7_construction,1
728,West Islip Union Free School District,NCES-3630690,,Plumbing work change order approved for thirty-one thousand dollars.,2010-11-01,2010-11-01,7_construction,1
727,West Islip Union Free School District,NCES-3630690,,Plumbing work change order approved.,2006-11-01,2010-11-01,7_construction,2
378,West Islip Union Free School District,NCES-3630690,,"Change order for general construction work from Stalco Construction, Inc.",2010-10-01,2010-10-01,7_construction,1
891,West Islip Union Free School District,NCES-3630690,,Window replacement or modification work with change orders from Arrow Steel Window Corp.,2010-10-01,2010-10-01,7_construction,1
424,West Islip Union Free School District,NCES-3630690,,"Construction work with change order from Stalco Construction, Inc.",2010-10-01,2010-10-01,7_construction,1
823,West Islip Union Free School District,NCES-3630690,,Second change order for window work from Arrow Steel Window Corp.,2010-10-01,2010-10-01,7_construction,1
892,West Islip Union Free School District,NCES-3630690,,Window replacement or repair work with change orders from Arrow Steel Window Corp.,2010-10-01,2010-10-01,7_construction,1
495,West Islip Union Free School District,NCES-3630690,,Electrical work change order for additional costs.,2010-09-01,2010-09-01,7_construction,2
397,West Islip Union Free School District,NCES-3630690,,Construction change order for additional project costs.,2010-09-01,2010-09-01,7_construction,1
326,West Islip Union Free School District,NCES-3630690,Westbrook,"Bond issue construction work with change order credit from Ultimate Power, Inc.",2010-07-01,2010-07-01,7_construction,2
332,West Islip Union Free School District,NCES-3630690,,Bond issue project with multiple change orders from construction contractors.,2010-07-01,2010-07-01,7_construction,1
700,West Islip Union Free School District,NCES-3630690,,Multiple change orders for general construction work.,2010-07-01,2010-07-01,7_construction,1
328,West Islip Union Free School District,NCES-3630690,Westbrook,Bond issue electrical work with change order credit.,2010-07-01,2010-07-01,7_construction,2
372,West Islip Union Free School District,NCES-3630690,,Change order for bond issue construction work,2010-06-01,2010-06-01,7_construction,2
834,West Islip Union Free School District,NCES-3630690,Paul J. Bellew School,Site improvements phase 1 part 2 project under construction,2010-06-01,2010-06-01,7_construction,1
321,West Islip Union Free School District,NCES-3630690,Unknown,Bond issue change order for construction work already in progress,2010-06-01,2010-06-01,7_construction,2
832,West Islip Union Free School District,NCES-3630690,Paul J. Bellew School,Site improvements phase 1 part 2 at Paul J. Bellew School,2010-06-01,2010-06-01,7_construction,1
316,West Islip Union Free School District,NCES-3630690,Multiple buildings,Bond-funded construction work with contractor change orders.,2010-06-01,2010-06-01,7_construction,1
324,West Islip Union Free School District,NCES-3630690,,Bond issue construction project with change order approval.,2010-03-01,2010-03-01,7_construction,1
650,West Islip Union Free School District,NCES-3630690,,Land survey and site work change order.,2010-02-01,2010-02-01,7_construction,1
826,West Islip Union Free School District,NCES-3630690,across from Westbrook Elementary School,Selling or leasing school-owned property.,2010-02-01,2010-02-01,7_construction,1
651,West Islip Union Free School District,NCES-3630690,,Land survey and site work change orders.,2010-02-01,2010-02-01,7_construction,1
396,West Islip Union Free School District,NCES-3630690,"Bayview, Kirdahy and Manetuck",Construction change order approved for Laser Industries work.,2009-12-01,2009-12-01,7_construction,1
386,West Islip Union Free School District,NCES-3630690,West Islip High School,Change order work at West Islip High School.,2009-12-01,2009-12-01,7_construction,1
383,West Islip Union Free School District,NCES-3630690,"Bayview, Kirdahy and Manetuck",Change order work at multiple school buildings.,2009-12-01,2009-12-01,7_construction,1
395,West Islip Union Free School District,NCES-3630690,West Islip High School,"Construction change order #3 approved for The Land Tek Group, Inc.",2009-12-01,2009-12-01,7_construction,1
425,West Islip Union Free School District,NCES-3630690,,Construction work with second change order for additional scope.,2009-11-01,2009-11-01,7_construction,1
460,West Islip Union Free School District,NCES-3630690,,Electrical or power work with change order for additional scope.,2009-11-01,2009-11-01,7_construction,1
835,West Islip Union Free School District,NCES-3630690,,"Site or infrastructure work with change order from The Land Tek Group, Inc.",2009-11-01,2009-11-01,7_construction,1
463,West Islip Union Free School District,NCES-3630690,,Electrical power work with change order from Ultimate Power.,2009-11-01,2009-11-01,7_construction,1
405,West Islip Union Free School District,NCES-3630690,,Construction project with approved change order.,2009-11-01,2009-11-01,7_construction,1
420,West Islip Union Free School District,NCES-3630690,,"Construction work with change order credit from Hygrade Insulators, Inc.",2009-11-01,2009-11-01,7_construction,1
421,West Islip Union Free School District,NCES-3630690,,Construction work with change order for additional scope.,2009-11-01,2009-11-01,7_construction,1
422,West Islip Union Free School District,NCES-3630690,,Construction work with change order for credit adjustment.,2009-11-01,2009-11-01,7_construction,1
426,West Islip Union Free School District,NCES-3630690,,Construction work with second change order from Baruti Construction Corp.,2009-11-01,2009-11-01,7_construction,1
423,West Islip Union Free School District,NCES-3630690,,Construction work with change order from Baruti Construction Corp.,2009-11-01,2009-11-01,7_construction,1
381,West Islip Union Free School District,NCES-3630690,,Change order for Land Tek Group construction work.,2009-09-01,2009-10-01,7_construction,3
377,West Islip Union Free School District,NCES-3630690,,Change order for construction work by Land Tek Group.,2009-10-01,2009-10-01,7_construction,1
379,West Islip Union Free School District,NCES-3630690,,Change order for Land Tek Group construction services.,2009-09-01,2009-09-01,7_construction,1
413,West Islip Union Free School District,NCES-3630690,High School,Construction work closing the Lion's Path entrance to the High School.,2009-07-01,2009-07-01,7_construction,1
590,West Islip Union Free School District,NCES-3630690,High School,High School construction work underway; Lion's Path entrance closed.,2009-07-01,2009-07-01,7_construction,1
323,West Islip Union Free School District,NCES-3630690,West Islip Union Free School District,Bond issue construction project with authorization for change orders and construction alternates.,2009-06-01,2009-06-01,7_construction,1
706,West Islip Union Free School District,NCES-3630690,West Islip Union Free School District facilities,"Ongoing bond issue construction project with authority to approve change orders up to $10,000.",2009-06-01,2009-06-01,7_construction,1
862,West Islip Union Free School District,NCES-3630690,High School,Tennis court installation project with change order approved.,2007-07-01,2007-07-01,7_construction,1
863,West Islip Union Free School District,NCES-3630690,not specified,Tennis court installation with change order approval.,2007-07-01,2007-07-01,7_construction,1
882,West Islip Union Free School District,NCES-3630690,Captree,Ultimate Power electrical work with bond issue change order credit.,2007-02-01,2007-02-01,7_construction,1
753,West Islip Union Free School District,NCES-3630690,,Portable backstop and pitching machine installation for softball and baseball programs.,2005-08-01,2005-08-01,7_construction,1
322,West Islip Union Free School District,NCES-3630690,,Bond issue change order processing for ongoing construction work.,2005-05-01,2005-05-01,7_construction,1
762,West Islip Union Free School District,NCES-3630690,Oquenock Elementary School,Purchase and installation of a backstop at the elementary school.,2005-03-01,2005-03-01,7_construction,1
624,West Islip Union Free School District,NCES-3630690,Udall Road Middle School,Installation of pavers in school courtyard.,2005-03-01,2005-03-01,7_construction,1
767,West Islip Union Free School District,NCES-3630690,Oquenock Elementary School,Purchase and installation of backstop,2005-03-01,2005-03-01,7_construction,1
707,West Islip Union Free School District,NCES-3630690,High School,Parking lot reconstruction with unexpected groundwater level encountered.,2005-02-01,2005-02-01,7_construction,1
708,West Islip Union Free School District,NCES-3630690,High School,Parking lot reconstruction with unexpected groundwater level encountered during construction.,2005-02-01,2005-02-01,7_construction,1
337,West Islip Union Free School District,NCES-3630690,,Bond payment to CBS Whitcom for construction work.,2004-10-01,2004-10-01,7_construction,1
335,West Islip Union Free School District,NCES-3630690,,Bond payment to ARA Plumbing Corp. for plumbing work.,2004-10-01,2004-10-01,7_construction,1
339,West Islip Union Free School District,NCES-3630690,,"Bond payment to J.D. Posillico, Inc. for construction work.",2004-10-01,2004-10-01,7_construction,1
499,West Islip Union Free School District,NCES-3630690,,Electrical work under library bond issue change order.,2004-05-01,2004-05-01,7_construction,1
496,West Islip Union Free School District,NCES-3630690,Library,Electrical work change order for library bond issue project.,2004-02-01,2004-05-01,7_construction,2
658,West Islip Union Free School District,NCES-3630690,,Library bond issue change order for work or materials.,2004-04-01,2004-04-01,7_construction,1
657,West Islip Union Free School District,NCES-3630690,,Library bond issue change order for work by Lougene.,2004-04-01,2004-04-01,7_construction,1
494,West Islip Union Free School District,NCES-3630690,Library,Electrical work change order during library bond project construction.,2004-02-01,2004-02-01,7_construction,1
416,West Islip Union Free School District,NCES-3630690,Oquenock,Construction work completed at Oquenock Elementary School.,2003-08-01,2003-08-01,7_construction,1
415,West Islip Union Free School District,NCES-3630690,Bellew,Construction work completed at Bellew Elementary School.,2003-08-01,2003-08-01,7_construction,1
414,West Islip Union Free School District,NCES-3630690,Bayview,Construction work completed at Bayview Elementary School.,2003-08-01,2003-08-01,7_construction,1
666,West Islip Union Free School District,NCES-3630690,Library,Library bond issue construction work with credit change order to LouGene.,2003-08-01,2003-08-01,7_construction,1
664,West Islip Union Free School District,NCES-3630690,Library,Library bond issue construction work with credit change orders approved.,2003-08-01,2003-08-01,7_construction,1
419,West Islip Union Free School District,NCES-3630690,Oquenock,Construction work performed at Oquenock with credit change order approved.,2003-08-01,2003-08-01,7_construction,1
665,West Islip Union Free School District,NCES-3630690,Library,Library bond issue construction work with credit change order to A.R. Kropp.,2003-08-01,2003-08-01,7_construction,1
709,West Islip Union Free School District,NCES-3630690,,Pav-Lak paving work with settlement and credit change order.,2003-08-01,2003-08-01,7_construction,1
418,West Islip Union Free School District,NCES-3630690,Bellew,Construction work performed at Bellew with credit change order approved.,2003-08-01,2003-08-01,7_construction,1
663,West Islip Union Free School District,NCES-3630690,Library,Library bond issue construction work with credit change orders.,2003-08-01,2003-08-01,7_construction,1
710,West Islip Union Free School District,NCES-3630690,,Pav-Lak stipulation of settlement with credit change order approved.,2003-08-01,2003-08-01,7_construction,1
417,West Islip Union Free School District,NCES-3630690,Bayview,Construction work performed at Bayview with credit change order approved.,2003-08-01,2003-08-01,7_construction,1
1175,Western Suffolk Boces,NCES-3680860,WT MP,New Prefab Storage Barn construction.,,,7_construction,1
927,Western Suffolk Boces,NCES-3680860,Western Suffolk BOCES,Audio visual equipment and whiteboard installation services for 2022/23 school year.,,,7_construction,1
922,Western Suffolk Boces,NCES-3680860,Western Suffolk BOCES,Asphalt repairs and maintenance services for the 2023/24 school year.,,,7_construction,1
921,Western Suffolk Boces,NCES-3680860,Western Suffolk BOCES,Asphalt repairs and maintenance services for the 2022/23 school year.,,,7_construction,1
919,Western Suffolk Boces,NCES-3680860,James E. Allen buildings,Asbestos removal completed in two James E. Allen buildings.,,,7_construction,2
899,Western Suffolk Boces,NCES-3680860,District facilities,"77 active capital projects across multiple stages including design, bidding, and construction.",,,7_construction,1
1240,Western Suffolk Boces,NCES-3680860,Multiple facilities,"Portfolio of 70 capital projects including 20 in design, 25 in bid, and 25 scheduled to begin construction.",,,7_construction,1
982,Western Suffolk Boces,NCES-3680860,Taukomas,Comfort Controls and thermostats upgrades phase 1 of 2,,,7_construction,1
983,Western Suffolk Boces,NCES-3680860,BOCES-Wide,"Compliance with federal and state regulations including COVID-19, AHERA, fire safety, lead water testing, hydrant testing, kitchen hood, cooling tower maintenance.",,,7_construction,1
1441,Western Suffolk Boces,NCES-3680860,,Ventilation equipment installation across 13 buildings with completion status tracking.,,,7_construction,1
82,Brentwood Union Free School District,NCES-3605280,BHS – Ross Center,"Site work for bleacher stair, fencing, and speaker pole connections.",,,7_construction,1
1442,Western Suffolk Boces,NCES-3680860,Western Suffolk BOCES Central Administrative Office,Ventilation project currently underway with concerns about completion status.,,,7_construction,1
1443,Western Suffolk Boces,NCES-3680860,Western Suffolk BOCES,Ventilation project nearing completion.,,,7_construction,2
1444,Western Suffolk Boces,NCES-3680860,Western Suffolk BOCES,Ventilation project nearing completion with supply chain delays resolved.,,,7_construction,1
1257,Western Suffolk Boces,NCES-3680860,JEA DH,Remove perimeter beds of building Phase 1 of 3,,,7_construction,1
1031,Western Suffolk Boces,NCES-3680860,Western Suffolk BOCES,Elevator and dumbwaiter maintenance and repair services for the 2023/24 school year.,,,7_construction,1
1033,Western Suffolk Boces,NCES-3680860,James E. Allen Alternative-Taukomas School,Emergency flood repairs and restoration at school building following unforeseen flooding event.,,,7_construction,1
1034,Western Suffolk Boces,NCES-3680860,James E. Allen Alternative-Taukomas School,Emergency repairs and restoration following flood damage to school building.,,,7_construction,1
1037,Western Suffolk Boces,NCES-3680860,Western Suffolk BOCES,Environmental consulting services for facilities and component school districts for 2022/23.,,,7_construction,1
1445,Western Suffolk Boces,NCES-3680860,,Ventilation project ongoing with anticipated completion by start of school.,,,7_construction,2
1446,Western Suffolk Boces,NCES-3680860,District facilities,Ventilation project ongoing with expected completion by mid-September.,,,7_construction,1
1048,Western Suffolk Boces,NCES-3680860,Western Suffolk BOCES,"Fire alarm panel maintenance, repairs, annual inspection and testing for 2022/23 school year.",,,7_construction,1
1447,Western Suffolk Boces,NCES-3680860,Various BOCES buildings,"Ventilation projects beginning this week, extending into summer months.",,,7_construction,1
1448,Western Suffolk Boces,NCES-3680860,Multiple buildings,Ventilation projects underway extending into summer months.,,,7_construction,1
1449,Western Suffolk Boces,NCES-3680860,,Ventilation project with mechanical equipment installation and replacement.,,,7_construction,1
75,Brentwood Union Free School District,NCES-3605280,BHS – Sonderling Center,"Reconstruction work including fireproofing, kitchen plumbing, and extended waste line for culinary arts building.",,,7_construction,1
1450,Western Suffolk Boces,NCES-3680860,,Ventilation project with three buildings near completion and eight of thirteen buildings pending equipment delivery.,,,7_construction,1
1451,Western Suffolk Boces,NCES-3680860,,Ventilation project with units delayed due to supply chain issues.,,,7_construction,1
1453,Western Suffolk Boces,NCES-3680860,District-wide,Ventilation system units installation across district locations.,,,7_construction,1
1272,Western Suffolk Boces,NCES-3680860,WT DH,Reorient classroom vs. lab in D2 (HVAC),,,7_construction,1
1075,Western Suffolk Boces,NCES-3680860,WT DH,Hone concrete floor of Auto Body shop,,,7_construction,1
1076,Western Suffolk Boces,NCES-3680860,Republic,Hone concrete floors of labs phase 1,,,7_construction,1
1082,Western Suffolk Boces,NCES-3680860,Wilson Tech Dix Hills; JEA Elementary,"HVAC equipment, electrical equipment, auto shop painting, roofs, water intrusion repairs, paving and drainage improvements.",,,7_construction,1
70,Brentwood Union Free School District,NCES-3605280,BHS - Sonderling Center,Plumbing work for culinary arts building.,,,7_construction,1
1388,Western Suffolk Boces,NCES-3680860,Western Suffolk BOCES,Sanitary system maintenance services for the 2022/23 school year.,,,7_construction,1
800,West Islip Union Free School District,NCES-3630690,"District facilities (Manetuck School, Captree School)",Replacement of FRP doors as part of settlement with Pav-lak matter.,,,7_construction,1
176,Mount Sinai Union Free School District,NCES-3620040,Mount Sinai High School,"Bleachers, press box, fencing, backstop by varsity baseball field, parking lot cut-through, and related site work.",,,7_construction,1
192,Sagaponack Common School District,NCES-3625410,Sagaponack School,"Implementation of security measures including exterior security cameras, panic buttons for staff, and emergency door locks.",,,7_construction,1
1389,Western Suffolk Boces,NCES-3680860,Western Suffolk BOCES,Sanitary system maintenance services for the 2023/24 school year.,,,7_construction,1
1290,Western Suffolk Boces,NCES-3680860,WT MP,"Replace Carpets & Tile in Rooms 112, 114, 216-219, Main & Admin Office.",,,7_construction,1
1394,Western Suffolk Boces,NCES-3680860,WT MP,Setup dental assistant program space,,,7_construction,1
67,Brentwood Union Free School District,NCES-3605280,District facilities,Ongoing maintenance services for photovoltaic system installed by Sunrise Power Solutions.,,,7_construction,1
1296,Western Suffolk Boces,NCES-3680860,Brennan,Replace door knobs with lever handles,,,7_construction,1
1299,Western Suffolk Boces,NCES-3680860,Taukomas,Replace Ductless Split A/C in Server room,,,7_construction,1
1397,Western Suffolk Boces,NCES-3680860,Western Suffolk BOCES,Snow removal service for the 2023/24 school year.,,,7_construction,1
1399,Western Suffolk Boces,NCES-3680860,JEA MEL,Staff restroom tile restoration and re-glazing,,,7_construction,1
1134,Western Suffolk Boces,NCES-3680860,WS BOCES,LED lighting installation with light harvesting expected to last beyond 19 years.,,,7_construction,1
1149,Western Suffolk Boces,NCES-3680860,Western Suffolk BOCES,"Multiple capital projects across district: five in design, three at NYSED, fourteen contracting, 22 in progress, three on bid list, six scheduled.",,,7_construction,1
1311,Western Suffolk Boces,NCES-3680860,Brennan,Replace HS Main Office 114 Doors.,,,7_construction,1
1415,Western Suffolk Boces,NCES-3680860,Western Suffolk BOCES,Tree pruning and removal services across district facilities.,,,7_construction,1
61,Brentwood Union Free School District,NCES-3605280,BHS – Ross Center,Mechanical work for rooftop gas revisions.,,,7_construction,1
1156,Western Suffolk Boces,NCES-3680860,,"Multiple capital projects in design, contracting, and construction phases across the district.",,,7_construction,1
1157,Western Suffolk Boces,NCES-3680860,,"Multiple capital projects in various stages of design, bidding, and construction across the district.",,,7_construction,1
1411,Western Suffolk Boces,NCES-3680860,JEA MEL,Terrazzo floor restoration Phase 2 of 3,,,7_construction,1
1313,Western Suffolk Boces,NCES-3680860,JEA DH,Replace interior door hardware with lockdown levers,,,7_construction,1
1314,Western Suffolk Boces,NCES-3680860,JEA DH,Replace interior door hardware with lockdown levers.,,,7_construction,2
667,West Islip Union Free School District,NCES-3630690,,Library Bond Issue project with change orders for general construction and plumbing.,,,7_construction,1
46,Brentwood Union Free School District,NCES-3605280,BUFSD (Buffalo area site),Emergency authorization to complete Phase II site work with LandTek Group due to partially completed improvements.,,,7_construction,1
1177,Western Suffolk Boces,NCES-3680860,JEA Elementary School Chestnut Hill Annex,Opening of Chestnut Hill Annex building for 2023-24 school year with enrollment-driven expansion.,,,7_construction,1
1173,Western Suffolk Boces,NCES-3680860,JEA DH,New concrete walk/road South of POD storage area shuttle run,,,7_construction,1
1174,Western Suffolk Boces,NCES-3680860,WT MP,New prefab storage barn.,,,7_construction,1
1362,Western Suffolk Boces,NCES-3680860,Admin,Retaining wall replacement North and South elevations,,,7_construction,1
734,West Islip Union Free School District,NCES-3630690,,Pool construction project.,2026-08-10,2026-09-08,unknown,2
269,West Islip Union Free School District,NCES-3630690,High School,Bathroom access improvements at high school fields.,2026-09-08,2026-09-08,unknown,1
591,West Islip Union Free School District,NCES-3630690,West Islip High School,High school counseling department and main office renovation project.,2026-08-25,2026-08-25,unknown,1
445,West Islip Union Free School District,NCES-3630690,District-wide,District-wide construction projects under review by Buildings & Grounds Committee.,2026-08-25,2026-08-25,unknown,1
596,West Islip Union Free School District,NCES-3630690,West Islip High School,High school pool construction project.,2026-08-25,2026-08-25,unknown,1
701,West Islip Union Free School District,NCES-3630690,District-wide,Multiple construction projects across the district.,2026-08-10,2026-08-10,unknown,1
430,West Islip Union Free School District,NCES-3630690,West Islip High School,Counseling and main office renovation at high school.,2026-08-10,2026-08-10,unknown,1
814,West Islip Union Free School District,NCES-3630690,Pool Construction Project,Roof replacement at pool facility.,2026-05-05,2026-05-05,unknown,1
633,West Islip Union Free School District,NCES-3630690,Manetuck and Udall,Irrigation system (sprinklers) work at two school sites.,2026-05-05,2026-05-05,unknown,1
736,West Islip Union Free School District,NCES-3630690,West Islip Union Free School District,Pool construction project under discussion.,2026-04-16,2026-04-16,unknown,1
266,West Islip Union Free School District,NCES-3630690,West Islip Union Free School District,Athletics preparations and site work.,2026-04-16,2026-04-16,unknown,1
563,West Islip Union Free School District,NCES-3630690,West Islip Union Free School District,General construction and repair projects under discussion.,2026-04-16,2026-04-16,unknown,1
746,West Islip Union Free School District,NCES-3630690,,Pool reconstruction project with update from SCC.,2026-03-10,2026-03-10,unknown,1
720,West Islip Union Free School District,NCES-3630690,District Office,Plumbing flood damage at district office requiring insurance claim.,2026-02-03,2026-02-03,unknown,1
578,West Islip Union Free School District,NCES-3630690,Not specified,General heating repair issues across district facilities.,2026-02-03,2026-02-03,unknown,1
849,West Islip Union Free School District,NCES-3630690,Beach MS and PJ Bellew,Solar panel PV system fire damage at two schools requiring insurance claim.,2026-02-03,2026-02-03,unknown,1
744,West Islip Union Free School District,NCES-3630690,Not specified,Pool reconstruction at a district facility.,2026-02-03,2026-02-03,unknown,1
745,West Islip Union Free School District,NCES-3630690,Beach Street MS,Pool reconstruction project,2026-01-06,2026-01-06,unknown,1
775,West Islip Union Free School District,NCES-3630690,,Rack truck with plow purchase,2026-01-06,2026-01-06,unknown,1
957,Western Suffolk Boces,NCES-3680860,,Capital projects approval by the board.,2025-11-12,2025-11-12,unknown,1
344,West Islip Union Free School District,NCES-3630690,District-wide,Bond projects under review by Buildings and Grounds committee.,2012-04-01,2012-04-01,unknown,1
827,West Islip Union Free School District,NCES-3630690,Westbrook Elementary School,Selling or leasing school-owned property across from Westbrook Elementary School.,2010-02-01,2010-02-01,unknown,1
340,West Islip Union Free School District,NCES-3630690,,Bond Project Advisory Committee appointed with Mr. Smith and Mr. Ulrich as liaisons.,2009-07-01,2009-07-01,unknown,1
247,West Islip Union Free School District,NCES-3630690,Not specified,"Architectural firm Burton, Behrendt, Smith presented to the board.",2008-03-01,2008-03-01,unknown,1
1176,Western Suffolk Boces,NCES-3680860,Multiple Western Suffolk BOCES locations,Ongoing maintenance and operations services across multiple educational facilities and rentals.,,,unknown,1
1384,Western Suffolk Boces,NCES-3680860,Taukomas (H918),Roof top unit replacement or repair.,,,unknown,1
1253,Western Suffolk Boces,NCES-3680860,Brennan,Recovery High School renovation project.,,,unknown,1
1128,Western Suffolk Boces,NCES-3680860,Western Suffolk BOCES / West Babylon UFSD,Lease agreement between Western Suffolk BOCES and West Babylon UFSD,,,unknown,1
1058,Western Suffolk Boces,NCES-3680860,Alternative Learning Center Program locations in component districts,Formalize terms of BOCES use of classroom and ancillary space in buildings owned by local component districts.,,,unknown,1
973,Western Suffolk Boces,NCES-3680860,,Capital projects update provided by Chief Financial Officer.,,,unknown,1
179,Mount Sinai Union Free School District,NCES-3620040,,H2M Group designated as district architectural firm for 2023-24.,,,unknown,1
1144,Western Suffolk Boces,NCES-3680860,Caleb Smith Outdoor Learning Lab,Modular building addition for outdoor learning facility,,,unknown,1
