body,body_id,building,trades,stage,stage_verified,dollar_amount,funding_source,scope_summary,evidence_quote,source_url,meeting_date,in_window
Wainscott Common School District,NCES-3629760,Wainscott Common School,site_athletics,1_problem,True,1250,operating budget,Maple tree removal due to poor condition.,"approve the JMcC LTD proposal for maple tree removal due to poor condition for $1,250.00",https://wainscottschool.org/wp-content/uploads/2026/04/040126_BOT_3_18_26_Minutes.pdf,2026-03-18,True
West Islip Union Free School District,NCES-3630690,Beach MS and PJ Bellew,energy,1_problem,False,,unknown,Solar PV system fire damage at two buildings requiring insurance claim.,Solar PV system fire damage at Beach MS and PJ Bellew,https://files.smartsites.parentsquare.com/6796/030926_b_g_agenda_3-10-26_jb_draft.pdf,2026-03-10,True
Deer Park Union Free School District,NCES-3608880,DPHS (Deer Park High School),hvac_mechanical,1_problem,True,,unknown,Two non-functioning ceiling A/C units at Deer Park High School cannot be repaired and require disposal.,The Board of Education approve the disposal of two ceiling A/C units at the DPHS. The units are not working and cannot be repaired.,https://files.smartsites.parentsquare.com/12897/march_24_2026.pdf,2026-03-24,True
West Islip Union Free School District,NCES-3630690,High School,site_athletics,1_problem,True,,unknown,High school pool renovation project,high school pool renovation,https://files.smartsites.parentsquare.com/6796/060126_05-07-26_rm_final.pdf,2026-05-07,True
West Islip Union Free School District,NCES-3630690,District Office,plumbing,1_problem,False,,unknown,Plumbing flood requiring insurance claim.,District Office plumbing flood,https://files.smartsites.parentsquare.com/6796/030926_b_g_agenda_3-10-26_jb_draft.pdf,2026-03-10,True
Academy Charter School,NCES-3600997,Wyandanch,site_athletics,1_problem,True,,unknown,Wyandanch expansion site development in collaboration with external developers.,Active negotiations regarding: Wyandanch expansion site in collaboration with developers,https://academycharterschool.org/wp-content/uploads/2026/07/Board-of-Trustees-Meeting-Minutes-TACS-November-2025.pdf,2025-11-01,True
Academy Charter School,NCES-3600997,Hempstead; Uniondale,life_safety_security,1_problem,False,,unknown,Fire evacuation drills completed at Hempstead; Uniondale drill pending.,Fire evacuation drills completed for Hempstead; Uniondale drill pending.,https://academycharterschool.org/wp-content/uploads/2026/07/Board-of-Trustees-Meeting-Minutes-TACS-2-October-2025.pdf,2025-10-01,True
Sagaponack Common School District,NCES-3625410,,maintenance_services,1_problem,False,,unknown,Summer building maintenance and projects completed or planned.,Summer Building Maintenance/Projects,https://sagaponackschool.org/wp-content/uploads/2026/09/9-2-26-SDMC-Agenda.pdf,2026-09-02,True
West Islip Union Free School District,NCES-3630690,Manetuck and Udall Road,site_athletics,1_problem,True,,unknown,Sprinkler systems at Manetuck and Udall Road soccer fields,sprinkler systems at Manetuck and Udall Road's soccer fields,https://files.smartsites.parentsquare.com/6796/060126_05-07-26_rm_final.pdf,2026-05-07,True
Academy Charter School,NCES-3600997,Brentwood,general_construction,1_problem,True,,unknown,Acquisition and development project in Brentwood ongoing.,acquisition and development in Brentwood are ongoing,https://academycharterschool.org/wp-content/uploads/2026/07/Board-of-Trustees-Meeting-Minutes-TACS-2-April-2026.pdf,2026-04-01,True
Sagaponack Common School District,NCES-3625410,,general_construction,1_problem,True,,operating budget,Emergency repair to restore or repair garbage containers bin.,Approval of the Emergency Repair: Restore/Repair the Garbage Containers Bin,https://sagaponackschool.org/wp-content/uploads/2026/07/Agenda-for-BOT-Meeting-7-14-26-1.pdf,2026-07-14,True
Deer Park Union Free School District,NCES-3608880,unknown,life_safety_security,1_problem,False,,unknown,All doors will be equipped with security sensors.,all doors will have censors,https://files.smartsites.parentsquare.com/12897/october_14_2025_1.pdf,2025-10-14,True
Deer Park Union Free School District,NCES-3608880,Deer Park High School,"roofing, interiors",1_problem,True,,operating budget,Roof leak has caused ceiling damage in several classrooms requiring emergency repair.,a roof leak has caused damage to the ceilings in several classrooms,https://files.smartsites.parentsquare.com/12897/082626_july292026-special_meeting_minutes.pdf,2026-07-29,True
West Islip Union Free School District,NCES-3630690,Manetuck,plumbing,1_problem,False,,unknown,Underground pipe leak requiring insurance claim.,New: Manetuck underground pipe leak,https://files.smartsites.parentsquare.com/6796/030926_b_g_agenda_3-10-26_jb_draft.pdf,2026-03-10,True
West Islip Union Free School District,NCES-3630690,High School,energy,1_problem,False,,unknown,Solar panel system repair due to power surge damage.,high school's solar panel issues due to a power surge,https://files.smartsites.parentsquare.com/6796/011226_12-11-25_rm_final.pdf,2025-12-11,True
Sagaponack Common School District,NCES-3625410,,general_construction,1_problem,False,,unknown,Summer building projects planned for the 2026-2027 school year.,Summer Building Projects,https://sagaponackschool.org/wp-content/uploads/2026/05/SDMC-Agenda-5-11-26.pdf,2026-05-11,True
Deer Park Union Free School District,NCES-3608880,Board Room,electrical_lighting,1_problem,False,,unknown,Additional TV screens in the Board Room for presentations and staff professional development.,additional TV screens in the Board Room for better viewing of presentations and they will also to be used for PD,https://files.smartsites.parentsquare.com/12897/may_12_2026_1.pdf,2026-05-12,True
West Islip Union Free School District,NCES-3630690,"Bayview Elementary, Udall Road Middle School, Manetuck Elementary, West Islip High School, Oquenock Elementary, Kirdahy, Paul J. Bellew Elementary, Masera, Beach Street Middle School, Westbrook",general_construction,1_problem,False,,unknown,Building inspections scheduled at multiple district school buildings.,Building Inspections: Bayview Elementary Udall Road Middle School Manetuck Elementary West Islip High School Oquenock Elementary Kirdahy Paul J. Bellew Elementary Masera Beach Street Middle School Westbrook,https://files.smartsites.parentsquare.com/6796/082726_7-7-2025_re-org_final.pdf,2026-07-07,True
West Islip Union Free School District,NCES-3630690,High School,electrical_lighting,1_problem,False,,unknown,Electrical outage and damaged PV cabinet requiring insurance claim.,High School electrical outage and damaged PV Cabinet,https://files.smartsites.parentsquare.com/6796/030926_b_g_agenda_3-10-26_jb_draft.pdf,2026-03-10,True
Sagaponack Common School District,NCES-3625410,,,1_problem,False,,unknown,Building projects mentioned on agenda but no details provided.,Building Projects,https://sagaponackschool.org/wp-content/uploads/2026/03/SDMC-Agenda-3-2-26.pdf,2026-03-02,True
West Islip Union Free School District,NCES-3630690,,site_athletics,1_problem,False,,unknown,Irrigation systems on athletic fields need attention or upgrade.,Irrigation systems on fields,https://files.smartsites.parentsquare.com/6796/110325_b_g_agenda_11-3-25.pdf,2025-11-03,True
West Islip Union Free School District,NCES-3630690,High School,general_construction,1_problem,True,,unknown,Pool renovation project at high school.,Items reviewed included high school pool renovation,https://files.smartsites.parentsquare.com/6796/3-4-26_sm_agenda_for_posting_revised.pdf,2026-03-04,True
Deer Park Union Free School District,NCES-3608880,Deer Park High School (DPHS),hvac_mechanical,1_problem,True,,unknown,Two ceiling A/C units at DPHS are not working and cannot be repaired; disposal approved.,approve the disposal of two ceiling A/C units at the DPHS. The units are not working and cannot be repaired.,https://files.smartsites.parentsquare.com/12897/march_24_2026_1.pdf,2026-03-24,True
West Islip Union Free School District,NCES-3630690,Masera,life_safety_security,1_problem,False,,unknown,Installation or upgrade of exterior AED at Masera building.,Masera AED (exterior),https://files.smartsites.parentsquare.com/6796/110325_b_g_agenda_11-3-25.pdf,2025-11-03,True
West Islip Union Free School District,NCES-3630690,,general_construction,1_problem,False,,unknown,Pool facility renovation or improvements project.,Pool renovation project,https://files.smartsites.parentsquare.com/6796/110325_b_g_agenda_11-3-25.pdf,2025-11-03,True
West Islip Union Free School District,NCES-3630690,District,energy,1_problem,True,,unknown,Solar panel insurance claims being processed.,Items reviewed included high school pool renovation; solar panel insurance claims,https://files.smartsites.parentsquare.com/6796/3-4-26_sm_agenda_for_posting_revised.pdf,2026-03-04,True
Deer Park Union Free School District,NCES-3608880,HS,electrical_lighting,1_problem,False,,unknown,Transformers at high school requiring attention or replacement.,"Transformers @HS, Upcoming ""to-do"" list",https://files.smartsites.parentsquare.com/12897/october_14_2025_1.pdf,2025-10-14,True
West Islip Union Free School District,NCES-3630690,High School,general_construction,1_problem,False,,unknown,Pool renovation project at high school.,Items reviewed included high school pool renovation,https://files.smartsites.parentsquare.com/6796/011226_12-11-25_rm_final.pdf,2025-12-11,True
Academy Charter School,NCES-3600997,Hempstead; Uniondale,life_safety_security,1_problem,True,,unknown,Fire evacuation drills completed at Hempstead; Uniondale drill pending.,Fire evacuation drills completed for Hempstead; Uniondale drill pending.,https://academycharterschool.org/wp-content/uploads/2026/07/Board-of-Trustees-Meeting-Minutes-TACS-October-2025.pdf,2025-10-01,True
Deer Park Union Free School District,NCES-3608880,HS,general_construction,1_problem,False,,grant,High school pool project with potential grant funding.,Potential grant for the HS pool,https://files.smartsites.parentsquare.com/12897/072326_july_72026_reorg-minutes.pdf,2026-07-07,True
West Islip Union Free School District,NCES-3630690,Pool,general_construction,1_problem,False,,unknown,Pool facility renovation project under discussion.,Pool renovation project,https://files.smartsites.parentsquare.com/6796/100325_b_g_agenda_10-7-25_1.pdf,2025-10-07,True
West Islip Union Free School District,NCES-3630690,High School,plumbing,1_problem,False,,unknown,Flood damage caused by frozen pipes requiring insurance claim.,"High School ""Superbowl"" flood due to frozen pipes",https://files.smartsites.parentsquare.com/6796/030926_b_g_agenda_3-10-26_jb_draft.pdf,2026-03-10,True
West Islip Union Free School District,NCES-3630690,Fields (WI Soccer Club),site_athletics,1_problem,False,,unknown,Irrigation systems installation or upgrade on athletic fields used by WI Soccer Club.,Irrigation systems on fields that WI Soccer Club uses – possible partial donation,https://files.smartsites.parentsquare.com/6796/100325_b_g_agenda_10-7-25_1.pdf,2025-10-07,True
Academy Charter School,NCES-3600997,Hempstead property,general_construction,1_problem,True,,unknown,New Hempstead property acquisition and development for school expansion.,Active negotiations regarding: New Hempstead property (church-adjacent site),https://academycharterschool.org/wp-content/uploads/2026/07/Board-of-Trustees-Meeting-Minutes-TACS-November-2025.pdf,2025-11-01,True
Sagaponack Common School District,NCES-3625410,Sagaponack Common School District,site_athletics,1_problem,False,,unknown,Playground update being discussed by board.,Playground Update Discussion,https://sagaponackschool.org/wp-content/uploads/2026/09/Agenda-for-BOT-Meeting-9-15-26.pdf,2026-09-15,True
Sagaponack Common School District,NCES-3625410,Sagaponack Common School District,"roofing, interiors, site_athletics",1_problem,True,,unknown,"Summer building projects including re-shingling, hardwood floor screening, painting, and woodchip replacement.","summer building projects such as re-shingling, hardwood floor screening, painting, and replacement of woodchips",https://sagaponackschool.org/wp-content/uploads/2026/07/Minutes-to-6-16-26-BOT-Meeting.pdf,2026-06-16,True
Sagaponack Common School District,NCES-3625410,Sagaponack Common School District playground area,site_athletics,1_problem,True,,unknown,Install drainage system on Sagaponack Road near playground to address rainwater accumulation at school driveway entrances.,An engineer contracted by the Sagaponack Village Hall will be installing a drainage system on Sagaponack Road near the playground area,https://sagaponackschool.org/wp-content/uploads/2026/05/Minutes-to-4-14-26-BOT-Meeting.pdf,2026-03-14,True
Sagaponack Common School District,NCES-3625410,Sagaponack Common School District,site_athletics,1_problem,True,,unknown,Water drainage issue on Sagaponack Road requires assessment and potential remediation.,Water Drainage on Sagaponack Road,https://sagaponackschool.org/wp-content/uploads/2026/04/Agenda-for-BOT-Meeting-4-14-26.pdf,2026-04-14,True
Sagaponack Common School District,NCES-3625410,Sagaponack Common School District,life_safety_security,1_problem,False,,unknown,Fire inspection compliance notice requiring board action.,Approval of Fire Inspection Legal Notice,https://sagaponackschool.org/wp-content/uploads/2026/01/Agenda-for-BOT-Meeting-12-9-25.pdf,2025-12-09,True
Sagaponack Common School District,NCES-3625410,Sagaponack School,roofing,1_problem,True,,unknown,Cedar roof replacement is being considered for next year.,"Next year, we will look at the cedar roof to be replaced",https://sagaponackschool.org/wp-content/uploads/2026/03/SDMC-Mins-3-2-26.pdf,2026-03-02,True
Wainscott Common School District,NCES-3629760,Wainscott Common School,general_construction,1_problem,True,,unknown,Building updates and repairs needed at the school.,status of the building updates/repairs and upcoming Superintendent's days,https://wainscottschool.org/wp-content/uploads/2026/09/091126_BOT_8_19_26_Minutes.pdf,2026-08-19,True
Wainscott Common School District,NCES-3629760,Wainscott Common School,interiors,1_problem,False,,unknown,Painting work mentioned as a discussion item.,"Discussion Items- Painting, 2026-2027 Calendar, Draft Budget",https://wainscottschool.org/wp-content/uploads/2026/01/BOT_Agenda_1._21_2026_2.pdf,2026-01-21,True
Wainscott Common School District,NCES-3629760,old school,interiors,1_problem,True,,unknown,Restorative chalkboard project by artist Jessica Wynne in the old school building.,restorative chalkboard project in the old school,https://wainscottschool.org/wp-content/uploads/2025/12/BOT_11_19_25_Minutes_1.pdf,2025-11-19,True
Western Suffolk Boces,NCES-3680860,Wilson Tech Dix Hills Campus,hvac_mechanical,1_problem,True,,unknown,"Donation of HVAC equipment including boilers, piping manifolds, circulator pumps, and tankless water heater kits for HVAC program.",Board hereby approves acceptance of donated supplies and equipment as listed above.,https://www.wsboces.org/wp-content/uploads/Agenda-6-30-26-FULL.pdf,2026-06-30,True
Western Suffolk Boces,NCES-3680860,JEA Jr/Sr,life_safety_security,1_problem,False,,unknown,Replace outdated defibrillator units with updated AED devices.,"DEFIBRILLATOR, CARDIAC SCIENCE, G3 AHA 2010 JEA JR/SR RECEIVED UPDATED AED DEVICES",https://www.wsboces.org/wp-content/uploads/Agenda-7-14-26-FULL.pdf,2026-07-14,True
Western Suffolk Boces,NCES-3680860,Brennan,hvac_mechanical,1_problem,False,,unknown,Replace broken air conditioning unit.,"AIR CONDITIONER, FRIEDRICH, SL24J30A, JHFS07552, TAG #107169 BRENNAN BROKEN",https://www.wsboces.org/wp-content/uploads/Agenda-7-14-26-FULL.pdf,2026-07-14,True
Academy Charter School,NCES-3600997,Brentwood,general_construction,2_study,True,5000000,grant,Brentwood charter site planning underway with Charter School Growth Fund seed commitment.,Brentwood charter approved; site planning underway; Charter School Growth Fund committed at least $5 million.,https://academycharterschool.org/wp-content/uploads/2026/07/Board-of-Trustees-Meeting-Minutes-TACS-2-October-2025.pdf,2025-10-01,True
Western Suffolk Boces,NCES-3680860,North Babylon School District,general_construction,2_study,True,23500,operating budget,Enrollment and facilities study to assess district needs and capacity.,Provide Consulting Services for the Purpose of Compiling an Enrollment and Facilities Study,https://www.wsboces.org/wp-content/uploads/Agenda-7-14-26-FULL.pdf,2026-07-14,True
Wainscott Common School District,NCES-3629760,Wainscott Common School,interiors,2_study,True,20000,unknown,Flooring replacement project with cost estimation and competitive proposals being gathered.,"The $20,000 flooring proposal was discussed, and we will be having Carpet One give us a proposal as well.",https://wainscottschool.org/wp-content/uploads/2026/07/071326__BOT_6_17_26_Minutes.pdf,2026-06-17,True
Academy Charter School,NCES-3600997,Central Islip Regional High School,general_construction,2_study,False,,unknown,Expansion space finalized and approved at municipal level; applications submitted to NYSED.,Expansion space finalized and approved at the municipal level; applications submitted to NYSED,https://academycharterschool.org/wp-content/uploads/2026/07/Board-of-Trustees-Meeting-Minutes-TACS-February-2026.pdf,2026-02-01,True
West Islip Union Free School District,NCES-3630690,Westbrook,site_athletics,2_study,True,,unknown,Westbrook parking lot and sidewalks with additional parking spaces.,Westbrook parking lot and sidewalks additional parking spaces at the High School,https://files.smartsites.parentsquare.com/6796/092525_9-25-25_sm_agenda_for_posting_revised.pdf,2025-09-25,True
West Islip Union Free School District,NCES-3630690,West Islip High School,general_construction,2_study,True,,unknown,High school pool construction project under committee review.,Items reviewed included high school pool construction,https://files.smartsites.parentsquare.com/6796/091526_9-10-26_rm_agenda_for_posting_revised_ver2.pdf,2026-09-10,True
West Islip Union Free School District,NCES-3630690,District sites,site_athletics,2_study,True,,unknown,Irrigation systems project for the soccer club fields.,irrigation systems for the soccer club fields,https://files.smartsites.parentsquare.com/6796/10-09-25_rm_final.pdf,2025-10-09,True
Academy Charter School,NCES-3600997,Wyandanch,interiors,2_study,True,,unknown,Space renovation with final approvals pending at acquired development location.,space acquired by the development group is coming together and is near completion with the renovations pending final approvals,https://academycharterschool.org/wp-content/uploads/2026/07/Board-of-Trustees-Meeting-Minutes-TACS-2-April-2026.pdf,2026-04-01,True
West Islip Union Free School District,NCES-3630690,West Islip schools (soccer fields),site_athletics,2_study,True,,unknown,Irrigation systems planned for soccer club fields.,irrigation systems for the soccer club fields,https://files.smartsites.parentsquare.com/6796/102225_10-21-25_sm_for_posting.pdf,2025-10-21,True
West Islip Union Free School District,NCES-3630690,District,hvac_mechanical,2_study,True,,unknown,Building heating systems review and assessment.,Items reviewed included high school pool renovation; solar panel insurance claims; district office flood repairs; building heating systems.,https://files.smartsites.parentsquare.com/6796/030526-02-05-26_rm_final_for_posting.pdf,2026-02-05,True
Academy Charter School,NCES-3600997,Central Islip,general_construction,2_study,True,,unknown,Expansion space proposal evaluation for Central Islip charter school campus.,Central Islip perspective sites are still ongoing.,https://academycharterschool.org/wp-content/uploads/2026/07/Board-of-Trustees-Meeting-Minutes-TACS-2-December-2025.pdf,2025-12-01,True
West Islip Union Free School District,NCES-3630690,West Islip High School,interiors,2_study,True,,unknown,High school counseling department and main office renovation project under committee review.,high school counseling department and main office renovation project,https://files.smartsites.parentsquare.com/6796/091526_9-10-26_rm_agenda_for_posting_revised_ver2.pdf,2026-09-10,True
West Islip Union Free School District,NCES-3630690,West Islip Union Free School District,general_construction,2_study,False,,unknown,Pool reconstruction and other construction projects under review by construction management and architectural firms.,Pool Reconstruction and other Construction Projects – presented by SCC and BBS Architects.,https://files.smartsites.parentsquare.com/6796/120825-b_g_agenda_12-9-25_jb_draft.pdf,2025-12-09,True
West Islip Union Free School District,NCES-3630690,Manetuck,interiors,2_study,True,,unknown,Installation of gymnasium acoustics.,installation of gymnasium acoustics at Manetuck,https://files.smartsites.parentsquare.com/6796/092525_9-25-25_sm_agenda_for_posting_revised.pdf,2025-09-25,True
Deer Park Union Free School District,NCES-3608880,All buildings,electrical_lighting,2_study,True,,unknown,New fiberoptics infrastructure being planned for all buildings.,new fiberoptics in all buildings,https://files.smartsites.parentsquare.com/12897/november_12_2025_1.pdf,2025-11-12,True
West Islip Union Free School District,NCES-3630690,"Beach Street, Udall Road and High Schools",interiors,2_study,True,,unknown,Kitchen renovations at three school buildings.,"Beach Street, Udall Road and High Schools, kitchen renovations",https://files.smartsites.parentsquare.com/6796/092525_9-25-25_sm_agenda_for_posting_revised.pdf,2025-09-25,True
Deer Park Union Free School District,NCES-3608880,unknown,site_athletics,2_study,False,,unknown,Pre-K playground renovation or construction project.,pre-k playground,https://files.smartsites.parentsquare.com/12897/october_14_2025_1.pdf,2025-10-14,True
Western Suffolk Boces,NCES-3680860,Multiple (District-wide),general_construction,2_study,True,,unknown,"72 capital projects in various stages of design, NYSED review, contracting, and construction.","21 projects in design, one at NYSED, 21 in contracting phase, 28 in progress, 1 completed",https://www.wsboces.org/wp-content/uploads/Agenda-1-13-26-FULL.pdf,2026-01-13,True
West Islip Union Free School District,NCES-3630690,District-wide,general_construction,2_study,True,,unknown,District-wide construction projects under committee review.,district wide construction projects,https://files.smartsites.parentsquare.com/6796/091526_9-10-26_rm_agenda_for_posting_revised_ver2.pdf,2026-09-10,True
West Islip Union Free School District,NCES-3630690,High School,life_safety_security,2_study,True,,unknown,Keyless lock system review with police department,review of keyless lock system at High School with Suffolk County Police,https://files.smartsites.parentsquare.com/6796/111925-11-06-25_rm_final.pdf,2025-11-06,True
Academy Charter School,NCES-3600997,Wyandanch,general_construction,2_study,True,,unknown,Building procurement and negotiations for Wyandanch campus expansion space.,The building procurement and negotiations are still ongoing for Wyandanch.,https://academycharterschool.org/wp-content/uploads/2026/07/Board-of-Trustees-Meeting-Minutes-TACS-2-December-2025.pdf,2025-12-01,True
West Islip Union Free School District,NCES-3630690,High School,plumbing,2_study,True,,unknown,High School pool reconstruction with estimated completion in February 2027.,High School pool reconstruction with an estimated completion date of February 2027,https://files.smartsites.parentsquare.com/6796/092525_9-25-25_sm_agenda_for_posting_revised.pdf,2025-09-25,True
Deer Park Union Free School District,NCES-3608880,Deer Park High School,general_construction,2_study,True,,capital reserve,Assess aging swimming pool and develop plan for reconstruction or replacement.,the District has conducted a facilities assessment that includes a recommendation to reconstruct or replace the pool,https://files.smartsites.parentsquare.com/12897/september_30_2025.pdf,2025-09-30,True
West Islip Union Free School District,NCES-3630690,Westbrook,interiors,2_study,False,,unknown,Multi-person bathroom renovation.,Westbrook multi-person bathroom,https://files.smartsites.parentsquare.com/6796/092525_9-25-25_sm_agenda_for_posting_revised.pdf,2025-09-25,True
Deer Park Union Free School District,NCES-3608880,Deer Park High School,general_construction,2_study,True,,capital reserve,Develop a plan to address the aging and deteriorated swimming pool through reconstruction or replacement.,the District has conducted a facilities assessment that includes a recommendation to reconstruct or replace the pool,https://files.smartsites.parentsquare.com/12897/september_30_2025_1.pdf,2025-09-30,True
West Islip Union Free School District,NCES-3630690,High School,general_construction,2_study,True,,unknown,Pool renovation project at the high school.,Items reviewed included high school pool renovation; solar panel insurance claims; district office flood repairs; building heating systems.,https://files.smartsites.parentsquare.com/6796/030526-02-05-26_rm_final_for_posting.pdf,2026-02-05,True
West Islip Union Free School District,NCES-3630690,Bay Shore High School,general_construction,2_study,True,,unknown,High school pool renovation with minor setback and completion expected March 2027.,the high school pool renovation. There was a minor set-back and expected date of completion is now March 2027,https://files.smartsites.parentsquare.com/6796/6-4-26_rm_final.pdf,2026-06-04,True
West Islip Union Free School District,NCES-3630690,District,energy,2_study,True,,insurance,Solar panel insurance claims being reviewed and managed.,Items reviewed included high school pool renovation; solar panel insurance claims; district office flood repairs; building heating systems.,https://files.smartsites.parentsquare.com/6796/030526-02-05-26_rm_final_for_posting.pdf,2026-02-05,True
West Islip Union Free School District,NCES-3630690,"High School, Beach Street and Paul J. Bellew",life_safety_security,2_study,False,,unknown,Fire alarm system replacements.,fire alarm system replacements,https://files.smartsites.parentsquare.com/6796/092525_9-25-25_sm_agenda_for_posting_revised.pdf,2025-09-25,True
Academy Charter School,NCES-3600997,Brentwood expansion,general_construction,2_study,False,,Charter School Growth Fund,Charter School Growth Fund commitment to support Brentwood expansion and organizational capacity building.,Charter School Growth Fund commitment formally received to support Brentwood expansion efforts,https://academycharterschool.org/wp-content/uploads/2026/07/Board-of-Trustees-Meeting-Minutes-TACS-January-2026.pdf,2026-01-01,True
West Islip Union Free School District,NCES-3630690,Gym,hvac_mechanical,2_study,True,,unknown,Air conditioning installation or upgrade for gymnasium.,Gym air conditioning – budget estimate,https://files.smartsites.parentsquare.com/6796/100325_b_g_agenda_10-7-25_1.pdf,2025-10-07,True
West Islip Union Free School District,NCES-3630690,Manetuck,site_athletics,2_study,True,,unknown,Creation of playfield and gaga pit.,creation of playfield and gaga pit at Manetuck,https://files.smartsites.parentsquare.com/6796/092525_9-25-25_sm_agenda_for_posting_revised.pdf,2025-09-25,True
Deer Park Union Free School District,NCES-3608880,JFK,"abatement, interiors",2_study,False,,unknown,Vinyl asbestos floor tile removal and install new VCT flooring.,Vinyl asbestos floor tile removal and install new VCT.,https://files.smartsites.parentsquare.com/12897/june_17_2026_-_work_session_new.pdf,2026-06-17,True
West Islip Union Free School District,NCES-3630690,District Office,"general_construction, hvac_mechanical",2_study,True,,unknown,District office flood repairs and restoration work.,Items reviewed included high school pool renovation; solar panel insurance claims; district office flood repairs; building heating systems.,https://files.smartsites.parentsquare.com/6796/030526-02-05-26_rm_final_for_posting.pdf,2026-02-05,True
Commack Union Free School District,NCES-3608130,Commack Union Free School District,general_construction,2_study,True,,bond,Smart Schools Bond Act Preliminary Plan overview phase 3 approved for district facilities.,Smart Schools Bond Act Preliminary Plan overview phase 3,https://files.smartsites.parentsquare.com/5158/minutes_-_december_18_2025.pdf,2025-12-18,True
Deer Park Union Free School District,NCES-3608880,JFK,site_athletics,2_study,False,,unknown,Traffic study underway at JFK school to assess site access and circulation.,JFK traffic study in October,https://files.smartsites.parentsquare.com/12897/october_14_2025_1.pdf,2025-10-14,True
West Islip Union Free School District,NCES-3630690,District,hvac_mechanical,2_study,True,,unknown,Building heating systems reviewed by committee.,Items reviewed included high school pool renovation; solar panel insurance claims; district office flood repairs; building heating systems,https://files.smartsites.parentsquare.com/6796/3-4-26_sm_agenda_for_posting_revised.pdf,2026-03-04,True
Academy Charter School,NCES-3600997,Uniondale HS,interiors,2_study,True,,grant,Space retrofit for Adult Education CTE program launch including healthcare training offerings.,"Space retrofit underway at Uniondale HS, on schedule.",https://academycharterschool.org/wp-content/uploads/2026/07/Board-of-Trustees-Meeting-Minutes-TACS-November-2025.pdf,2025-11-01,True
Academy Charter School,NCES-3600997,Brentwood,general_construction,2_study,True,,unknown,Reconstruction plans submitted; demolition permit approved with final approvals pending.,Reconstruction plans for Brentwood submitted; demolition permit approved with final approvals pending,https://academycharterschool.org/wp-content/uploads/2026/07/Board-of-Trustees-Meeting-Minutes-TACS-February-2026.pdf,2026-02-01,True
Deer Park Union Free School District,NCES-3608880,JFK,"abatement, site_athletics",2_study,False,,unknown,"Vinyl asbestos floor tile removal with new VCT installation and full depth asphalt pavement, curbing, sidewalk and storm drainage reconstruction.","Vinyl asbestos floor tile removal and install new VCT. Sitework Reconstruction- Full depth asphalt pavement, curbing, sidewalk and storm drainage",https://files.smartsites.parentsquare.com/12897/072226_june172026-open-work-minutes.pdf,2026-06-17,True
Deer Park Union Free School District,NCES-3608880,JFK,site_athletics,2_study,False,,unknown,"Sitework reconstruction with full depth asphalt pavement, curbing, sidewalk and storm drainage.","Sitework Reconstruction- Full depth asphalt pavement, curbing, sidewalk and storm drainage",https://files.smartsites.parentsquare.com/12897/june_17_2026_-_work_session_new.pdf,2026-06-17,True
West Islip Union Free School District,NCES-3630690,All buildings,hvac_mechanical,2_study,True,,unknown,Preliminary quotes being gathered for gymnasium air conditioning units.,preliminary quotes for the gymnasium air conditioning units for all buildings,https://files.smartsites.parentsquare.com/6796/102225_10-21-25_sm_for_posting.pdf,2025-10-21,True
West Islip Union Free School District,NCES-3630690,"High School, Beach Street, Paul J Bellew",life_safety_security,2_study,True,,unknown,Installation of electronic locks and card access readers.,installation of the electronic locks and card access readers at the High School,https://files.smartsites.parentsquare.com/6796/092525_9-25-25_sm_agenda_for_posting_revised.pdf,2025-09-25,True
West Islip Union Free School District,NCES-3630690,All buildings,hvac_mechanical,2_study,True,,unknown,Getting preliminary quotes for gymnasium air conditioning units across all school buildings.,preliminary quotes for the gymnasium air conditioning units for all buildings,https://files.smartsites.parentsquare.com/6796/10-09-25_rm_final.pdf,2025-10-09,True
Commack Union Free School District,NCES-3608130,District-wide,electrical_lighting,2_study,True,,bond,Smart Schools Bond Act technology and infrastructure planning for schools.,Smart Schools Bond Act – Preliminary Plan Overview,https://files.smartsites.parentsquare.com/5158/minutes_-_december_18_2025.pdf,2025-12-18,True
Commack Union Free School District,NCES-3608130,Commack Union Free School District,electrical_lighting,2_study,False,,bond,Smart Schools Bond Act technology and infrastructure update.,Smart Schools Bond Act – Update/Public Hearing,https://files.smartsites.parentsquare.com/5158/minutes_-_february_12_2026.pdf,2026-02-12,True
Sagaponack Common School District,NCES-3625410,,hvac_mechanical,2_study,True,,unknown,HVAC system quotes being discussed for the district.,Discussion of HVAC System Quotes,https://sagaponackschool.org/wp-content/uploads/2026/01/Agenda-for-BOT-Meeting-10-14-25.pdf,2025-10-14,True
Wainscott Common School District,NCES-3629760,The Wainscott Common School,envelope_windows,2_study,True,,unknown,Window project requiring architectural and contractor evaluation.,Reaching out to a local architecture firm and contractors in regards to the window project was also discussed.,https://wainscottschool.org/wp-content/uploads/2026/04/BOT_4_15_26_Minutes_1.pdf,2026-04-15,True
Wainscott Common School District,NCES-3629760,Wainscott Common School,envelope_windows,2_study,False,,unknown,Window project assessment and planning in progress.,information received from the building architecture firm in regards to the window project,https://wainscottschool.org/wp-content/uploads/2026/04/040126_BOT_3_18_26_Minutes.pdf,2026-03-18,True
Wainscott Common School District,NCES-3629760,Wainscott Common School,envelope_windows,2_study,True,,unknown,Windows project under discussion and review.,"Discussion Items- Draft Budget, windows project update",https://wainscottschool.org/wp-content/uploads/2026/03/BOT_Agenda_March_18_2026_1.pdf,2026-03-18,True
Wainscott Common School District,NCES-3629760,Wainscott Common School,envelope_windows,2_study,True,,unknown,Window replacement requirements are being assessed and discussed.,Window replacement and the requirements needed were also discussed.,https://wainscottschool.org/wp-content/uploads/2026/02/BOT_1_21_26_Minutes_1.pdf,2026-01-21,True
Western Suffolk Boces,NCES-3680860,Western Suffolk BOCES,life_safety_security,2_study,True,,unknown,Fire alarm upgrades across facilities.,Ms. Hein further discussed fire alarm upgrades and new disinfectant cleaning products.,https://www.wsboces.org/wp-content/uploads/Agenda-9-8-26-FULL.pdf,2026-09-08,True
Western Suffolk Boces,NCES-3680860,Wilson Tech Dix Hills Campus,hvac_mechanical,2_study,False,,donation,"Donation of HVAC equipment including boilers, piping, and water heaters for student program",Donation of equipment and supplies to be used for students in HVAC program,https://www.wsboces.org/wp-content/uploads/Agenda-7-14-26-FULL.pdf,2026-07-14,True
Commack Union Free School District,NCES-3608130,District-wide,"roofing, hvac_mechanical, site_athletics, interiors, maintenance_services",3_funding,True,4632659,capital reserve,"District-wide capital improvements including roofing, mechanical/HVAC, playgrounds, instructional spaces, site work, and Marion Carl Farm maintenance.","authorized the use of the remaining $4,632,659 surplus funds for: roofing; mechanical and HVAC; inclusive playgrounds; instructional spaces; site work; and preventative maintenance",https://files.smartsites.parentsquare.com/5158/minutes_-_march_12_2026.pdf,2026-03-12,True
Western Suffolk Boces,NCES-3680860,OLL-Caleb Smith,general_construction,3_funding,True,1930224,capital reserve,Caleb Smith renovation project with funding approved.,"Caleb Smith Renovation *(H910) OLL-Caleb Smith 1,930,224",https://www.wsboces.org/wp-content/uploads/Agenda-7-14-26-FULL.pdf,2026-07-14,True
West Islip Union Free School District,NCES-3630690,"West Islip High School, Beach Street Middle School, Udall Road Middle School, elementary schools","life_safety_security, interiors",3_funding,True,1880000,capital reserve,"Install magnetic door holders at high school, electronic locks and card access at middle schools, and replace building fire alarms at elementary schools.","To authorize the West Islip Union Free School District to undertake certain capital improvements consisting of (i) installing magnetic door holders for all classroom doors at West Islip High School (ii) installing electronic locks and card access readers for all classrooms and bathrooms at Beach Street Middle School and Udall Road Middle School, and (iii) completing the replacement of building fire alarms at the elementary schools",https://files.smartsites.parentsquare.com/6796/031926-revised-1pm-3-12-26_rm_agenda_for_posting_revised.pdf,2026-03-12,True
Deer Park Union Free School District,NCES-3608880,Deer Park Union Free School District,general_construction,3_funding,True,848075,lease,Lease equipment including five 2027 IC 64-passenger diesel buses and other equipment.,"Lease obligations in any amount not to exceed $848,075.00 for acquisition of certain equipment",https://files.smartsites.parentsquare.com/12897/090826_sept_82026__work-agenda-new.pdf,2026-09-08,True
West Islip Union Free School District,NCES-3630690,West Islip Union Free School District,general_construction,3_funding,True,814298.37,EPC,"Multi-year acquisition of Chromebooks, cases, and education software for classroom use across the district.",multi-year financed acquisition of instructional technology to be used in classrooms across the district,https://files.smartsites.parentsquare.com/6796/3-4-26_sm_agenda_for_posting_revised.pdf,2026-03-04,True
Western Suffolk Boces,NCES-3680860,JEA Melville,hvac_mechanical,3_funding,True,348420,capital reserve,A/C systems replacement with funding approved.,"A/C Systems Replacement *(H985) JEA Melville 348,420",https://www.wsboces.org/wp-content/uploads/Agenda-7-14-26-FULL.pdf,2026-07-14,True
West Islip Union Free School District,NCES-3630690,"Udall, Kirdahy, Westbrook, Beach","electrical_lighting, general_construction",3_funding,True,248140,capital reserve,Auditorium and ceiling lights project funded through interfund transfer allocation.,Transfer interfund allocation into Udall budget code for the Auditorium and Ceiling lights project,https://files.smartsites.parentsquare.com/6796/020226_2-5-2026_agenda_for_posting.pdf,2026-02-05,True
Western Suffolk Boces,NCES-3680860,WT Dix Hills,hvac_mechanical,3_funding,False,163042,capital reserve,Roof top unit replacement at WT Dix Hills facility with additional funding for previously approved project.,"Roof Top Unit Replacement *(H981) WT Dix Hills $163,042",https://www.wsboces.org/wp-content/uploads/Agenda-4-14-26-FULL.pdf,2026-04-14,True
West Islip Union Free School District,NCES-3630690,District maintenance and operations,site_athletics,3_funding,False,87000,operating budget,Purchase of a rack truck with plow for district maintenance and snow operations.,"Approval of Resolution re: purchase of a rack truck with a plow necessary for district maintenance and operations not to exceed $87,000.00",https://files.smartsites.parentsquare.com/6796/012126-1-20-2026_sm_agenda_for_posting.pdf,2026-01-20,True
West Islip Union Free School District,NCES-3630690,District-wide,site_athletics,3_funding,True,87000,operating budget,Purchase of a rack truck with plow for district maintenance and snow removal operations.,purchase of a rack truck with a plow is necessary for district maintenance and operations,https://files.smartsites.parentsquare.com/6796/020626-01-20-26_sm_final.pdf,2026-01-20,True
West Islip Union Free School District,NCES-3630690,High School,general_construction,3_funding,True,37726.78,capital reserve,Gazebo construction in high school courtyard with budget transfer.,Transfer for HS project - gazebo in courtyard,https://files.smartsites.parentsquare.com/6796/110325_11-6-25_rm_agenda_for_posting.pdf,2025-11-06,True
Western Suffolk Boces,NCES-3680860,WT Dix Hill Building A,life_safety_security,3_funding,True,26000,capital reserve,Fire alarm system upgrades with funding approved.,"Fire Alarm System Upgrades *(H989) WT Dix Hill Building A 26,000",https://www.wsboces.org/wp-content/uploads/Agenda-7-14-26-FULL.pdf,2026-07-14,True
Western Suffolk Boces,NCES-3680860,WT Dix Hill Building B,life_safety_security,3_funding,True,26000,capital reserve,Fire alarm system upgrades with funding approved.,"Fire Alarm System Upgrades *(H989) WT Dix Hill Building B 26,000",https://www.wsboces.org/wp-content/uploads/Agenda-7-14-26-FULL.pdf,2026-07-14,True
Western Suffolk Boces,NCES-3680860,WT Dix Hill Building C,life_safety_security,3_funding,True,26000,capital reserve,Fire alarm system upgrades with funding approved.,"Fire Alarm System Upgrades *(H989) WT Dix Hill Building C 26,000",https://www.wsboces.org/wp-content/uploads/Agenda-7-14-26-FULL.pdf,2026-07-14,True
Western Suffolk Boces,NCES-3680860,WT Dix Hill Building D,life_safety_security,3_funding,True,26000,capital reserve,Fire alarm system upgrades with funding approved.,"Fire Alarm System Upgrades *(H989) WT Dix Hill Building D 26,000",https://www.wsboces.org/wp-content/uploads/Agenda-7-14-26-FULL.pdf,2026-07-14,True
Western Suffolk Boces,NCES-3680860,WT Dix Hill Building E,life_safety_security,3_funding,True,26000,capital reserve,Fire alarm system upgrades with funding approved.,"Fire Alarm System Upgrades *(H989) WT Dix Hill Building E 26,000",https://www.wsboces.org/wp-content/uploads/Agenda-7-14-26-FULL.pdf,2026-07-14,True
Western Suffolk Boces,NCES-3680860,WT Northport,life_safety_security,3_funding,True,26000,capital reserve,Fire alarm system upgrades with funding approved.,"Fire Alarm System Upgrades *(H989) WT Northport 26,000",https://www.wsboces.org/wp-content/uploads/Agenda-7-14-26-FULL.pdf,2026-07-14,True
Western Suffolk Boces,NCES-3680860,WT Republic,life_safety_security,3_funding,True,26000,capital reserve,Fire alarm system upgrades with funding approved.,"Fire Alarm System Upgrades *(H989) WT Republic 26,000",https://www.wsboces.org/wp-content/uploads/Agenda-7-14-26-FULL.pdf,2026-07-14,True
Western Suffolk Boces,NCES-3680860,WT Huntington,life_safety_security,3_funding,True,26000,capital reserve,Fire alarm system upgrades with funding approved.,"Fire Alarm System Upgrades *(H989) WT Huntington 26,000",https://www.wsboces.org/wp-content/uploads/Agenda-7-14-26-FULL.pdf,2026-07-14,True
Western Suffolk Boces,NCES-3680860,JEA Dix Hills,life_safety_security,3_funding,True,26000,capital reserve,Fire alarm system upgrades with funding approved.,"Fire Alarm System Upgrades *(H989) JEA Dix Hills 26,000",https://www.wsboces.org/wp-content/uploads/Agenda-7-14-26-FULL.pdf,2026-07-14,True
Western Suffolk Boces,NCES-3680860,JEA Melville,life_safety_security,3_funding,True,26000,capital reserve,Fire alarm system upgrades with funding approved.,"Fire Alarm System Upgrades *(H989) JEA Melville 26,000",https://www.wsboces.org/wp-content/uploads/Agenda-7-14-26-FULL.pdf,2026-07-14,True
Western Suffolk Boces,NCES-3680860,Taukomas,life_safety_security,3_funding,True,26000,capital reserve,Fire alarm system upgrades with funding approved.,"Fire Alarm System Upgrades *(H989) Taukomas 26,000",https://www.wsboces.org/wp-content/uploads/Agenda-7-14-26-FULL.pdf,2026-07-14,True
Western Suffolk Boces,NCES-3680860,Brennan,life_safety_security,3_funding,True,26000,capital reserve,Fire alarm system upgrades with funding approved.,"Fire Alarm System Upgrades *(H989) Brennan 26,000",https://www.wsboces.org/wp-content/uploads/Agenda-7-14-26-FULL.pdf,2026-07-14,True
Sagaponack Common School District,NCES-3625410,Sagaponack Common School District,hvac_mechanical,3_funding,True,8910,operating budget,Replacement air conditioning unit for the school.,"Grant Heating and Cooling quote in the amount of $8,910.00 for the replacement air conditioning unit.",https://sagaponackschool.org/wp-content/uploads/2026/02/Minutes-to-10-14-25-BOT-Meeting.pdf,2025-10-14,True
Sagaponack Common School District,NCES-3625410,Sagaponack Common School District,hvac_mechanical,3_funding,False,8910,operating budget,Replace air conditioning unit with new HVAC system.,"approve the Grant Heating and Cooling quote in the amount of $8,910.00 for the replacement air conditioning unit",https://sagaponackschool.org/wp-content/uploads/2025/12/Minutes-to-10-14-25-BOT-Meeting.pdf,2025-10-14,True
West Islip Union Free School District,NCES-3630690,West Islip UFSD,maintenance_services,3_funding,True,3800,operating budget,Water authority payment for grounds maintenance and upkeep.,Transfer for additional payments for Suffolk County Water Authority,https://files.smartsites.parentsquare.com/6796/8-25-26_rm_agenda_for_posting_revised.pdf,2026-08-25,True
West Islip Union Free School District,NCES-3630690,Udall,general_construction,3_funding,False,3642.34,capital reserve,Door repairs project with architect oversight and budget allocation.,Transfer for Interfund project at Udall door repairs. Additional BBS Architect fees,https://files.smartsites.parentsquare.com/6796/110325_11-6-25_rm_agenda_for_posting.pdf,2025-11-06,True
West Islip Union Free School District,NCES-3630690,Beach Street,life_safety_security,3_funding,False,3234.19,capital reserve,Fire alarm system replacement with architect fees being managed under capital reserve.,Transfer for BBS Architect fees for Beach St Fire Alarm Sys replacement - Cap Res 2023,https://files.smartsites.parentsquare.com/6796/110325_11-6-25_rm_agenda_for_posting.pdf,2025-11-06,True
West Islip Union Free School District,NCES-3630690,West Islip High School,site_athletics,3_funding,True,3163.83,donation,Installation of gazebo for high school courtyard,"donation of $3,163.83 from the West Islip High School Class of 2025 for the purchase of a gazebo",https://files.smartsites.parentsquare.com/6796/092525_9-25-25_sm_agenda_for_posting_revised.pdf,2025-09-25,True
West Islip Union Free School District,NCES-3630690,West Islip High School,interiors,3_funding,False,3163.83,donation,Purchase and installation of a gazebo for the school courtyard.,"Donation from West Islip High School Extraclassroom Club, Class of 2025 to support the purchase of a gazebo for the courtyard at West Islip High School",https://files.smartsites.parentsquare.com/6796/10-9-25_rm_agenda_for_posting_1.pdf,2025-10-09,True
West Islip Union Free School District,NCES-3630690,West Islip High School,interiors,3_funding,True,3163.83,donation,Purchase and installation of a gazebo for the courtyard.,"donated funds in the amounts of $3,163.83 from the West Islip Extraclassroom club, West Islip High School Class of 2025, which have been donated to support the purchase of a gazebo for the courtyard",https://files.smartsites.parentsquare.com/6796/102025-09-25-25_sm_final.pdf,2025-09-25,True
Western Suffolk Boces,NCES-3680860,,maintenance_services,3_funding,False,2100,operating budget,"Participation in cooperative bid program for skilled trades, maintenance services, athletic reconditioning, compliance and school-based services.","Board agrees to pay $2,100 for participation in NY/Island Cooperative Bid Program.",https://www.wsboces.org/wp-content/uploads/Agenda-1-13-26-FULL.pdf,2026-01-13,True
Western Suffolk Boces,NCES-3680860,,maintenance_services,3_funding,True,2100,operating budget,"Participation in NY/Island Cooperative Bid Program for skilled trades, maintenance services, and related school-based services.","Board agrees to pay the cost of $2,100 associated with participation in the NY/Island Cooperative Bid Program",https://www.wsboces.org/wp-content/uploads/Agenda-1-13-26-FULL.pdf,2026-01-13,True
Deer Park Union Free School District,NCES-3608880,unknown,site_athletics,3_funding,True,,grant,Grant funding being pursued for pool project.,Grant for the pool,https://files.smartsites.parentsquare.com/12897/october_14_2025_1.pdf,2025-10-14,True
West Islip Union Free School District,NCES-3630690,Udall Road Middle School,life_safety_security,3_funding,True,,capital,Replacement and upgrade of existing fire alarm system with new modern system and associated devices.,replacement of the existing fire alarm system and upgrade to a new and modern fire alarm system,https://files.smartsites.parentsquare.com/6796/6-4-26_rm_final.pdf,2026-06-04,True
Western Suffolk Boces,NCES-3680860,,maintenance_services,3_funding,True,,unknown,"Participation in Sourcewell RFP for garage, fleet maintenance equipment and vehicle lifts.",Sourcewell RFP #121223-Snp Snap-On Garage and Fleet Maintenance Equipment and Vehicle Lifts,https://www.wsboces.org/wp-content/uploads/Revised-Agenda-11-12-25-1.pdf,2025-11-12,True
West Islip Union Free School District,NCES-3630690,,electrical_lighting,3_funding,True,,operating budget,Approval of electrical repair and services bid contract for 2026-2027.,#2601 Electrical Repair and Services Madison Avenue Construction Corp.,https://files.smartsites.parentsquare.com/6796/050426_5-7-2026_rm_agenda_for_posting.pdf,2026-05-07,True
Academy Charter School,NCES-3600997,Hempstead Upper Elementary & Middle School,general_construction,3_funding,True,,unknown,Construction project completion with traffic studies and planning board approvals.,Hempstead Upper Elementary & Middle School Cos will be completed by year-end.,https://academycharterschool.org/wp-content/uploads/2026/07/Board-of-Trustees-Meeting-Minutes-TACS-December-2025.pdf,2025-12-01,True
Deer Park Union Free School District,NCES-3608880,,hvac_mechanical,3_funding,False,,operating budget,Kitchen equipment repair and HVAC service bid renewal contract.,"Comfort Kool HVAC, Inc. Bid No. BDP25-008 Kitchen Equipment Repair and Service bid renewal 4/26/2026-4/25/2027",https://files.smartsites.parentsquare.com/12897/may_28_2026.pdf,2026-05-28,True
West Islip Union Free School District,NCES-3630690,Bayview Elementary School,life_safety_security,3_funding,True,,capital,Replacement and upgrade of existing fire alarm system with new modern system and associated devices.,replacement of the existing fire alarm system and upgrade to a new and modern fire alarm system,https://files.smartsites.parentsquare.com/6796/6-4-26_rm_final.pdf,2026-06-04,True
Western Suffolk Boces,NCES-3680860,,maintenance_services,3_funding,True,,unknown,Participation in cooperative bid program for skilled trades and maintenance services.,"NY/Island Cooperative Bid Program for Time & Material Covering Skilled Trades, Maintenance Services",https://www.wsboces.org/wp-content/uploads/Revised-Agenda-11-12-25-1.pdf,2025-11-12,True
West Islip Union Free School District,NCES-3630690,,,3_funding,False,,capital reserve,Capital reserve funding proposition under discussion.,Discussion Items Capital Reserve Proposition,https://files.smartsites.parentsquare.com/6796/030926_march_10_2026_finance_agenda.pdf,2026-03-10,True
Commack Union Free School District,NCES-3608130,"Indian Hollow, North Ridge, Rolling Hills, Sawmill, Burr, Sagtikos, Smith's Lane, Long Acres, Wood Park",hvac_mechanical,3_funding,False,,capital reserve,Piped heating and cooling distribution replacements at nine schools as part of 2025-2026 Capital Improvement Program.,piped heating and cooling distribution replacements as part of our 2025-2026 Capital Improvement Program,https://files.smartsites.parentsquare.com/5158/minutes_-_november_20_2025_1.pdf,2025-11-20,True
West Islip Union Free School District,NCES-3630690,,hvac_mechanical,3_funding,True,,operating budget,Approval of pneumatic system maintenance service bid contract for 2026-2027.,"#2603 Maintenance Service for Pneumatic Systems Cardinal Control Systems, LLC",https://files.smartsites.parentsquare.com/6796/050426_5-7-2026_rm_agenda_for_posting.pdf,2026-05-07,True
West Islip Union Free School District,NCES-3630690,Oquenock Elementary School,life_safety_security,3_funding,True,,unknown,Replacement of existing fire alarm system with new modern fire alarm system including all devices and controls.,replacement of the existing fire alarm system and upgrade to a new and modern fire alarm system,https://files.smartsites.parentsquare.com/6796/6-4-26_rm_final.pdf,2026-06-04,True
West Islip Union Free School District,NCES-3630690,"Udall Road Middle School, Bayview Elementary School, Manetuck Elementary School, Oguenock Elementary School",life_safety_security,3_funding,True,,capital reserve,Replacement and upgrade of fire alarm systems including all associated devices and controls at four schools.,replacement of the existing fire alarm system and upgrade to a new and modern fire alarm system,https://files.smartsites.parentsquare.com/6796/062226_6-16-2026_sm_agenda_for_posting_revised.pdf,2026-06-16,True
West Islip Union Free School District,NCES-3630690,,site_athletics,3_funding,True,,operating budget,Approval of gate and chain link fence services bid contract for 2026-2027.,#2604 Gate and Chain Link Fence Ideal Fence Corp.,https://files.smartsites.parentsquare.com/6796/050426_5-7-2026_rm_agenda_for_posting.pdf,2026-05-07,True
West Islip Union Free School District,NCES-3630690,Udall Road Middle School,life_safety_security,3_funding,True,,capital,Replacement and upgrade of fire alarm system with all associated devices and controls.,replacement of the existing fire alarm system and upgrade to a new and modern fire alarm system including all associated devices and controls at the Udall Road Middle School,https://files.smartsites.parentsquare.com/6796/091026_6-4-26_rm_final.pdf,2026-06-04,True
Western Suffolk Boces,NCES-3680860,,general_construction,3_funding,True,,capital reserve,Capital projects for 2025-26 fiscal year requiring board approval.,Approval of Capital Projects 2025-26,https://www.wsboces.org/wp-content/uploads/Agenda-3-10-26.pdf,2026-03-10,True
West Islip Union Free School District,NCES-3630690,,life_safety_security,3_funding,False,,unknown,Fire alarm systems require SEQRA approval.,Approval of SEQRA Resolution re: Fire Alarm Systems,https://files.smartsites.parentsquare.com/6796/060526_6-4-2026_rm_agenda_for_posting_revised.pdf,2026-06-04,True
West Islip Union Free School District,NCES-3630690,,maintenance_services,3_funding,True,,operating budget,Approval of elevator maintenance and service bid contract for 2026-2027.,#2610 Elevator Maintenance and Service Dynasty Elevator Corp.,https://files.smartsites.parentsquare.com/6796/050426_5-7-2026_rm_agenda_for_posting.pdf,2026-05-07,True
West Islip Union Free School District,NCES-3630690,Bayview Elementary School,life_safety_security,3_funding,True,,capital,Replacement and upgrade of fire alarm system with all associated devices and controls.,replacement of the existing fire alarm system and upgrade to a new and modern fire alarm system including all associated devices and controls at the Bayview Elementary School,https://files.smartsites.parentsquare.com/6796/091026_6-4-26_rm_final.pdf,2026-06-04,True
Commack Union Free School District,NCES-3608130,CHS (Central High School),general_construction,3_funding,True,,bond,Mock Trial Courtroom project from 2019 Bond Program requesting NYSED financial information revision.,Request for Revision of Financial Information Form for the listed 2019 Bond Project,https://files.smartsites.parentsquare.com/5158/minutes_-_november_20_2025_1.pdf,2025-11-20,True
West Islip Union Free School District,NCES-3630690,,maintenance_services,3_funding,True,,operating budget,Multi-year networked copier service agreement for 2026-2029.,Approval of Multi-Year Service Agreement – Xerox Networked Copier 2026-2029,https://files.smartsites.parentsquare.com/6796/080526-june_2_2026_finance_agenda_1.pdf,2026-06-02,True
West Islip Union Free School District,NCES-3630690,Manetuck Elementary School,life_safety_security,3_funding,True,,capital,Replacement of existing fire alarm system and upgrade to new modern fire alarm system with all associated devices and controls.,replacement of the existing fire alarm system and upgrade to a new and modern fire alarm system including all associated devices and controls at the Manetuck Elementary School,https://files.smartsites.parentsquare.com/6796/091026_6-4-26_rm_final.pdf,2026-06-04,True
West Islip Union Free School District,NCES-3630690,Manetuck Elementary School,life_safety_security,3_funding,True,,unknown,Replacement of existing fire alarm system with new modern fire alarm system including all devices and controls.,replacement of the existing fire alarm system and upgrade to a new and modern fire alarm system,https://files.smartsites.parentsquare.com/6796/6-4-26_rm_final.pdf,2026-06-04,True
Sagaponack Common School District,NCES-3625410,,roofing,3_funding,True,,operating budget,Shingle siding work with quote approval.,Approval of the Shingle Siding Quote,https://sagaponackschool.org/wp-content/uploads/2026/03/Agenda-for-BOT-Meeting-3-10-26.pdf,2026-03-10,True
West Islip Union Free School District,NCES-3630690,High School,hvac_mechanical,3_funding,True,,unknown,High school pool renovation project.,Items reviewed included snow removal from the recent storm; high school pool renovation,https://files.smartsites.parentsquare.com/6796/032326-3-24-2026_sm_agenda_for_posting.pdf,2026-03-24,True
West Islip Union Free School District,NCES-3630690,Oquenock Elementary School,life_safety_security,3_funding,True,,capital,Replacement of existing fire alarm system and upgrade to new modern fire alarm system with all associated devices and controls.,replacement of the existing fire alarm system and upgrade to a new and modern fire alarm system including all associated devices and controls at the Oquenock Elementary School,https://files.smartsites.parentsquare.com/6796/091026_6-4-26_rm_final.pdf,2026-06-04,True
Academy Charter School,NCES-3600997,Brentwood Elementary School and Brentwood Middle School,general_construction,3_funding,True,,operating budget,"Construction of new school building at 100 Pine Aire Drive, Bayshore, New York for Brentwood Elementary and Middle Schools.",Advance funds to Friends of the Academy for the construction of a new school building,https://academycharterschool.org/wp-content/uploads/2026/07/Board-of-Trustees-Meeting-Minutes-TACS-February-2026.pdf,2026-02-01,True
Academy Charter School,NCES-3600997,Brentwood expansion,general_construction,3_funding,True,,grant,Charter School Growth Fund received to support Brentwood expansion and organizational capacity building.,Charter School Growth Fund funding was received to support Brentwood expansion and organizational capacity building for TACS 2.,https://academycharterschool.org/wp-content/uploads/2026/07/Board-of-Trustees-Meeting-Minutes-TACS-2-January-2026.pdf,2026-01-01,True
West Islip Union Free School District,NCES-3630690,High School,hvac_mechanical,3_funding,True,,unknown,Traditional air conditioning bid extension for high school.,approve bid extensions: 1. #2501 ~ Traditional Air Conditioning,https://files.smartsites.parentsquare.com/6796/032326-3-24-2026_sm_agenda_for_posting.pdf,2026-03-24,True
Commack Union Free School District,NCES-3608130,District-wide,general_construction,3_funding,True,,unknown,"Piggybacking on Bay Shore UFSD contract with Renu Contracting for general building maintenance, construction, reconstruction, and demolition.","piggybacking on the following school district contract: General Building Maintenance Involving New Construction, Reconstruction, and Demolition",https://files.smartsites.parentsquare.com/5158/minutes_-_march_12_2026.pdf,2026-03-12,True
West Islip Union Free School District,NCES-3630690,,site_athletics,3_funding,True,,operating budget,Approval of tree pruning and care services bid contract for 2026-2027.,"#2602 Tree Pruning and Care Services Asplundh Tree Expert, LLC",https://files.smartsites.parentsquare.com/6796/050426_5-7-2026_rm_agenda_for_posting.pdf,2026-05-07,True
Commack Union Free School District,NCES-3608130,Burr and Sawmill Playgrounds,site_athletics,3_funding,True,,capital reserve,Playground improvements at Burr and Sawmill sites using surplus transfer to capital projects.,Approved the listed NYSED forms for 2026-2027 Surplus Transfer to Capital Projects - Burr and Sawmill Playgrounds,https://files.smartsites.parentsquare.com/5158/minutes_-_may_7_2026.pdf,2026-05-07,True
Sagaponack Common School District,NCES-3625410,,interiors,3_funding,False,,operating budget,Replacement of outside bulletin board with new graphics.,Approval of the Ocean Graphics Quote for the Replacement of the Outside Bulletin Board,https://sagaponackschool.org/wp-content/uploads/2026/03/Agenda-for-BOT-Meeting-3-10-26.pdf,2026-03-10,True
Sagaponack Common School District,NCES-3625410,,roofing,3_funding,True,,operating budget,Shingle painting work with quote approval.,Approval of the Shingle Painting Quote,https://sagaponackschool.org/wp-content/uploads/2026/03/Agenda-for-BOT-Meeting-3-10-26.pdf,2026-03-10,True
Sagaponack Common School District,NCES-3625410,,site_athletics,3_funding,True,,operating budget,Long Springs irrigation contract renewal for 2026.,Approval of Long Springs Irrigation Contract 2026,https://sagaponackschool.org/wp-content/uploads/2026/03/Agenda-for-BOT-Meeting-3-10-26.pdf,2026-03-10,True
Sagaponack Common School District,NCES-3625410,Sagaponack Common School District,"roofing, interiors, maintenance_services",3_funding,True,,operating budget,"Summer building projects including re-shingling and painting playground side, painting garbage bins, screening floors, and interior touch-ups.",The playground side of the building will be re-shingled and painted. The garbage bins will be painted this year.,https://sagaponackschool.org/wp-content/uploads/2026/05/SDMC-Meeting-Mins.-5-11-26.pdf,2026-05-11,True
Wainscott Common School District,NCES-3629760,Wainscott Common School (both buildings),life_safety_security,3_funding,True,,unknown,Cellular communication system for fire and security for both buildings with single vendor consolidation.,moving forward with the cellular communication system for both buildings for fire and security,https://wainscottschool.org/wp-content/uploads/2026/08/July-15-2026-Minutes.pdf,2026-07-15,True
Wainscott Common School District,NCES-3629760,Wainscott Common School,maintenance_services,3_funding,True,,operating budget,Intermunicipal maintenance and painting services agreement with East Hampton Union Free School District.,Intermunicipal Maintenance and Painting Agreement Between The East Hampton Union Free School District and The Wainscott School District,https://wainscottschool.org/wp-content/uploads/2026/05/BOT_Agenda_5_6_26_2.pdf,2026-05-06,True
Wainscott Common School District,NCES-3629760,Wainscott Common School,maintenance_services,3_funding,True,,operating budget,Intermunicipal custodial services agreement with East Hampton Union Free School District.,Intermunicipal Custodial Agreement Between The East Hampton Union Free School District and The Wainscott School District,https://wainscottschool.org/wp-content/uploads/2026/05/BOT_Agenda_5_6_26_2.pdf,2026-05-06,True
Western Suffolk Boces,NCES-3680860,Western Suffolk BOCES,envelope_windows,3_funding,True,,unknown,Standardization of window screens across facilities.,Resolution to Accept Standardization of Window Screens,https://www.wsboces.org/wp-content/uploads/Agenda-9-8-26-FULL.pdf,2026-09-08,True
Western Suffolk Boces,NCES-3680860,"Western Suffolk BOCES (multiple: Wilson Tech Northport, Wilson Tech Huntington, Wilson Tech Dix Hills)",envelope_windows,3_funding,False,,unknown,Standardization of window screens and insect screens throughout the agency.,Board hereby standardizes on Architectural Window Manufacturing Corporation window and insect screen systems.,https://www.wsboces.org/wp-content/uploads/Agenda-9-8-26-FULL.pdf,2026-09-08,True
Western Suffolk Boces,NCES-3680860,JEA Melville,hvac_mechanical,3_funding,True,,capital,Replace A/C systems at JEA Melville facility.,A/C Systems Replacement at JEA Melville,https://www.wsboces.org/wp-content/uploads/Agenda-7-14-26-FULL.pdf,2026-07-14,True
Western Suffolk Boces,NCES-3680860,WT Dix Hills Bldg A,life_safety_security,3_funding,True,,capital,Upgrade fire alarm system at WT Dix Hills Building A.,Fire Alarm System Upgrades at WT Dix Hills Bldg A,https://www.wsboces.org/wp-content/uploads/Agenda-7-14-26-FULL.pdf,2026-07-14,True
Western Suffolk Boces,NCES-3680860,WT Dix Hills Bldg B,life_safety_security,3_funding,True,,capital,Upgrade fire alarm system at WT Dix Hills Building B.,Fire Alarm System Upgrades at WT Dix Hills Bldg B,https://www.wsboces.org/wp-content/uploads/Agenda-7-14-26-FULL.pdf,2026-07-14,True
Western Suffolk Boces,NCES-3680860,WT Dix Hills Bldg C,life_safety_security,3_funding,True,,capital,Upgrade fire alarm system at WT Dix Hills Building C.,Fire Alarm System Upgrades at WT Dix Hills Bldg C,https://www.wsboces.org/wp-content/uploads/Agenda-7-14-26-FULL.pdf,2026-07-14,True
Western Suffolk Boces,NCES-3680860,WT Dix Hills Bldg D,life_safety_security,3_funding,True,,capital,Upgrade fire alarm system at WT Dix Hills Building D.,Fire Alarm System Upgrades at WT Dix Hills Bldg D,https://www.wsboces.org/wp-content/uploads/Agenda-7-14-26-FULL.pdf,2026-07-14,True
Western Suffolk Boces,NCES-3680860,WT Dix Hills Bldg E,life_safety_security,3_funding,True,,capital,Upgrade fire alarm system at WT Dix Hills Building E.,Fire Alarm System Upgrades at WT Dix Hills Bldg E,https://www.wsboces.org/wp-content/uploads/Agenda-7-14-26-FULL.pdf,2026-07-14,True
Western Suffolk Boces,NCES-3680860,WT Northport,life_safety_security,3_funding,True,,capital,Upgrade fire alarm system at WT Northport.,Fire Alarm System Upgrades at WT Northport,https://www.wsboces.org/wp-content/uploads/Agenda-7-14-26-FULL.pdf,2026-07-14,True
Western Suffolk Boces,NCES-3680860,WT Republic,life_safety_security,3_funding,True,,capital,Upgrade fire alarm system at WT Republic.,Fire Alarm System Upgrades at WT Republic,https://www.wsboces.org/wp-content/uploads/Agenda-7-14-26-FULL.pdf,2026-07-14,True
Western Suffolk Boces,NCES-3680860,WT Huntington,life_safety_security,3_funding,True,,capital,Upgrade fire alarm system at WT Huntington.,Fire Alarm System Upgrades at WT Huntington,https://www.wsboces.org/wp-content/uploads/Agenda-7-14-26-FULL.pdf,2026-07-14,True
Western Suffolk Boces,NCES-3680860,JEA Dix Hills,life_safety_security,3_funding,True,,capital,Upgrade fire alarm system at JEA Dix Hills.,Fire Alarm System Upgrades at JEA Dix Hills,https://www.wsboces.org/wp-content/uploads/Agenda-7-14-26-FULL.pdf,2026-07-14,True
Western Suffolk Boces,NCES-3680860,JEA Melville,life_safety_security,3_funding,True,,capital,Upgrade fire alarm system at JEA Melville.,Fire Alarm System Upgrades at JEA Melville,https://www.wsboces.org/wp-content/uploads/Agenda-7-14-26-FULL.pdf,2026-07-14,True
Western Suffolk Boces,NCES-3680860,Taukomas,life_safety_security,3_funding,True,,capital,Upgrade fire alarm system at Taukomas.,Fire Alarm System Upgrades at Taukomas,https://www.wsboces.org/wp-content/uploads/Agenda-7-14-26-FULL.pdf,2026-07-14,True
Western Suffolk Boces,NCES-3680860,Brennan,life_safety_security,3_funding,True,,capital,Upgrade fire alarm system at Brennan.,Fire Alarm System Upgrades at Brennan,https://www.wsboces.org/wp-content/uploads/Agenda-7-14-26-FULL.pdf,2026-07-14,True
Western Suffolk Boces,NCES-3680860,OLL Caleb Smith,general_construction,3_funding,True,,capital,Renovation project at Caleb Smith facility.,Caleb Smith Renovation at OLL Caleb Smith,https://www.wsboces.org/wp-content/uploads/Agenda-7-14-26-FULL.pdf,2026-07-14,True
West Islip Union Free School District,NCES-3630690,High School,"general_construction, electrical_lighting",4_design,True,10534000,bond,General construction and electrical work for 13M pool bond project,Transfer for General Construction - $13M Pool Bond,https://files.smartsites.parentsquare.com/6796/011226_1-8-2026_rm_agenda_for_posting_revised.pdf,2026-01-08,True
Deer Park Union Free School District,NCES-3608880,Deer Park High School,roofing,4_design,False,573850,capital reserve,Emergency partial roof replacement involving tear-off to concrete deck due to extensive roof leak.,"Partial Roof Replacement (approx 9,100). Tear off existing roof down to concrete deck. This emergency roof replacement is a result of an extensive roof leak.",https://files.smartsites.parentsquare.com/12897/082526_aug252026-work-openagenda.pdf,2026-08-25,True
Western Suffolk Boces,NCES-3680860,JEA MEL,interiors,4_design,True,90000,capital reserve,Modifications to rooms 419 and 422 for calming space.,"Modifications to room 419 & 422 for calming space H2M In design $ 90,000",https://www.wsboces.org/wp-content/uploads/Agenda-4-14-26-FULL.pdf,2026-04-14,True
Western Suffolk Boces,NCES-3680860,JEA DH,interiors,4_design,True,65000,capital reserve,Re-mat the walls and floor of gross motor room.,"Re-mat the walls and floor of gross motor room H2M In design $ 65,000",https://www.wsboces.org/wp-content/uploads/Agenda-4-14-26-FULL.pdf,2026-04-14,True
Western Suffolk Boces,NCES-3680860,WT DH,interiors,4_design,True,45000,capital reserve,Upgrade and re-design Learning Commons Building C with new panel walls and sconces.,"Upgrade/Re-Design LCR Bldg. C w/ new panel walls, sconces H2M In design $ 45,000",https://www.wsboces.org/wp-content/uploads/Agenda-4-14-26-FULL.pdf,2026-04-14,True
Western Suffolk Boces,NCES-3680860,WT MP,interiors,4_design,True,36000,capital reserve,Interior door finish upgrades.,"Interior door finish upgrades M&O In design $ 36,000",https://www.wsboces.org/wp-content/uploads/Agenda-4-14-26-FULL.pdf,2026-04-14,True
Western Suffolk Boces,NCES-3680860,Brennan,hvac_mechanical,4_design,True,35000,capital reserve,Large fans for gymnasium.,"Brennan Large Fans for Gym H2M In design $ 35,000",https://www.wsboces.org/wp-content/uploads/Agenda-4-14-26-FULL.pdf,2026-04-14,True
Western Suffolk Boces,NCES-3680860,WT NP,interiors,4_design,True,25000,capital reserve,Update finishes and partitions on Ladies Staff Restroom.,"Update finishes and partitions on Ladies Staff Restroom M&O In design $ 25,000",https://www.wsboces.org/wp-content/uploads/Agenda-4-14-26-FULL.pdf,2026-04-14,True
Western Suffolk Boces,NCES-3680860,JEA DH,"interiors, electrical_lighting",4_design,True,25000,capital reserve,Replace interior partition wall and electric between rooms 219 and 220.,Replace interior partition wall and electric between 219 & 220 H2M In design,https://www.wsboces.org/wp-content/uploads/Agenda-4-14-26-FULL.pdf,2026-04-14,True
Western Suffolk Boces,NCES-3680860,JEA DH,interiors,4_design,True,20000,capital reserve,Convert de-escalation room to office.,"Convert de-escalation room to office H2M In design $ 20,000",https://www.wsboces.org/wp-content/uploads/Agenda-4-14-26-FULL.pdf,2026-04-14,True
West Islip Union Free School District,NCES-3630690,Beach Street Middle School,life_safety_security,4_design,True,3234.19,capital reserve,Fire alarm replacement at Beach Street Middle School with architect design services.,Transfer for BBS Architect fees for Beach Fire Alarm replacement - Cap Res 2023,https://files.smartsites.parentsquare.com/6796/102225_10-21-25_sm_for_posting.pdf,2025-10-21,True
West Islip Union Free School District,NCES-3630690,Udall,general_construction,4_design,True,16.65,capital reserve,General construction work with architect fees from 860K capital reserve,Transfer for Additional Architect incidental fees - BBS,https://files.smartsites.parentsquare.com/6796/011226_1-8-2026_rm_agenda_for_posting_revised.pdf,2026-01-08,True
Academy Charter School,NCES-3600997,Brentwood expansion and Central Islip locations,general_construction,4_design,False,,Charter School Growth Fund,Expansion projects with construction and demolition permits pending approval.,"Construction plans for expansion projects have been submitted, demolition and construction permits, currently pending approval.",https://academycharterschool.org/wp-content/uploads/2026/07/Board-of-Trustees-Meeting-Minutes-TACS-January-2026.pdf,2026-01-01,True
Academy Charter School,NCES-3600997,The Academy Charter School 2 (Wyandanch),general_construction,4_design,True,,unknown,Facility expansion and construction project with documentation submitted to NYSED for approval.,Construction documentation was submitted to NYSED; requested revisions were completed and resubmitted with the project timeline remaining on track.,https://academycharterschool.org/wp-content/uploads/2026/07/Board-of-Trustees-Meeting-Minutes-TACS-2-March-2026.pdf,2026-03-01,True
Commack Union Free School District,NCES-3608130,CHS (Commack High School),interiors,4_design,True,,unknown,Installation of Digital Media Lab with NYSED approval of plans and specifications.,Approved the NYSED forms for the installation of the Digital Media Lab at CHS,https://files.smartsites.parentsquare.com/5158/minutes_-_april_16_2026.pdf,2026-04-16,True
Commack Union Free School District,NCES-3608130,Wood Park,roofing,4_design,True,,capital reserve,Wood Park roof renovation with application for examination and approval of final plans.,NYSED Facilities Planning Forms for the Surplus Transfer to Capital Project - Wood Park Roof (009-022),https://files.smartsites.parentsquare.com/5158/minutes_-_july_9_2026.pdf,2026-07-09,True
Western Suffolk Boces,NCES-3680860,WT DH,envelope_windows,5_bid,True,90000,capital reserve,Replace window treatments in all classrooms and instructional areas.,"Replace window treatments all Classrms and Instructional areas M&O quote process $ 90,000",https://www.wsboces.org/wp-content/uploads/Agenda-4-14-26-FULL.pdf,2026-04-14,True
Western Suffolk Boces,NCES-3680860,Taukomas,electrical_lighting,5_bid,True,31000,capital reserve,Reswitch lighting in Large Conference room.,"Reswitch lighting in Large Conf room M&O This project is in quote process $ 31,000",https://www.wsboces.org/wp-content/uploads/Agenda-4-14-26-FULL.pdf,2026-04-14,True
Western Suffolk Boces,NCES-3680860,WT NP,hvac_mechanical,5_bid,True,25000,capital reserve,Auto shop air compressor.,"Auto shop Air compressor H2M This project is in quote process $ 25,000",https://www.wsboces.org/wp-content/uploads/Agenda-4-14-26-FULL.pdf,2026-04-14,True
Sagaponack Common School District,NCES-3625410,Sagaponack Common School District,roofing,5_bid,True,14242.2,operating budget,Shingle installation on the west side of the building to complete roof replacement.,"approve the shingle installation quote from Fast Home Construction in the amount of $14,242.20 for the west side",https://sagaponackschool.org/wp-content/uploads/2026/04/Minutes-to-3-10-26-BOT-Meeting.pdf,2026-03-10,True
Sagaponack Common School District,NCES-3625410,Sagaponack Common School District,interiors,5_bid,True,3500.0,operating budget,Painting of replacement shingles on west side of building and garbage bin area.,approve the painting quote for the replacement shingles on the west side of the building,https://sagaponackschool.org/wp-content/uploads/2026/04/Minutes-to-3-10-26-BOT-Meeting.pdf,2026-03-10,True
Sagaponack Common School District,NCES-3625410,Sagaponack Common School District,interiors,5_bid,True,2379.0,operating budget,Replacement of outside bulletin board.,"approve the Ocean Graphic quote for the replacement of the outside bulletin board in the amount of $2,379.00",https://sagaponackschool.org/wp-content/uploads/2026/04/Minutes-to-3-10-26-BOT-Meeting.pdf,2026-03-10,True
Wainscott Common School District,NCES-3629760,Wainscott Common School,site_athletics,5_bid,True,1250,operating budget,Maple tree removal due to poor condition.,"approve the JMcC LTD proposal for maple tree removal due to poor condition for $1,250.00",https://wainscottschool.org/wp-content/uploads/2026/03/BOT_Agenda_March_18_2026_1.pdf,2026-03-18,True
Sagaponack Common School District,NCES-3625410,Sagaponack Common School District,interiors,5_bid,True,1189.0,operating budget,Additional magnetic lettering for outside bulletin board.,"approve the Ocean Graphic quote for the additional magnetic lettering for the outside bulletin board in the amount of $1,189.00",https://sagaponackschool.org/wp-content/uploads/2026/04/Minutes-to-3-10-26-BOT-Meeting.pdf,2026-03-10,True
West Islip Union Free School District,NCES-3630690,,electrical_lighting,5_bid,True,,operating budget,Electrical repair and services contract for district facilities.,Electrical Repair and Services (Bid #2601),https://files.smartsites.parentsquare.com/6796/050426_may_5_2026_finance_agenda.pdf,2026-05-05,True
West Islip Union Free School District,NCES-3630690,,site_athletics,5_bid,True,,operating budget,Tree pruning and care services for district properties.,Tree Pruning and Care Services (Bid #2602),https://files.smartsites.parentsquare.com/6796/050426_may_5_2026_finance_agenda.pdf,2026-05-05,True
West Islip Union Free School District,NCES-3630690,,hvac_mechanical,5_bid,True,,operating budget,Maintenance service for pneumatic and DDC control systems.,Maintenance Service for Pneumatic and DDC Control Systems (Bid #2603),https://files.smartsites.parentsquare.com/6796/050426_may_5_2026_finance_agenda.pdf,2026-05-05,True
West Islip Union Free School District,NCES-3630690,West Islip School District,site_athletics,5_bid,True,,operating budget,Tree pruning and care services for the district.,request for sealed bids for Tree Pruning and Care Services (Bid #2602),https://files.smartsites.parentsquare.com/6796/050426_5-7-2026_rm_agenda_for_posting.pdf,2026-05-07,True
Deer Park Union Free School District,NCES-3608880,Robert Frost MS,site_athletics,5_bid,False,,capital reserve,Capital improvement project with site work and paving.,"Bids for Bid # BDP26-005 2025/2026 Capital Improvement Program Robert Frost MS received and opened at 11:00 AM on June 4, 2026.",https://files.smartsites.parentsquare.com/12897/june_17_2026_-_work_session_new.pdf,2026-06-17,True
West Islip Union Free School District,NCES-3630690,,site_athletics,5_bid,True,,operating budget,Supply and installation of gates and chain link fencing.,Gates and Chain Link Fencing (Bid #2604),https://files.smartsites.parentsquare.com/6796/050426_may_5_2026_finance_agenda.pdf,2026-05-05,True
Deer Park Union Free School District,NCES-3608880,Unknown,general_construction,5_bid,False,,operating budget,Bus and automotive replacement parts procurement.,"Bids for Bid #BDP26-006 Bus & Automotive Replacement Parts received and opened at 11:00 am on JUNE 5, 2026.",https://files.smartsites.parentsquare.com/12897/june_17_2026_-_work_session_new.pdf,2026-06-17,True
West Islip Union Free School District,NCES-3630690,,maintenance_services,5_bid,True,,operating budget,Elevator maintenance and service contract for district buildings.,Elevator Maintenance and Service (Bid #2610),https://files.smartsites.parentsquare.com/6796/050426_may_5_2026_finance_agenda.pdf,2026-05-05,True
West Islip Union Free School District,NCES-3630690,,electrical_lighting,5_bid,False,,operating budget,Electrical repair and services contract awarded for 2026-2027,Electrical Repair and Services ~ Madison Avenue Construction Corp.,https://files.smartsites.parentsquare.com/6796/060126_05-07-26_rm_final.pdf,2026-05-07,True
Deer Park Union Free School District,NCES-3608880,Not specified,site_athletics,5_bid,True,,unknown,Landscaping and Groundskeeping Materials and Supplies procurement.,"Bids for Bid # BDP26-010 Landscaping and Groundskeeping Materials and Supplies were received and opened at 11:00 AM on June 3, 2026.",https://files.smartsites.parentsquare.com/12897/072226_june172026-open-work-minutes.pdf,2026-06-17,True
Deer Park Union Free School District,NCES-3608880,Deer Park UFSD,hvac_mechanical,5_bid,False,,operating budget,"Boiler and burner equipment maintenance, service and repair contract.","Bids for Bid # B DP25- 018 Boiler/Burner Equipment Maintenance, Service and Repair were received and ope ned at 11:00 a m on O ctober 7, 2025",https://files.smartsites.parentsquare.com/12897/october_28_2025_1.pdf,2025-10-28,True
Deer Park Union Free School District,NCES-3608880,Robert Frost Middle School,"general_construction, site_athletics",5_bid,True,,capital reserve,2025/2026 Capital Improvement Program with site and facility work.,"Bids for Bid # BDP26-005 2025/2026 Capital Improvement Program Robert Frost MS were received and opened at 11:00 AM on June 4, 2026.",https://files.smartsites.parentsquare.com/12897/072226_june172026-open-work-minutes.pdf,2026-06-17,True
West Islip Union Free School District,NCES-3630690,,site_athletics,5_bid,False,,operating budget,Tree pruning and care services contract for 2026-2027,"Tree Pruning and Care Services ~ Asplundh Tree Expert, LLC",https://files.smartsites.parentsquare.com/6796/060126_05-07-26_rm_final.pdf,2026-05-07,True
West Islip Union Free School District,NCES-3630690,,site_athletics,5_bid,False,,operating budget,Gate and chain link fence installation or maintenance,Gate and Chain Link Fence ~ Ideal Fence Corp.,https://files.smartsites.parentsquare.com/6796/060126_05-07-26_rm_final.pdf,2026-05-07,True
West Islip Union Free School District,NCES-3630690,,maintenance_services,5_bid,False,,operating budget,Removal of unwanted geese and water fowl services,"Removal of Unwanted Geese and Water Fowl ~ Long Island Geese Control, Inc.",https://files.smartsites.parentsquare.com/6796/060126_05-07-26_rm_final.pdf,2026-05-07,True
Deer Park Union Free School District,NCES-3608880,Not specified,general_construction,5_bid,True,,unknown,Bus and automotive replacement parts procurement.,"Bids for Bid # BDP26-006 Bus & Automotive Replacement Parts were received and opened at 11:00 am on JUNE 5, 2026.",https://files.smartsites.parentsquare.com/12897/072226_june172026-open-work-minutes.pdf,2026-06-17,True
West Islip Union Free School District,NCES-3630690,,hvac_mechanical,5_bid,False,,operating budget,Maintenance service for pneumatic and DDC control systems,Maintenance Service for Pneumatic and DDC Control Systems ~ Cardinal Control Systems. LLC,https://files.smartsites.parentsquare.com/6796/060126_05-07-26_rm_final.pdf,2026-05-07,True
West Islip Union Free School District,NCES-3630690,,maintenance_services,5_bid,False,,operating budget,Pest control services contract for 2026-2027,Pest Control Services ~ Nature Plus Pest Control,https://files.smartsites.parentsquare.com/6796/060126_05-07-26_rm_final.pdf,2026-05-07,True
Deer Park Union Free School District,NCES-3608880,Not specified,site_athletics,5_bid,True,,unknown,Athletic Equipment and Supplies procurement.,"Bids for Bid No. BDP26-009 Athletic Equipment and Supplies were received and opened at 11:00 AM on May 20, 2026.",https://files.smartsites.parentsquare.com/12897/072226_june172026-open-work-minutes.pdf,2026-06-17,True
West Islip Union Free School District,NCES-3630690,,maintenance_services,5_bid,False,,operating budget,Elevator maintenance and service contract for 2026-2027,Elevator Maintenance and Service ~ Dynasty Elevator Corp.,https://files.smartsites.parentsquare.com/6796/060126_05-07-26_rm_final.pdf,2026-05-07,True
Commack Union Free School District,NCES-3608130,Burr (035-028) and Sawmill (036-028),site_athletics,5_bid,True,,capital reserve,Playground construction materials supply agreement with NextStep Recreational.,Piggyback Agreement with NZL Equipment Installations d/b/a NextStep Recreational to supply the materials for the Burr (035-028) and Sawmill (036-028) Playground construction,https://files.smartsites.parentsquare.com/5158/minutes_-_august_20_2026.pdf,2026-08-20,True
Commack Union Free School District,NCES-3608130,Burr & Sawmill,site_athletics,5_bid,True,,capital reserve,Canopy installation at Burr & Sawmill as part of capital renovation.,Canopy Installation – Burr & Sawmill Capital Renovation Corp. Low bidder,https://files.smartsites.parentsquare.com/5158/minutes_-_july_9_2026.pdf,2026-07-09,True
Commack Union Free School District,NCES-3608130,Burr Intermediate School and Sawmill Intermediate School,interiors,5_bid,True,,unknown,Awning and masonry work at two intermediate schools,Notice to Bidders for Awning and Masonry at Burr Intermediate School and Sawmill Intermediate School,https://files.smartsites.parentsquare.com/5158/minutes_-_june_4_2026.pdf,2026-06-04,True
Commack Union Free School District,NCES-3608130,G-1,interiors,5_bid,True,,capital,Digital media classroom renovation including flooring and wall tile work.,Digital Media Classroom Renovation (G-1) Austin Interiors Low bidder; Flooring & Wall Tile Work (G-2) Milburn Flooring Mills Low bidder,https://files.smartsites.parentsquare.com/5158/minutes_-_july_9_2026.pdf,2026-07-09,True
Deer Park Union Free School District,NCES-3608880,,maintenance_services,5_bid,True,,operating_budget,Pool chemicals and supplies procurement via competitive bid.,Bid No. BDP25-003 Pool Chemicals and Supplies 2/26/2026-2/25/2027,https://files.smartsites.parentsquare.com/12897/january_6_2026.pdf,2026-01-06,True
Western Suffolk Boces,NCES-3680860,,site_athletics,5_bid,True,,unknown,Grounds keeping equipment for BOCES facilities via Town of Brookhaven cooperative bid.,participate in Town of Brookhaven Bid for Grounds Keeping Equipment Bid #22033 Contract #20220021,https://www.wsboces.org/wp-content/uploads/Agenda-4-14-26-FULL.pdf,2026-04-14,True
Deer Park Union Free School District,NCES-3608880,,general_construction,6_award,True,1471000,capital,General construction single prime trade capital improvement project.,"It is recommended that the bid be awarded to the following vendor as the lowest responsible bidder meeting specifications: Irwin Contracting Inc. $1,471,000.00",https://files.smartsites.parentsquare.com/12897/april_21_2026.pdf,2026-04-21,True
Deer Park Union Free School District,NCES-3608880,District Wide,general_construction,6_award,True,1471000,capital,General construction single prime trade capital improvement project.,"Bids for Bid # BDP26-008, 2025-2026 Capital Improvement Program Contract #1-General Construction-Single Prime Trade were received and opened at 11:00 AM on March 30, 2026.",https://files.smartsites.parentsquare.com/12897/april_212026.pdf,2026-04-21,True
Deer Park Union Free School District,NCES-3608880,,maintenance_services,6_award,False,358182.87,operating budget,"Fleet inspection, preventive maintenance and repair for buses and autos.","Bid No. BDP25-011 Bus, Auto Fleet Inspection, Preventive Maintenance and Repair $358,182.87",https://files.smartsites.parentsquare.com/12897/072226_june172026-open-work-minutes.pdf,2026-06-17,True
Deer Park Union Free School District,NCES-3608880,,general_construction,6_award,True,358182.87,operating budget,"Bus, auto and fleet inspection, preventive maintenance and repair services.","Eddie's Ultimate Truck, Auto & Bus Repair Fleet Inspection, Preventive Maintenance and Repair",https://files.smartsites.parentsquare.com/12897/june_17_2026_-_work_session_new.pdf,2026-06-17,True
Western Suffolk Boces,NCES-3680860,Western Suffolk BOCES,life_safety_security,6_award,False,150000,operating budget,Security video cameras system for 2026/27 school year.,purchase orders for Security Video Cameras Bid #25/26-73IE3CP be issued to the following lowest responsible bidder,https://www.wsboces.org/wp-content/uploads/Agenda-7-14-26-FULL.pdf,2026-07-14,True
Western Suffolk Boces,NCES-3680860,Chestnut,life_safety_security,6_award,True,67500,capital reserve,New ADA lever lockdown hardware swaps.,New ADA lever lockdown hardware swaps M&O Suffolk Lock Work on this project will begin,https://www.wsboces.org/wp-content/uploads/Agenda-4-14-26-FULL.pdf,2026-04-14,True
Western Suffolk Boces,NCES-3680860,Western Suffolk BOCES,plumbing,6_award,False,45000,operating budget,Sanitary system maintenance service contract for 2026/27 school year.,purchase orders for Sanitary System Maintenance Bid #26/27-26IE3CP be issued to the following lowest responsible bidder,https://www.wsboces.org/wp-content/uploads/Agenda-7-14-26-FULL.pdf,2026-07-14,True
West Islip Union Free School District,NCES-3630690,West Islip School District,hvac_mechanical,6_award,True,29335.0,operating budget,Maintenance service for pneumatic and DDC control systems.,"contract for Maintenance Service for Pneumatic and DDC Control Systems is awarded to: Cardinal Control Systems, Inc.",https://files.smartsites.parentsquare.com/6796/050426_5-7-2026_rm_agenda_for_posting.pdf,2026-05-07,True
Western Suffolk Boces,NCES-3680860,Western Suffolk BOCES,maintenance_services,6_award,True,27500,operating budget,Custodial cleaning services for the 2026/27 school year.,custodial cleaning services for Western Suffolk BOCES for the 2026/27 school year,https://www.wsboces.org/wp-content/uploads/Agenda-4-14-26-FULL.pdf,2026-04-14,True
Wainscott Common School District,NCES-3629760,Wainscott Common School,interiors,6_award,True,26950,operating budget,Interior painting work at the school.,"approve the interior painting estimate of $26,950. from Craig Brierley Painting, inc.",https://wainscottschool.org/wp-content/uploads/2026/02/BOT_1_21_26_Minutes_1.pdf,2026-01-21,True
Western Suffolk Boces,NCES-3680860,Western Suffolk BOCES,life_safety_security,6_award,True,25000,operating budget,"Door access control systems installation, maintenance and repair for the 2026/27 school year.","Door Access Control Systems Installation, Maintenance & Repair for Western Suffolk BOCES",https://www.wsboces.org/wp-content/uploads/Agenda-4-14-26-FULL.pdf,2026-04-14,True
Western Suffolk Boces,NCES-3680860,JEA MEL,site_athletics,6_award,True,22500,capital reserve,Classroom sidewalk replacements.,Classroom sidewalk replacements M&O The Landtek Group Work on this project will begin,https://www.wsboces.org/wp-content/uploads/Agenda-4-14-26-FULL.pdf,2026-04-14,True
Deer Park Union Free School District,NCES-3608880,,life_safety_security,6_award,True,6739.2,operating budget,Burglar alarm system monitoring service.,Burglar Alarm System Monitoring,https://files.smartsites.parentsquare.com/12897/june_17_2026_-_work_session_new.pdf,2026-06-17,True
Deer Park Union Free School District,NCES-3608880,,life_safety_security,6_award,False,6739.2,operating budget,Burglar alarm system monitoring service.,"Burglar Alarm System Monitoring Electronix Systems $6,739.20",https://files.smartsites.parentsquare.com/12897/072226_june172026-open-work-minutes.pdf,2026-06-17,True
Sagaponack Common School District,NCES-3625410,Sagaponack Common School District,general_construction,6_award,True,5810,operating budget,Emergency repair of the garbage container bin.,"approve the FP Home Improvement quote at the cost of $5,810.00 for the emergency repair of the garbage container bin",https://sagaponackschool.org/wp-content/uploads/2026/09/Minutes-to-7-14-26-BOT-Meeting.pdf,2026-07-14,True
Western Suffolk Boces,NCES-3680860,Manor Plains High School,maintenance_services,6_award,True,4748.1,operating budget,Replace failed ice maker with commercial-grade Manitowoc undercounter unit.,Furnish & Install Manitowoc (Or Equal) Ice Maker Bid #25/26-67I-PM be issued to the following lowest responsible bidders,https://www.wsboces.org/wp-content/uploads/Agenda-4-14-26-FULL.pdf,2026-04-14,True
Deer Park Union Free School District,NCES-3608880,District Wide,life_safety_security,6_award,False,4179,operating_budget,Upgrade of DMP XR200 intrusion system panel with maintenance contract.,"Upgrade of DMP XR200 Intrusion System Panel Cost of Upgrade $4,179.00",https://files.smartsites.parentsquare.com/12897/april_212026.pdf,2026-04-21,True
Wainscott Common School District,NCES-3629760,Wainscott Common School,site_athletics,6_award,True,3900,operating budget,Tree trimming and debris removal service.,"approve JMCC Ltd. tree trimming and debris removal estimate of $3,900.",https://wainscottschool.org/wp-content/uploads/2026/02/BOT_1_21_26_Minutes_1.pdf,2026-01-21,True
Deer Park Union Free School District,NCES-3608880,,plumbing,6_award,False,,operating budget,Cesspool cleaning and tank pumping service contract.,"Bid No. BDP25-016 Cesspool Cleaning and Tank Pumping- Maintenance, Service and Repair",https://files.smartsites.parentsquare.com/12897/072226_june172026-open-work-minutes.pdf,2026-06-17,True
West Islip Union Free School District,NCES-3630690,West Islip School District,site_athletics,6_award,True,,operating budget,Gates and chain link fencing installation and repair for multiple school sites.,contract for Gates and Chain Link Fencing be awarded to: Ideal Fence Corp.,https://files.smartsites.parentsquare.com/6796/050426_5-7-2026_rm_agenda_for_posting.pdf,2026-05-07,True
Deer Park Union Free School District,NCES-3608880,,maintenance_services,6_award,False,,operating budget,"Pump and motor service, rebuild and repair for renewal.",RFB No. BDP24-014 Service & Rebuild Pumps and Electrical Motors,https://files.smartsites.parentsquare.com/12897/october_28_2025.pdf,2025-10-28,True
West Islip Union Free School District,NCES-3630690,"Multiple (Bayview, PJ Bellew, Oquenock, Manetuck, Kirdahy, Westbrook, Beach Street Middle, Udall Road Middle, West Islip High, Masera Learning Center)",maintenance_services,6_award,True,,operating budget,Refrigeration repair and service contract across ten school buildings.,"Professional Service Agreement Refrigeration Repair and Service Service agreement dated July 1, 2026",https://files.smartsites.parentsquare.com/6796/031926-revised-1pm-3-12-26_rm_agenda_for_posting_revised.pdf,2026-03-12,True
Deer Park Union Free School District,NCES-3608880,,site_athletics,6_award,True,,operating budget,Landscaping and groundskeeping materials and supplies.,"Got Mulch Too, Inc. Landscaping & Groundskeeping Materials & Supplies",https://files.smartsites.parentsquare.com/12897/june_17_2026_-_work_session_new.pdf,2026-06-17,True
Commack Union Free School District,NCES-3608130,Commack High School,general_construction,6_award,True,,unknown,School of Medicine construction at Commack High School via piggybacking on Bay Shore UFSD bid award.,"piggybacking on the Bay Shore Union Free School District's bid award to Renu Contracting & Restoration, Inc. for the construction of the School of Medicine at Commack High School",https://files.smartsites.parentsquare.com/5158/minutes_-_march_12_2026.pdf,2026-03-12,True
Deer Park Union Free School District,NCES-3608880,,maintenance_services,6_award,False,,operating budget,Hardware and miscellaneous items supply contract.,RFB No. BDP23-011 Hardware and Miscellaneous Items,https://files.smartsites.parentsquare.com/12897/october_28_2025_1.pdf,2025-10-28,True
Deer Park Union Free School District,NCES-3608880,District-wide,site_athletics,6_award,False,,operating budget,Landscaping and groundskeeping materials and supplies.,"Bid #BDP26-010 Landscaping and Groundskeeping Materials received and opened at 11:00 AM on June 3, 2026.",https://files.smartsites.parentsquare.com/12897/june_17_2026_-_work_session_new.pdf,2026-06-17,True
Deer Park Union Free School District,NCES-3608880,Memorial,hvac_mechanical,6_award,True,,unknown,"HVAC reconstruction with change order reducing cost by $32,660.","Change Order HVAC-1 for HVAC Reconstruction at Memorial will be decreased by $32,660.00.",https://files.smartsites.parentsquare.com/12897/070726_july_72026_reorg-agenda.pdf,2026-07-07,True
Deer Park Union Free School District,NCES-3608880,District-wide,site_athletics,6_award,False,,operating budget,Athletic equipment and supplies procurement.,"Bid # BDP26-009 Athletic Equipment and Supplies received and opened at 11:00 AM on May 20, 2026.",https://files.smartsites.parentsquare.com/12897/june_17_2026_-_work_session_new.pdf,2026-06-17,True
Deer Park Union Free School District,NCES-3608880,,maintenance_services,6_award,True,,operating budget,Award bus parts and maintenance vendor contracts to multiple lowest responsible bidders.,bid be awarded to the following vendors as the lowest responsible bidders meeting specifications,https://files.smartsites.parentsquare.com/12897/072226_july212026-openagenda.pdf,2026-07-21,True
Deer Park Union Free School District,NCES-3608880,,maintenance_services,6_award,True,,operating budget,Hardware and miscellaneous items maintenance contract.,RFB No. BDP23-011 Hardware and Miscellaneous Items,https://files.smartsites.parentsquare.com/12897/october_28_2025.pdf,2025-10-28,True
Deer Park Union Free School District,NCES-3608880,,site_athletics,6_award,False,,operating budget,Landscaping and groundskeeping materials and supplies.,Bid No. BDP25-012 Landscaping & Groundskeeping Materials & Supplies,https://files.smartsites.parentsquare.com/12897/072226_june172026-open-work-minutes.pdf,2026-06-17,True
West Islip Union Free School District,NCES-3630690,West Islip School District,electrical_lighting,6_award,False,,operating budget,Electrical repairs and services contract for the district.,contract for Electrical Repair and Service be awarded to: Madison Avenue Construction Corp.,https://files.smartsites.parentsquare.com/6796/050426_5-7-2026_rm_agenda_for_posting.pdf,2026-05-07,True
Deer Park Union Free School District,NCES-3608880,,plumbing,6_award,True,,operating budget,Cesspool cleaning and tank pumping maintenance service.,Cesspool Clear River Environmental 7/1/2026-6/30/2027 Cleaning and Tank Pumping,https://files.smartsites.parentsquare.com/12897/june_17_2026_-_work_session_new.pdf,2026-06-17,True
Deer Park Union Free School District,NCES-3608880,,site_athletics,6_award,False,,operating budget,Indoor bleacher and basketball backstop maintenance and repair.,RFB No. BDP24-013 Indoor Bleacher/Basketball Backstop Maintenance,https://files.smartsites.parentsquare.com/12897/october_28_2025.pdf,2025-10-28,True
Deer Park Union Free School District,NCES-3608880,,plumbing,6_award,True,,operating budget,Service and rebuild pumps and electrical motors maintenance contract.,RFB No. BDP24-014 Service & Rebuild Pumps and Electrical Motors,https://files.smartsites.parentsquare.com/12897/october_28_2025_1.pdf,2025-10-28,True
West Islip Union Free School District,NCES-3630690,West Islip UFSD,hvac_mechanical,6_award,True,,operating budget,Annual HVAC maintenance service contract with labor and materials.,Contractor shall perform work so as to cause the least inconvenience to the district,https://files.smartsites.parentsquare.com/6796/031926-revised-1pm-3-12-26_rm_agenda_for_posting_revised.pdf,2026-03-12,True
Commack Union Free School District,NCES-3608130,District-wide,hvac_mechanical,6_award,True,,capital,Piped heating and cooling distribution capital project via piggyback agreement.,"piggyback agreement with Commercial Instrumentation Services, Inc. for the 2025-2-26 Capital Project - Piped Heating and Cooling Distribution",https://files.smartsites.parentsquare.com/5158/minutes_-_september_3_2026.pdf,2026-09-03,True
Commack Union Free School District,NCES-3608130,Commack High School,electrical_lighting,6_award,False,,unknown,Sports lighting installation at Commack High School.,"District to piggyback on Cooperative Council of Governments' bid award to Musco Sports Lighting, LLC for sports lighting",https://files.smartsites.parentsquare.com/5158/minutes_-_october_9_2025.pdf,2025-10-09,True
Deer Park Union Free School District,NCES-3608880,Deer Park UFSD,hvac_mechanical,6_award,False,,operating budget,"Boiler and burner equipment maintenance, service and repair contract.",It is recommended that the bid not be awarded to any of the bidding vendors.,https://files.smartsites.parentsquare.com/12897/october_28_2025.pdf,2025-10-28,True
Deer Park Union Free School District,NCES-3608880,,site_athletics,6_award,False,,operating budget,"Indoor bleacher and basketball backstop maintenance, inspection, service and repair.","RFB No. BDP24-013 Indoor Bleacher/Basketball Backstop Maintenance, Annual Inspection, Service & Repair",https://files.smartsites.parentsquare.com/12897/october_28_2025_1.pdf,2025-10-28,True
Deer Park Union Free School District,NCES-3608880,,maintenance_services,6_award,False,,operating budget,"Fluids for buses, autos and equipment supply contract.","It is recommended that the bid be awarded to the following vendor as the lowest responsible bidder meeting specifications: Lubenet, LLC",https://files.smartsites.parentsquare.com/12897/072226_june172026-open-work-minutes.pdf,2026-06-17,True
West Islip Union Free School District,NCES-3630690,West Islip School District,site_athletics,6_award,False,,operating budget,Tree pruning and removal services contract award.,"Based on low bid meeting specifications that the contract for Tree Pruning and Care Services be awarded to: Asplundh Tree Expert, LLC",https://files.smartsites.parentsquare.com/6796/050426_5-7-2026_rm_agenda_for_posting.pdf,2026-05-07,True
Commack Union Free School District,NCES-3608130,CHS Digital Media Lab,interiors,6_award,True,,bond,Interior work for CHS Digital Media Lab,Austin Interiors - 2019 Bond - CHS Digital Media Lab - 008-038,https://files.smartsites.parentsquare.com/5158/boe_special_meeting_-_july_21_2026.pdf,2026-07-21,True
Commack Union Free School District,NCES-3608130,Burr and Sawmill sites,site_athletics,6_award,True,,capital reserve,Canopy construction at Burr and Sawmill sites,Capital Renovation - 2025-2026 Capital - Burr and Sawmill Canopies,https://files.smartsites.parentsquare.com/5158/boe_special_meeting_-_july_21_2026.pdf,2026-07-21,True
Commack Union Free School District,NCES-3608130,CHS Anatomage Lab and CHS Digital Media Lab,interiors,6_award,True,,bond,Flooring installation for CHS Anatomage Lab and CHS Digital Media Lab,Milburn Flooring - 2019 Bond - CHS Anatomage Lab and CHS Digital Media Lab,https://files.smartsites.parentsquare.com/5158/boe_special_meeting_-_july_21_2026.pdf,2026-07-21,True
Commack Union Free School District,NCES-3608130,Sawmill & Burr,"site_athletics, interiors",6_award,True,,capital,Playground and masonry reconstruction at Sawmill and Burr locations.,Playground & Masonry Reconstruction – Sawmill & Burr Turf Tek USA – Site Capital Renovation Corp. – Masonry Reconstruction Low bidder,https://files.smartsites.parentsquare.com/5158/minutes_-_september_3_2026.pdf,2026-09-03,True
Commack Union Free School District,NCES-3608130,Cedar Road,site_athletics,6_award,True,,capital,PA system installation at Cedar Road,contract with Advance Sound for the 2024-2025 Capital Project - Cedar Road PA System,https://files.smartsites.parentsquare.com/5158/minutes_-_june_4_2026.pdf,2026-06-04,True
Brentwood Union Free School District,NCES-3605280,,"general_construction, maintenance_services",6_award,True,,unknown,"General building services involving maintenance, new construction, reconstruction and demolition.","Belfor Long Island, LLC for General Building Services Involving Maintenance, New Construction, Reconstruction and Demolition",https://www.bufsd.org/uploaded/BOE/2026-2027/2_Agenda/8-20-26_Business_Agenda_-_Updated_8-20-26-Website.pdf,2026-08-20,True
Brentwood Union Free School District,NCES-3605280,,,6_award,True,,unknown,Architectural services for district projects.,Board of Education hereby accepts the proposal of H2M and awards a contract for Architectural Services,https://www.bufsd.org/uploaded/BOE/2026-2027/2_Agenda/8-20-26_Business_Agenda_-_Updated_8-20-26-Website.pdf,2026-08-20,True
Brentwood Union Free School District,NCES-3605280,,energy,6_award,True,,operating budget,Professional services agreement for photovoltaic system maintenance with Sunrise Power Solutions.,Board of Education hereby authorizes the award of a professional services agreement to Sunrise Power Solutions,https://www.bufsd.org/uploaded/BOE/2025-2026/2_Agenda/6-18-26_Agenda_-_Translation.pdf,2026-06-18,True
Brentwood Union Free School District,NCES-3605280,,"general_construction, maintenance_services",6_award,True,,unknown,"RFP award for general building services including maintenance, new construction, reconstruction, and demolition.","Board of Education hereby accepts the proposal of Belfor Long Island, LLC and awards a contract",https://www.bufsd.org/uploaded/BOE/2025-2026/2_Agenda/6-18-26_Agenda_-_Translation.pdf,2026-06-18,True
Brentwood Union Free School District,NCES-3605280,District,"energy, maintenance_services",6_award,True,,operating budget,Professional services agreement for photovoltaic system maintenance with Sunrise Power Solutions.,Junta de Educación autoriza la adjudicación de un acuerdo de servicios profesionales a Sunrise Power Solutions,https://www.bufsd.org/uploaded/BOE/2025-2026/2_Agenda/6-18-26_Agenda_-SP_2026-06.pdf,2026-06-18,True
Brentwood Union Free School District,NCES-3605280,District,"general_construction, interiors, site_athletics",6_award,True,,operating budget,"RFP award for general construction services including maintenance, new construction, reconstruction and demolition.","Junta de Educación acepta la propuesta de Belfor Long Island, LLC y otorga un contrato",https://www.bufsd.org/uploaded/BOE/2025-2026/2_Agenda/6-18-26_Agenda_-SP_2026-06.pdf,2026-06-18,True
Wainscott Common School District,NCES-3629760,Wainscott Common School,maintenance_services,6_award,True,,operating budget,Snow removal services for the 2025-2026 school year.,Snow removal agreement with Dellapolla Landscaping for the 2025-2026 school year,https://wainscottschool.org/wp-content/uploads/2026/01/BOT_Agenda_1._21_2026_2.pdf,2026-01-21,True
Western Suffolk Boces,NCES-3680860,Central Administration,life_safety_security,6_award,False,,operating budget,Security video cameras system for central administration.,Security Video Cameras 25/26-73IE3CP 6/18/2026 Central Administration,https://www.wsboces.org/wp-content/uploads/Agenda-7-14-26-FULL.pdf,2026-07-14,True
Western Suffolk Boces,NCES-3680860,Facilities Division,plumbing,6_award,False,,operating budget,Sanitary system maintenance services for facilities.,Sanitary System Maintenance 26/27-26IE3CP 6/18/2026 Facilities Division,https://www.wsboces.org/wp-content/uploads/Agenda-7-14-26-FULL.pdf,2026-07-14,True
Deer Park Union Free School District,NCES-3608880,Deer Park High School,general_construction,7_construction,True,1471000,bond,Concession stand and bat project construction.,"Irwin Contracting, Inc. Deer Park High School Concession Stand and Bat Project 9/3/2025-6/26/2026 $1,471,000.00",https://files.smartsites.parentsquare.com/12897/may_28_2026.pdf,2026-05-28,True
Brentwood Union Free School District,NCES-3605280,BHS Ross Center,electrical_lighting,7_construction,True,219209.0,unknown,Power supply for field lighting at BHS Ross Center.,"Musco Sports EC-FL-01 BHS Ross Center-Power Lighting, LLC ($ Increase) $219.209.00 Supply for Field Lighting",https://www.bufsd.org/uploaded/BOE/2026-2027/2_Agenda/9-16-26_BOE_Meeting-_Website-revised_9-16-26.pdf,2026-09-16,True
Brentwood Union Free School District,NCES-3605280,BHS Ross Center,electrical_lighting,7_construction,False,219209,unknown,Power supply for field lighting equipment at BHS Ross Center.,"Musco Sports Lighting, LLC BHS Ross Center-Fuente de alimentación para iluminación de campo",https://www.bufsd.org/uploaded/BOE/2026-2027/2_Agenda/9-16-26_Business_Mtg_-Translation-SPN_2026-09-16.pdf,2026-09-16,True
Western Suffolk Boces,NCES-3680860,Republic,interiors,7_construction,True,155000,capital reserve,Create new staff restroom.,"Create new staff restroom H2M Sage Builders Work is substantially complete $ 155,000",https://www.wsboces.org/wp-content/uploads/Agenda-4-14-26-FULL.pdf,2026-04-14,True
Commack Union Free School District,NCES-3608130,CHS,general_construction,7_construction,True,100000,grant,Mock Trial Courtroom project funded by SAMS Grant disbursement.,"DASNY Grant Disbursement Agreement to request payment of previously approved 2022 SAMS Grant of $100,000 for 2019 Bond Project - CHS Mock Trial Courtroom (008-031)",https://files.smartsites.parentsquare.com/5158/minutes_-_august_20_2026.pdf,2026-08-20,True
Brentwood Union Free School District,NCES-3605280,BHS – Sonderling Center,"general_construction, life_safety_security, plumbing",7_construction,True,84802.84,unknown,Reconstruction work including ACT fireproofing and kitchen plumbing with extended waste line.,"Reconstruction General Work – ACT & Fireproofing, GC4-Kitchen Plumbing and Extended Waste Line",https://www.bufsd.org/uploaded/BOE/2026-2027/2_Agenda/8-20-26_Business_Agenda_-_Updated_8-20-26-Website.pdf,2026-08-20,True
Western Suffolk Boces,NCES-3680860,WT REP,envelope_windows,7_construction,True,75000,operating_budget,Replace window treatments at WT REP location.,Replace window treatments M&O This project is in quote process,https://www.wsboces.org/wp-content/uploads/Agenda-9-8-26-FULL.pdf,2026-09-08,True
Brentwood Union Free School District,NCES-3605280,BHS Freshman Campus,electrical_lighting,7_construction,True,71113.26,unknown,Wiring upgrades at BHS Freshman Campus.,"CDJ Electric EC2-02 ($ Increase) $71,113.26 Wiring Upgrades",https://www.bufsd.org/uploaded/BOE/2026-2027/2_Agenda/9-16-26_BOE_Meeting-_Website-revised_9-16-26.pdf,2026-09-16,True
Brentwood Union Free School District,NCES-3605280,Brentwood High School - Freshman Campus,electrical_lighting,7_construction,False,71113.26,unknown,Electrical wiring improvements for freshman campus.,"CDS Electric EC2-02 $71.113,26 Mejoras en el cableado del campus",https://www.bufsd.org/uploaded/BOE/2026-2027/2_Agenda/9-16-26_Business_Mtg_-Translation-SPN_2026-09-16.pdf,2026-09-16,True
Brentwood Union Free School District,NCES-3605280,BHS Ross Center,"plumbing, abatement",7_construction,True,64990.64,unknown,Corridor piping and abatement work in auto shop.,"Ashlar Contracting GC3-01 Corridor Piping/Abatement $64,990.64",https://www.bufsd.org/uploaded/BOE/2026-2027/2_Agenda/9-16-26_BOE_Meeting-_Website-revised_9-16-26.pdf,2026-09-16,True
Brentwood Union Free School District,NCES-3605280,BHS Ross Center,"plumbing, abatement",7_construction,True,64990.64,unknown,Corridor piping and abatement at BHS Ross Center auto shop.,"Ashlar Contracting GC3-01 ($ Increase) $64,990.64 Corridor Piping/Abatement",https://www.bufsd.org/uploaded/BOE/2026-2027/2_Agenda/9-16-26_BOE_Meeting-_Website-revised_9-16-26.pdf,2026-09-16,True
Brentwood Union Free School District,NCES-3605280,Brentwood High School Ross Center,"plumbing, general_construction",7_construction,False,64990.64,unknown,Auto shop piping and hallway demolition work.,"Ashlar Contracting GC3-01 $64.990,64 BHS Ross Center-Auto Taller Tubería / Desmonta",https://www.bufsd.org/uploaded/BOE/2026-2027/2_Agenda/9-16-26_Business_Mtg_-Translation-SPN_2026-09-16.pdf,2026-09-16,True
Brentwood Union Free School District,NCES-3605280,BHS – Ross Center,hvac_mechanical,7_construction,True,57398.6,unknown,Rooftop gas revisions for mechanical system.,Mechanical Work MC3 Rooftop Gas Revisions,https://www.bufsd.org/uploaded/BOE/2026-2027/2_Agenda/8-20-26_Business_Agenda_-_Updated_8-20-26-Website.pdf,2026-08-20,True
Commack Union Free School District,NCES-3608130,CHS,interiors,7_construction,False,44306,grant,Digital Media Lab project improvements funded by EXCEL Capital Grant.,"authorizes the use of the remaining available EXCEL Capital Grant funds ($44,306) for the 2019 Bond - CHS Digital Media Lab Project (008-038)",https://files.smartsites.parentsquare.com/5158/minutes_-_august_20_2026.pdf,2026-08-20,True
Western Suffolk Boces,NCES-3680860,Taukomas,energy,7_construction,True,40000,capital reserve,Comfort controls and thermostats upgrades phase 1 of 2.,Comfort Controls and thermostats upgrades phase 1 of 2 H2M Cardinal This project is complete,https://www.wsboces.org/wp-content/uploads/Agenda-4-14-26-FULL.pdf,2026-04-14,True
Western Suffolk Boces,NCES-3680860,Chestnut,life_safety_security,7_construction,True,40000,operating_budget,Install new ADA lever lockdown hardware.,New ADA lever lockdown hardware swaps M&O Suffolk Lock Work Fall,https://www.wsboces.org/wp-content/uploads/Agenda-9-8-26-FULL.pdf,2026-09-08,True
Brentwood Union Free School District,NCES-3605280,BHS Ross Center,abatement,7_construction,True,36696.21,unknown,Additional ceiling abatement in vestibule and shop corridor.,"Ashlar Contracting GC3-04 Additional Ceiling Abatement $36,696.21",https://www.bufsd.org/uploaded/BOE/2026-2027/2_Agenda/9-16-26_BOE_Meeting-_Website-revised_9-16-26.pdf,2026-09-16,True
Brentwood Union Free School District,NCES-3605280,BHS Ross Center,abatement,7_construction,True,36696.21,unknown,Additional ceiling abatement in vestibule 101 and shop corridor at BHS Ross Center.,"Ashlar Contracting GC3-04 ($ Increase) $36,696.21 1151-1163",https://www.bufsd.org/uploaded/BOE/2026-2027/2_Agenda/9-16-26_BOE_Meeting-_Website-revised_9-16-26.pdf,2026-09-16,True
Brentwood Union Free School District,NCES-3605280,Brentwood High School Ross Center,roofing,7_construction,False,36696.21,unknown,Additional roof removal in vestibule and workshop hallway.,"Ashlar Contracting GC3-04 $36.696,21 BHS Ross Center-Eliminación adicional de techos",https://www.bufsd.org/uploaded/BOE/2026-2027/2_Agenda/9-16-26_Business_Mtg_-Translation-SPN_2026-09-16.pdf,2026-09-16,True
Western Suffolk Boces,NCES-3680860,WT NP,hvac_mechanical,7_construction,True,35310,operating_budget,Install air compressor in auto shop.,Auto shop Air compressor H2M Cardinal Work on this project will begin,https://www.wsboces.org/wp-content/uploads/Agenda-9-8-26-FULL.pdf,2026-09-08,True
Brentwood Union Free School District,NCES-3605280,BHS Ross Center,abatement,7_construction,True,29034.27,unknown,Cosmetology ceiling abatement.,"Ashlar Contracting GC3-06 Cosmetology Ceiling $29,034.27",https://www.bufsd.org/uploaded/BOE/2026-2027/2_Agenda/9-16-26_BOE_Meeting-_Website-revised_9-16-26.pdf,2026-09-16,True
Brentwood Union Free School District,NCES-3605280,BHS Ross Center,abatement,7_construction,True,29034.27,unknown,Weight room ceiling abatement.,Ashlar Contracting GC3-07 Weight Room Ceiling,https://www.bufsd.org/uploaded/BOE/2026-2027/2_Agenda/9-16-26_BOE_Meeting-_Website-revised_9-16-26.pdf,2026-09-16,True
Brentwood Union Free School District,NCES-3605280,BHS Ross Center,interiors,7_construction,True,29034.27,unknown,Cosmetology ceiling work at BHS Ross Center.,"Ashlar Contracting GC3-06 ($ Increase) $29,034.27 Cosmetology Ceiling",https://www.bufsd.org/uploaded/BOE/2026-2027/2_Agenda/9-16-26_BOE_Meeting-_Website-revised_9-16-26.pdf,2026-09-16,True
Brentwood Union Free School District,NCES-3605280,BHS Ross Center,interiors,7_construction,True,29034.27,unknown,Weight room ceiling at BHS Ross Center.,"Ashlar Contracting GC3-07 ($ Increase) $29,034.27 Weight Room Ceiling",https://www.bufsd.org/uploaded/BOE/2026-2027/2_Agenda/9-16-26_BOE_Meeting-_Website-revised_9-16-26.pdf,2026-09-16,True
Brentwood Union Free School District,NCES-3605280,BHS Ross Center,interiors,7_construction,True,29034.27,unknown,Adaptive gym ceiling at BHS Ross Center.,"Ashlar Contracting GC3-8 ($ Increase) $29,034.27 Adaptive Gym Ceiling",https://www.bufsd.org/uploaded/BOE/2026-2027/2_Agenda/9-16-26_BOE_Meeting-_Website-revised_9-16-26.pdf,2026-09-16,True
Brentwood Union Free School District,NCES-3605280,Brentwood High School Ross Center,roofing,7_construction,False,29034.27,unknown,Cosmetology room roof work.,"Ashlar Contracting GC3-06 $29.034,27 Centro Ross de BHS - Techo de Cosmetología",https://www.bufsd.org/uploaded/BOE/2026-2027/2_Agenda/9-16-26_Business_Mtg_-Translation-SPN_2026-09-16.pdf,2026-09-16,True
Brentwood Union Free School District,NCES-3605280,Brentwood High School Ross Center,roofing,7_construction,False,29034.27,unknown,Weight room ceiling roof work.,"Ashlar Contracting GC3-07 $29.034,27 Techo de la sala de pesas central de BHS",https://www.bufsd.org/uploaded/BOE/2026-2027/2_Agenda/9-16-26_Business_Mtg_-Translation-SPN_2026-09-16.pdf,2026-09-16,True
Brentwood Union Free School District,NCES-3605280,Brentwood High School Ross Center,roofing,7_construction,False,29034.27,unknown,Adaptive gymnasium roof work.,"Ashlar Contracting GC3-8 $29.034,27 Techo del gimnasio adaptativo del Centro Ross",https://www.bufsd.org/uploaded/BOE/2026-2027/2_Agenda/9-16-26_Business_Mtg_-Translation-SPN_2026-09-16.pdf,2026-09-16,True
Western Suffolk Boces,NCES-3680860,WT DH,hvac_mechanical,7_construction,True,27000,operating_budget,Steam clean culinary kitchen ceiling tiles.,Steam clean culinary kitchen ceiling tiles M&O Cunningham Duct Work progress,https://www.wsboces.org/wp-content/uploads/Agenda-9-8-26-FULL.pdf,2026-09-08,True
Western Suffolk Boces,NCES-3680860,WT MP,interiors,7_construction,True,25000,capital reserve,Phase 2 dental assistant model trimmer room.,"Phase 2 dental assistant model trimmer room M&O M&O Work in progress $ 25,000",https://www.wsboces.org/wp-content/uploads/Agenda-4-14-26-FULL.pdf,2026-04-14,True
Western Suffolk Boces,NCES-3680860,WT DH,site_athletics,7_construction,True,25000,operating_budget,Remove tree at Building C.,Tree Removal Bldg C M&O Quintal Work in progress,https://www.wsboces.org/wp-content/uploads/Agenda-9-8-26-FULL.pdf,2026-09-08,True
Western Suffolk Boces,NCES-3680860,Chestnut,envelope_windows,7_construction,True,20000,capital reserve,Perforated window shades in entrance corridor passthrough.,F&I perforated window shades in ent. corridor passthrough M&O AT equipment This project is complete,https://www.wsboces.org/wp-content/uploads/Agenda-4-14-26-FULL.pdf,2026-04-14,True
Brentwood Union Free School District,NCES-3605280,BHS (Brentwood High School),site_athletics,7_construction,False,19040.1,unknown,Site work alterations to the new culinary building including new ticket booth.,"Site Work – alterations to BHS Center's new culinary building, new ticket booth.",https://www.bufsd.org/uploaded/BOE/2025-2026/2_Agenda/7-07-26_Business_Agenda_-_Website-Revised_7-7-26.pdf,2026-07-07,True
Western Suffolk Boces,NCES-3680860,Taukomas,hvac_mechanical,7_construction,True,17500,capital reserve,Replace ductless split air-conditioning in server room.,"Replace Ductless Split A/C in Server room M&O CIS, Statewide, NY Work in progress",https://www.wsboces.org/wp-content/uploads/Agenda-4-14-26-FULL.pdf,2026-04-14,True
Western Suffolk Boces,NCES-3680860,Taukomas,hvac_mechanical,7_construction,True,17500,operating_budget,Replace ductless split A/C unit in server room.,Replace Ductless Split A/C in Server room M&O CIS Work in progress,https://www.wsboces.org/wp-content/uploads/Agenda-9-8-26-FULL.pdf,2026-09-08,True
Brentwood Union Free School District,NCES-3605280,BHS Sonderling Center,plumbing,7_construction,True,16775.0,unknown,New valves and hydrants at BHS Sonderling Center.,"LandTek Group SC-04 ($ Increase) $16,775.00 Valves & Hydrants",https://www.bufsd.org/uploaded/BOE/2026-2027/2_Agenda/9-16-26_BOE_Meeting-_Website-revised_9-16-26.pdf,2026-09-16,True
Brentwood Union Free School District,NCES-3605280,BHS Sonderling Center,plumbing,7_construction,False,16775,unknown,New valves and fire hydrants installation at BHS Sonderling Center.,LandTek Group SC-04 BHS Sonderling Center Nuevas válvulas e hidrantes aumento de $,https://www.bufsd.org/uploaded/BOE/2026-2027/2_Agenda/9-16-26_Business_Mtg_-Translation-SPN_2026-09-16.pdf,2026-09-16,True
Brentwood Union Free School District,NCES-3605280,BHS Ross Center,abatement,7_construction,True,12193.0,unknown,Ceiling abatement in room 1168.,"Ashlar Contracting GC3-02 Abatement – Rm 1168 $12,193.00",https://www.bufsd.org/uploaded/BOE/2026-2027/2_Agenda/9-16-26_BOE_Meeting-_Website-revised_9-16-26.pdf,2026-09-16,True
Brentwood Union Free School District,NCES-3605280,BHS Ross Center,abatement,7_construction,True,12193.0,unknown,Ceiling abatement in room 1168 at BHS Ross Center.,"Ashlar Contracting GC3-02 ($ Increase) $12,193.00 Abatement – Rm 1168",https://www.bufsd.org/uploaded/BOE/2026-2027/2_Agenda/9-16-26_BOE_Meeting-_Website-revised_9-16-26.pdf,2026-09-16,True
Brentwood Union Free School District,NCES-3605280,Brentwood High School Ross Center,roofing,7_construction,False,12193.0,unknown,Central roof demolition in Room 1168.,"Ashlar Contracting GC3-02 $12.193,00 BHS Ross – Habitación 1168",https://www.bufsd.org/uploaded/BOE/2026-2027/2_Agenda/9-16-26_Business_Mtg_-Translation-SPN_2026-09-16.pdf,2026-09-16,True
Brentwood Union Free School District,NCES-3605280,BHS Freshman Campus,electrical_lighting,7_construction,True,11832.01,unknown,Additional conduit at BHS Freshman Campus.,"CDJ Electric EC2-01 ($ Increase) $11,832.01 Additional Conduit",https://www.bufsd.org/uploaded/BOE/2026-2027/2_Agenda/9-16-26_BOE_Meeting-_Website-revised_9-16-26.pdf,2026-09-16,True
Brentwood Union Free School District,NCES-3605280,Brentwood High School - Freshman Campus,electrical_lighting,7_construction,False,11832.01,unknown,Additional conduit installation at freshman campus.,"CDJ Electric EC2-01 $11.832,01 BHS - Conducto adicional",https://www.bufsd.org/uploaded/BOE/2026-2027/2_Agenda/9-16-26_Business_Mtg_-Translation-SPN_2026-09-16.pdf,2026-09-16,True
Brentwood Union Free School District,NCES-3605280,BHS Freshman Campus,electrical_lighting,7_construction,True,11747.93,unknown,Detectors at BHS Freshman Campus.,"CDJ Electric EC2-03 ($ Increase) $11,747.93 Detectors",https://www.bufsd.org/uploaded/BOE/2026-2027/2_Agenda/9-16-26_BOE_Meeting-_Website-revised_9-16-26.pdf,2026-09-16,True
Brentwood Union Free School District,NCES-3605280,BHS,life_safety_security,7_construction,False,11747.93,unknown,Campus fire detection equipment installation at BHS.,CDJ Electric EC2-03 Detectores del campus BHS primer año aumento de $,https://www.bufsd.org/uploaded/BOE/2026-2027/2_Agenda/9-16-26_Business_Mtg_-Translation-SPN_2026-09-16.pdf,2026-09-16,True
Brentwood Union Free School District,NCES-3605280,BHS Ross Center,abatement,7_construction,True,11288.92,unknown,Ceiling abatement in room 1169A.,"Ashlar Contracting GC3-02 Abatement – Rm 1169A $11,288.92",https://www.bufsd.org/uploaded/BOE/2026-2027/2_Agenda/9-16-26_BOE_Meeting-_Website-revised_9-16-26.pdf,2026-09-16,True
Brentwood Union Free School District,NCES-3605280,BHS Ross Center,abatement,7_construction,True,11288.92,unknown,Ceiling abatement in room 1169A at BHS Ross Center.,"Ashlar Contracting GC3-02 ($ Increase) $11,288.92 Abatement – Rm 1169A",https://www.bufsd.org/uploaded/BOE/2026-2027/2_Agenda/9-16-26_BOE_Meeting-_Website-revised_9-16-26.pdf,2026-09-16,True
Brentwood Union Free School District,NCES-3605280,Brentwood High School Ross Center,roofing,7_construction,False,11288.92,unknown,Central roof demolition in Room 1169A.,"Ashlar Contracting GC3-02 $11.288,92 BHS Ross – Habitación 1169A",https://www.bufsd.org/uploaded/BOE/2026-2027/2_Agenda/9-16-26_Business_Mtg_-Translation-SPN_2026-09-16.pdf,2026-09-16,True
Brentwood Union Free School District,NCES-3605280,East Elementary,interiors,7_construction,True,9355.06,unknown,Kitchen soffits installation as change order work.,"Ashlar Contracting GC1-02 Kitchen Soffits $9,355.06",https://www.bufsd.org/uploaded/BOE/2026-2027/2_Agenda/9-16-26_BOE_Meeting-_Website-revised_9-16-26.pdf,2026-09-16,True
Brentwood Union Free School District,NCES-3605280,Hemlock Park,interiors,7_construction,True,9355.06,unknown,Kitchen soffits installation as change order work.,"Ashlar Contracting GC1-03 Hemlock Park-Kitchen Soffits $9,355.06",https://www.bufsd.org/uploaded/BOE/2026-2027/2_Agenda/9-16-26_BOE_Meeting-_Website-revised_9-16-26.pdf,2026-09-16,True
Brentwood Union Free School District,NCES-3605280,Oak Park,interiors,7_construction,True,9355.06,unknown,Kitchen soffits installation as change order work.,"Ashlar Contracting GC1-01 Oak Park- Kitchen Soffits $9,355.06",https://www.bufsd.org/uploaded/BOE/2026-2027/2_Agenda/9-16-26_BOE_Meeting-_Website-revised_9-16-26.pdf,2026-09-16,True
Brentwood Union Free School District,NCES-3605280,Oak Park,interiors,7_construction,True,9355.06,unknown,Kitchen soffits at Oak Park.,"Ashlar Contracting GC1-01 ($ Increase) $ 9,355.06 Oak Park- Kitchen Soffits",https://www.bufsd.org/uploaded/BOE/2026-2027/2_Agenda/9-16-26_BOE_Meeting-_Website-revised_9-16-26.pdf,2026-09-16,True
Brentwood Union Free School District,NCES-3605280,East Elementary,interiors,7_construction,True,9355.06,unknown,Kitchen soffits at East Elementary.,"Ashlar Contracting GC1-02 ($ Increase) $ 9,355.06 Kitchen Soffits",https://www.bufsd.org/uploaded/BOE/2026-2027/2_Agenda/9-16-26_BOE_Meeting-_Website-revised_9-16-26.pdf,2026-09-16,True
Brentwood Union Free School District,NCES-3605280,Hemlock Park,interiors,7_construction,True,9355.06,unknown,Kitchen soffits at Hemlock Park.,"Ashlar Contracting GC1-03 ($ Increase) $ 9,355.06 Hemlock Park-Kitchen Soffits",https://www.bufsd.org/uploaded/BOE/2026-2027/2_Agenda/9-16-26_BOE_Meeting-_Website-revised_9-16-26.pdf,2026-09-16,True
Brentwood Union Free School District,NCES-3605280,Oak Park School,interiors,7_construction,False,9355.06,unknown,Kitchen soffit work at Oak Park.,"Ashlar Contracting GC1-01 $9.355,06 Oak Park - Sofitos de cocina",https://www.bufsd.org/uploaded/BOE/2026-2027/2_Agenda/9-16-26_Business_Mtg_-Translation-SPN_2026-09-16.pdf,2026-09-16,True
Brentwood Union Free School District,NCES-3605280,East Elementary School,interiors,7_construction,False,9355.06,unknown,Kitchen soffit work at East Elementary.,"Ashlar Contracting GC1-02 $9.355,06 Escuela Primaria Este-Sofitos de cocina",https://www.bufsd.org/uploaded/BOE/2026-2027/2_Agenda/9-16-26_Business_Mtg_-Translation-SPN_2026-09-16.pdf,2026-09-16,True
Brentwood Union Free School District,NCES-3605280,Hemlock Park School,interiors,7_construction,False,9355.06,unknown,Kitchen soffit work at Hemlock Park.,"Ashlar Contracting GC1-03 $9.355,06 Hemlock Park-Sofitos de cocina",https://www.bufsd.org/uploaded/BOE/2026-2027/2_Agenda/9-16-26_Business_Mtg_-Translation-SPN_2026-09-16.pdf,2026-09-16,True
Brentwood Union Free School District,NCES-3605280,Oak Park,interiors,7_construction,True,9189.18,unknown,New walls construction as change order work.,"Ashlar Contracting GC1-04 Oak Park-New Walls $9,189.18",https://www.bufsd.org/uploaded/BOE/2026-2027/2_Agenda/9-16-26_BOE_Meeting-_Website-revised_9-16-26.pdf,2026-09-16,True
Brentwood Union Free School District,NCES-3605280,Oak Park,interiors,7_construction,True,9189.18,unknown,New walls at Oak Park.,"Ashlar Contracting GC1-04 ($ Increase) $ 9,189.18 Oak Park-New Walls",https://www.bufsd.org/uploaded/BOE/2026-2027/2_Agenda/9-16-26_BOE_Meeting-_Website-revised_9-16-26.pdf,2026-09-16,True
Brentwood Union Free School District,NCES-3605280,Oak Park School,general_construction,7_construction,False,9189.18,unknown,New wall construction at Oak Park.,"Ashlar Contracting GC1-04 $9.189,18 Oak Park-Nuevos Muros",https://www.bufsd.org/uploaded/BOE/2026-2027/2_Agenda/9-16-26_Business_Mtg_-Translation-SPN_2026-09-16.pdf,2026-09-16,True
West Islip Union Free School District,NCES-3630690,"Beach Street, PJ Bellew",life_safety_security,7_construction,True,2710.99,capital reserve,Final invoices for Fire Alarm replacements at two elementary schools.,Transfer for final BBS invoices for Beach & PJB Fire Alarm replacements,https://files.smartsites.parentsquare.com/6796/031926-revised-1pm-3-12-26_rm_agenda_for_posting_revised.pdf,2026-03-12,True
West Islip Union Free School District,NCES-3630690,Udall,general_construction,7_construction,True,1834.97,capital reserve,Door repair at Udall school completing a project with funds from Westbrook.,addt'l funds from Westbrook to Udall Interfunds to finish paying for Udall door repair,https://files.smartsites.parentsquare.com/6796/042226_regular_meeting_agenda.pdf,2026-04-21,True
Brentwood Union Free School District,NCES-3605280,BHS Ross Center,"abatement, interiors",7_construction,True,1572.96,unknown,Remove insulation and epoxy floor in shop room 1168.,"Ashlar Contracting GC3-05 ($Increase) $1,572.96 Floor in Shop Room 1168",https://www.bufsd.org/uploaded/BOE/2026-2027/2_Agenda/9-16-26_BOE_Meeting-_Website-revised_9-16-26.pdf,2026-09-16,True
Brentwood Union Free School District,NCES-3605280,BHS Ross Center,interiors,7_construction,True,1572.96,unknown,"Remove insulation, epoxy floor in shop room 1168 at BHS Ross Center.","Ashlar Contracting GC3-05 ($ Increase) $ 1,572.96 Floor in Shop Room 1168",https://www.bufsd.org/uploaded/BOE/2026-2027/2_Agenda/9-16-26_BOE_Meeting-_Website-revised_9-16-26.pdf,2026-09-16,True
Brentwood Union Free School District,NCES-3605280,Brentwood High School Ross Center,"roofing, abatement",7_construction,False,1572.96,unknown,Steel and insulation removal in workshop floor.,"Ashlar Contracting GC3-05 $1.572,96 Taller Tubería / Desmonta del Corredor",https://www.bufsd.org/uploaded/BOE/2026-2027/2_Agenda/9-16-26_Business_Mtg_-Translation-SPN_2026-09-16.pdf,2026-09-16,True
Brentwood Union Free School District,NCES-3605280,BHS Freshman Campus,interiors,7_construction,True,1317.7,unknown,Lower blinds installation as change order work.,"Ashlar Contracting GC2-01 Lower Blinds $1,317.70",https://www.bufsd.org/uploaded/BOE/2026-2027/2_Agenda/9-16-26_BOE_Meeting-_Website-revised_9-16-26.pdf,2026-09-16,True
Brentwood Union Free School District,NCES-3605280,BHS Freshman Campus,interiors,7_construction,True,1317.7,unknown,Lower blinds installation at BHS Freshman Campus.,"Ashlar Contracting GC2-01 ($ Increase) $ 1,317.70 Lower Blinds",https://www.bufsd.org/uploaded/BOE/2026-2027/2_Agenda/9-16-26_BOE_Meeting-_Website-revised_9-16-26.pdf,2026-09-16,True
Brentwood Union Free School District,NCES-3605280,Brentwood High School - Freshman Campus,interiors,7_construction,False,1317.7,unknown,Install lower blinds at freshman campus.,"Ashlar Contracting GC2-01 $1.317,70 BHS - Persianas bajas",https://www.bufsd.org/uploaded/BOE/2026-2027/2_Agenda/9-16-26_Business_Mtg_-Translation-SPN_2026-09-16.pdf,2026-09-16,True
Academy Charter School,NCES-3600997,The Academy Charter School 2 (Wyandanch),site_athletics,7_construction,True,,unknown,Student drop-off platform and private walkway access completed for safety improvements.,Coordination with the Town of Babylon resulted in approval of a dedicated student drop-off platform and secured private walkway access to improve scholar arrival and dismissal safety.,https://academycharterschool.org/wp-content/uploads/2026/07/Board-of-Trustees-Meeting-Minutes-TACS-2-March-2026.pdf,2026-03-01,True
West Islip Union Free School District,NCES-3630690,"Beach Street, Udall Road, High School",interiors,7_construction,True,,unknown,Kitchen renovations completed at multiple school buildings.,"completion of the kitchen renovations at Beach Street, Udall Road and the High School",https://files.smartsites.parentsquare.com/6796/012126-1-20-2026_sm_agenda_for_posting.pdf,2026-01-20,True
West Islip Union Free School District,NCES-3630690,all buildings,life_safety_security,7_construction,True,,unknown,Security cameras cleaned and refocused across all school buildings.,cleaning and refocusing of all the security cameras,https://files.smartsites.parentsquare.com/6796/050826-board_of_education_april_21_2026_regular_meeting.pdf,2026-04-21,True
Deer Park Union Free School District,NCES-3608880,Memorial,hvac_mechanical,7_construction,True,,unknown,HVAC system work completed at Memorial building.,"Memorial all HVAC done, no grant for the pool",https://files.smartsites.parentsquare.com/12897/january_6_2026_1.pdf,2026-01-06,True
West Islip Union Free School District,NCES-3630690,Udall Road,site_athletics,7_construction,True,,unknown,Irrigation system installation or work,irrigation system at Udall Road,https://files.smartsites.parentsquare.com/6796/111925-11-06-25_rm_final.pdf,2025-11-06,True
West Islip Union Free School District,NCES-3630690,"Beach Street, High School",life_safety_security,7_construction,True,,unknown,Fire alarm systems upgrades at Beach Street and High School.,fire alarm systems upgrades at Beach Street and the High School,https://files.smartsites.parentsquare.com/6796/012126-1-20-2026_sm_agenda_for_posting.pdf,2026-01-20,True
Deer Park Union Free School District,NCES-3608880,HS (High School),interiors,7_construction,True,,unknown,New lobby door closers installed at high school.,HS new lobby door closers,https://files.smartsites.parentsquare.com/12897/january_6_2026_1.pdf,2026-01-06,True
Academy Charter School,NCES-3600997,The Academy Charter School 2 (Wyandanch),general_construction,7_construction,True,,unknown,Facility project with MEP and architectural approvals received; awaiting Certificate of Occupancy from local municipality.,The Academy received approval from the New York State Education Department for the MEP and architectural submissions associated with the facility project.,https://academycharterschool.org/wp-content/uploads/2026/07/Board-of-Trustees-Meeting-Minutes-TACS-2-May-2026.pdf,2026-05-01,True
West Islip Union Free School District,NCES-3630690,not specified,site_athletics,7_construction,True,,unknown,Athletic fields being prepared as part of ongoing maintenance.,preparation of athletic fields,https://files.smartsites.parentsquare.com/6796/050826-board_of_education_april_21_2026_regular_meeting.pdf,2026-04-21,True
West Islip Union Free School District,NCES-3630690,West Islip High School,general_construction,7_construction,True,,unknown,High school pool renovation project currently in progress.,start of the high school pool renovation,https://files.smartsites.parentsquare.com/6796/10-09-25_rm_final.pdf,2025-10-09,True
West Islip Union Free School District,NCES-3630690,West Islip High School,life_safety_security,7_construction,True,,unknown,Keyless lock entry project at high school is complete.,completion of the keyless lock entry project at the high school,https://files.smartsites.parentsquare.com/6796/102225_10-21-25_sm_for_posting.pdf,2025-10-21,True
Deer Park Union Free School District,NCES-3608880,RF (Robert Frost MS),interiors,7_construction,True,,unknown,New gym curtains installed at Robert Frost MS.,RF new gym curtains,https://files.smartsites.parentsquare.com/12897/january_6_2026_1.pdf,2026-01-06,True
West Islip Union Free School District,NCES-3630690,Pool (unnamed location),site_athletics,7_construction,True,,unknown,Pool construction project shown via time-lapse video at Buildings & Grounds meeting.,showing a time-lapse video of the pool construction,https://files.smartsites.parentsquare.com/6796/050426_5-7-2026_rm_agenda_for_posting.pdf,2026-05-07,True
West Islip Union Free School District,NCES-3630690,District schools,life_safety_security,7_construction,True,,unknown,Camera system budget updates being implemented.,implementation of the budget update for cameras,https://files.smartsites.parentsquare.com/6796/102225_10-21-25_sm_for_posting.pdf,2025-10-21,True
West Islip Union Free School District,NCES-3630690,Masera,life_safety_security,7_construction,True,,unknown,AED mounted outside installation,installation of an AED mounted outside at Masera,https://files.smartsites.parentsquare.com/6796/111925-11-06-25_rm_final.pdf,2025-11-06,True
West Islip Union Free School District,NCES-3630690,Beach MS and PJ Bellew ES,"energy, life_safety_security",7_construction,False,,insurance,"Fire damage repairs to PV solar panel system following November 10, 2025 incident; repairs scheduled for January-February.",PV Solar Panel System Fire Damages (11/10/25) – repairs will be made in Jan/Feb.,https://files.smartsites.parentsquare.com/6796/120825-b_g_agenda_12-9-25_jb_draft.pdf,2025-12-09,True
West Islip Union Free School District,NCES-3630690,Manetuck,site_athletics,7_construction,True,,unknown,Gaga Ball Court construction completed at Manetuck school.,Girl Scouts lobbied to build a Gaga Ball Court at Manetuck and read letter expressing their gratitude and how much they enjoy using the new court.,https://files.smartsites.parentsquare.com/6796/050826-board_of_education_april_21_2026_regular_meeting.pdf,2026-04-21,True
West Islip Union Free School District,NCES-3630690,"Beach Street Middle School, Udall Road, High School",interiors,7_construction,True,,unknown,"Kitchen renovations completed at Beach Street, Udall Road, and High School.","completion of the kitchen renovations at Beach Street, Udall Road and the High School",https://files.smartsites.parentsquare.com/6796/012126-01-08-26_rm_final.pdf,2026-01-08,True
West Islip Union Free School District,NCES-3630690,"Beach Street Middle School, High School",life_safety_security,7_construction,True,,unknown,Fire alarm systems upgrades at Beach Street and High School.,fire alarm systems upgrades at Beach Street and the High School,https://files.smartsites.parentsquare.com/6796/012126-01-08-26_rm_final.pdf,2026-01-08,True
Deer Park Union Free School District,NCES-3608880,JFK,site_athletics,7_construction,False,,unknown,New heat coupling and irrigation system installed at JFK.,"JFK new heat coup le r, new irrigation",https://files.smartsites.parentsquare.com/12897/january_6_2026_1.pdf,2026-01-06,True
West Islip Union Free School District,NCES-3630690,West Islip Union Free School District High School,general_construction,7_construction,False,,unknown,High school pool renovation project using non-union contractor,district's use of a non-union contractor for a portion of the high school pool renovation project,https://files.smartsites.parentsquare.com/6796/111725_11-18-25_sm_for_posting.pdf,2025-11-18,True
Deer Park Union Free School District,NCES-3608880,JQA,plumbing,7_construction,True,,unknown,Bathroom renovation project at JQA school completed.,JQA bathroom finished,https://files.smartsites.parentsquare.com/12897/october_14_2025_1.pdf,2025-10-14,True
West Islip Union Free School District,NCES-3630690,West Islip High School,life_safety_security,7_construction,True,,unknown,Keyless lock entry project at high school has been completed.,completion of the keyless lock entry project at the high school,https://files.smartsites.parentsquare.com/6796/10-09-25_rm_final.pdf,2025-10-09,True
Deer Park Union Free School District,NCES-3608880,HS (High School),life_safety_security,7_construction,True,,unknown,Well and camera project completed at high school.,Well and camera project at HS completed,https://files.smartsites.parentsquare.com/12897/january_6_2026_1.pdf,2026-01-06,True
Deer Park Union Free School District,NCES-3608880,unknown,hvac_mechanical,7_construction,True,,unknown,Boiler inspections completed and passed.,boiler inspections passed,https://files.smartsites.parentsquare.com/12897/october_14_2025_1.pdf,2025-10-14,True
Deer Park Union Free School District,NCES-3608880,JFK,life_safety_security,7_construction,True,,unknown,New lobby door closers installed.,JFK new lobby door closers,https://files.smartsites.parentsquare.com/12897/november_12_2025_1.pdf,2025-11-12,True
West Islip Union Free School District,NCES-3630690,High School,general_construction,7_construction,True,,unknown,High school pool renovation project.,There was a minor set-back and expected date of completion is now March 2027.,https://files.smartsites.parentsquare.com/6796/062226_6-16-2026_sm_agenda_for_posting_revised.pdf,2026-06-16,True
West Islip Union Free School District,NCES-3630690,Bay Shore High School,plumbing,7_construction,True,,unknown,High school pool renovation with extended timeline.,Items reviewed included the high school pool renovation. There was a minor set-back and expected date of completion is now March 2027.,https://files.smartsites.parentsquare.com/6796/091026_6-4-26_rm_final.pdf,2026-06-04,True
Deer Park Union Free School District,NCES-3608880,JQA,plumbing,7_construction,True,,unknown,New tank sensor installed at JQA.,JQA new tank sensor,https://files.smartsites.parentsquare.com/12897/january_6_2026_1.pdf,2026-01-06,True
West Islip Union Free School District,NCES-3630690,"Beach Street, Udall Road, High School",life_safety_security,7_construction,True,,unknown,Fire alarm system installation completed at multiple school buildings.,"completion of fire alarm systems and kitchen renovations at Beach Street, Udall Road and the High School",https://files.smartsites.parentsquare.com/6796/011226_12-11-25_rm_final.pdf,2025-12-11,True
West Islip Union Free School District,NCES-3630690,"Beach Street, Udall Road, High School",interiors,7_construction,True,,unknown,Kitchen renovations at multiple school buildings,"kitchen renovations at Beach Street, Udall Road and the High School",https://files.smartsites.parentsquare.com/6796/011226_1-8-2026_rm_agenda_for_posting_revised.pdf,2026-01-08,True
West Islip Union Free School District,NCES-3630690,High School,interiors,7_construction,True,,unknown,Pool renovation at the high school.,pool renovation at the high school,https://files.smartsites.parentsquare.com/6796/012126-01-08-26_rm_final.pdf,2026-01-08,True
West Islip Union Free School District,NCES-3630690,District schools,life_safety_security,7_construction,True,,budget,Budget update for security cameras implementation in progress.,implementation of the budget update for cameras,https://files.smartsites.parentsquare.com/6796/10-09-25_rm_final.pdf,2025-10-09,True
West Islip Union Free School District,NCES-3630690,high school,plumbing,7_construction,False,,unknown,Pool renovation project using non-union contractor.,district's use of a non-union contractor for a portion of the high school pool renovation project,https://files.smartsites.parentsquare.com/6796/111925-11-06-25_rm_final.pdf,2025-11-06,True
West Islip Union Free School District,NCES-3630690,High School (and District-wide),life_safety_security,7_construction,True,,unknown,Keyless lock program completion at high school and security camera cleaning and refocusing district-wide.,completion of the keyless lock program at the high school; cleaning and refocusing of all the security cameras,https://files.smartsites.parentsquare.com/6796/050426_5-7-2026_rm_agenda_for_posting.pdf,2026-05-07,True
West Islip Union Free School District,NCES-3630690,High School,energy,7_construction,True,,unknown,Solar panel system issue due to power surge requiring resolution,high school's solar panel issues due to a power surge,https://files.smartsites.parentsquare.com/6796/011226_1-8-2026_rm_agenda_for_posting_revised.pdf,2026-01-08,True
Deer Park Union Free School District,NCES-3608880,HS,"interiors, plumbing",7_construction,True,,unknown,Concession and bathroom renovation at high school.,Construction has begun on the concession/bathrooms at the HS,https://files.smartsites.parentsquare.com/12897/082626_july212026-openminutes.pdf,2026-07-21,True
West Islip Union Free School District,NCES-3630690,"Beach Street, Udall Road, High School",interiors,7_construction,True,,unknown,Kitchen renovation completed at multiple school buildings.,"completion of fire alarm systems and kitchen renovations at Beach Street, Udall Road and the High School",https://files.smartsites.parentsquare.com/6796/011226_12-11-25_rm_final.pdf,2025-12-11,True
Deer Park Union Free School District,NCES-3608880,Transportation Annex,plumbing,7_construction,False,,emergency repair funds,Emergency replacement of cracked waste pipe at Transportation Annex.,waste pipe at the Transportation Annex cracked and required immediate cleanup and replacement,https://files.smartsites.parentsquare.com/12897/march_10_2026.pdf,2026-03-10,True
Deer Park Union Free School District,NCES-3608880,High School,interiors,7_construction,True,,unknown,New blinds installed.,HS new blinds,https://files.smartsites.parentsquare.com/12897/november_12_2025_1.pdf,2025-11-12,True
Deer Park Union Free School District,NCES-3608880,RF,interiors,7_construction,True,,unknown,New blinds installed.,RF new blinds,https://files.smartsites.parentsquare.com/12897/november_12_2025_1.pdf,2025-11-12,True
Deer Park Union Free School District,NCES-3608880,HS,electrical_lighting,7_construction,True,,unknown,Electrical system upgrade at high school; awaiting utility approval.,HS Electric upgrade – waiting on PSEG,https://files.smartsites.parentsquare.com/12897/082626_july212026-openminutes.pdf,2026-07-21,True
West Islip Union Free School District,NCES-3630690,Manetuck,site_athletics,7_construction,True,,unknown,"Gaga Ball Court constructed at Manetuck elementary school, built by Girl Scouts.",Girl Scouts lobbied to build a Gaga Ball Court at Manetuck,https://files.smartsites.parentsquare.com/6796/050426_5-7-2026_rm_agenda_for_posting.pdf,2026-05-07,True
Deer Park Union Free School District,NCES-3608880,Lincoln,life_safety_security,7_construction,True,,unknown,Security command center installation at Lincoln school.,Security command center at Lincoln – under construction,https://files.smartsites.parentsquare.com/12897/082626_july212026-openminutes.pdf,2026-07-21,True
Deer Park Union Free School District,NCES-3608880,Transportation Annex,plumbing,7_construction,True,,operating budget,Emergency repair of cracked waste pipe with cleanup and replacement,waste pipe at the Transportation Annex cracked and required immediate cleanup and replacement,https://files.smartsites.parentsquare.com/12897/march_10_2026_1.pdf,2026-03-10,True
West Islip Union Free School District,NCES-3630690,"Beach Street, Udall Road, High School",life_safety_security,7_construction,True,,unknown,Fire alarm system completion and kitchen renovations at multiple schools,"completion of fire alarm systems and kitchen renovations at Beach Street, Udall Road and the High School",https://files.smartsites.parentsquare.com/6796/011226_1-8-2026_rm_agenda_for_posting_revised.pdf,2026-01-08,True
Academy Charter School,NCES-3600997,Wyandanch expansion,general_construction,7_construction,True,,unknown,"Construction for Wyandanch expansion project finalized, facility on track for September 2026 occupancy.","Construction for the Wyandanch expansion project has been finalized, with the facility on track to be ready for occupancy for September 2026.",https://academycharterschool.org/wp-content/uploads/2026/07/Board-of-Trustees-Meeting-Minutes-TACS-2-January-2026.pdf,2026-01-01,True
Deer Park Union Free School District,NCES-3608880,High School,hvac_mechanical,7_construction,True,,unknown,Cooling tower drained and maintenance completed.,HS cooling tower drained,https://files.smartsites.parentsquare.com/12897/november_12_2025_1.pdf,2025-11-12,True
Deer Park Union Free School District,NCES-3608880,MM,interiors,7_construction,True,,unknown,New blinds installed.,MM new blinds,https://files.smartsites.parentsquare.com/12897/november_12_2025_1.pdf,2025-11-12,True
West Islip Union Free School District,NCES-3630690,Beach Street MS,"general_construction, site_athletics",7_construction,False,,unknown,Pool construction project with discovered conditions including drain pipe and abandoned drywells requiring change orders.,"Pool Construction Project – SCC to provide update. Discovered conditions; drain pipe, abandoned drywells, etc. Change orders, additional work",https://files.smartsites.parentsquare.com/6796/060226_b_g_agenda_6-2-26_jb_draft.pdf,2026-06-02,True
West Islip Union Free School District,NCES-3630690,District Office,general_construction,7_construction,True,,unknown,District office flood repairs.,Items reviewed included high school pool renovation; solar panel insurance claims; district office flood repairs,https://files.smartsites.parentsquare.com/6796/3-4-26_sm_agenda_for_posting_revised.pdf,2026-03-04,True
West Islip Union Free School District,NCES-3630690,,hvac_mechanical,7_construction,False,,operating budget,Traditional air conditioning and refrigeration repair and service contract extension.,Approval of 2026 – 2027 Bid Extensions Traditional Air Conditioning – Refrigeration Repair and Service,https://files.smartsites.parentsquare.com/6796/030926_march_10_2026_finance_agenda.pdf,2026-03-10,True
West Islip Union Free School District,NCES-3630690,High School,general_construction,7_construction,True,,unknown,High school pool renovation project,Items reviewed included high school pool renovation,https://files.smartsites.parentsquare.com/6796/011226_1-8-2026_rm_agenda_for_posting_revised.pdf,2026-01-08,True
West Islip Union Free School District,NCES-3630690,West Islip High School,general_construction,7_construction,False,,unknown,High school pool renovation in progress.,start of the high school pool renovation,https://files.smartsites.parentsquare.com/6796/102225_10-21-25_sm_for_posting.pdf,2025-10-21,True
West Islip Union Free School District,NCES-3630690,High School,general_construction,7_construction,False,,unknown,Pool renovation including demolition phase,demolition phase of the high school's pool renovation,https://files.smartsites.parentsquare.com/6796/111925-11-06-25_rm_final.pdf,2025-11-06,True
Academy Charter School,NCES-3600997,The Academy Charter School 2 (Wyandanch),"general_construction, interiors, hvac_mechanical, electrical_lighting",7_construction,True,,unknown,"Interior build-out with walls completed, major construction nearing completion, and facility painting underway.","Construction activities remained on schedule and the interior build-out progressed substantially. Walls had been completed, major construction work was nearing completion, and painting of the facility was underway.",https://academycharterschool.org/wp-content/uploads/2026/07/Board-of-Trustees-Meeting-Minutes-TACS-2-May-2026.pdf,2026-05-01,True
West Islip Union Free School District,NCES-3630690,not specified,general_construction,7_construction,True,,unknown,Pool construction project underway with progress being monitored.,showing a time-lapsed video of the pool construction,https://files.smartsites.parentsquare.com/6796/050826-board_of_education_april_21_2026_regular_meeting.pdf,2026-04-21,True
Deer Park Union Free School District,NCES-3608880,Memorial,hvac_mechanical,7_construction,True,,unknown,Gym roof mounted AC units completed.,Memorial gym units on roof/ac are done,https://files.smartsites.parentsquare.com/12897/november_12_2025_1.pdf,2025-11-12,True
West Islip Union Free School District,NCES-3630690,High School,life_safety_security,7_construction,True,,unknown,Keyless lock program installation completed at the high school.,completion of the keyless lock program at the high school,https://files.smartsites.parentsquare.com/6796/050826-board_of_education_april_21_2026_regular_meeting.pdf,2026-04-21,True
Brentwood Union Free School District,NCES-3605280,BHS - Ross Center,site_athletics,7_construction,True,,unknown,"Site work on bleacher stairs, fencing, and speaker pole connections.",Site Work – Bleacher Stair Fencing & Speaker Pole Connections,https://www.bufsd.org/uploaded/BOE/2026-2027/2_Agenda/8-20-26_Business_Agenda_-_Updated_8-20-26-Website.pdf,2026-08-20,True
Brentwood Union Free School District,NCES-3605280,Brentwood Union Free School District,energy,7_construction,True,,unknown,Photovoltaic system maintenance services contract award to original EPC contractor.,"Sunrise Power Solutions served as the original Engineering, Procurement, and Construction (EPC) contractor for the District's photovoltaic (PV) system",https://www.bufsd.org/uploaded/BOE/2025-2026/2_Agenda/6-18-26_Agenda_-_Translation.pdf,2026-06-18,True
Brentwood Union Free School District,NCES-3605280,BUFSD,site_athletics,7_construction,True,,unknown,Phase II Site Work continuation and completion with emergency authorization to address partially completed improvements.,"January 15, 2026, the Board of Education authorized the District to proceed with Phase II Site Work",https://www.bufsd.org/uploaded/BOE/2025-2026/2_Agenda/6-18-26_Agenda_-_Translation.pdf,2026-06-18,True
Brentwood Union Free School District,NCES-3605280,Brentwood School District,energy,7_construction,False,,unknown,Maintenance services for photovoltaic solar systems across the district.,"Sunrise Power Solutions fue el contratista original de Ingeniería, Adquisición y Construcción (EPC) para el sistema fotovoltaico (PV) del Distrito",https://www.bufsd.org/uploaded/BOE/2025-2026/2_Agenda/6-18-26_Agenda_-SP_2026-06.pdf,2026-06-18,True
Brentwood Union Free School District,NCES-3605280,BUFSD,"site_athletics, general_construction",7_construction,True,,unknown,Emergency authorization to complete Phase II site work with The LandTek Group.,"el 15 de enero de 2026, la Junta de Educación autorizó al Distrito a proceder con la Fase II",https://www.bufsd.org/uploaded/BOE/2025-2026/2_Agenda/6-18-26_Agenda_-SP_2026-06.pdf,2026-06-18,True
Sagaponack Common School District,NCES-3625410,Sagaponack Common School District,"hvac_mechanical, plumbing",7_construction,True,,unknown,Installation of new air conditioning unit and water tank.,building maintenance update to the Board with information about the installation of the new a/c unit and water tank,https://sagaponackschool.org/wp-content/uploads/2026/02/Minutes-to-12-9-25-BOT-Meeting.pdf,2025-12-09,True
Sagaponack Common School District,NCES-3625410,Sagaponack School,hvac_mechanical,7_construction,True,,unknown,Air conditioning unit has been updated at the school.,The air conditioning unit has been updated,https://sagaponackschool.org/wp-content/uploads/2026/03/SDMC-Mins-3-2-26.pdf,2026-03-02,True
Sagaponack Common School District,NCES-3625410,Sagaponack School,site_athletics,7_construction,True,,unknown,Siding by the playground will be finished over the summer.,Over the summer they will finish up the siding by the playground,https://sagaponackschool.org/wp-content/uploads/2026/03/SDMC-Mins-3-2-26.pdf,2026-03-02,True
Western Suffolk Boces,NCES-3680860,Wilson Tech Republic campus,hvac_mechanical,7_construction,True,,unknown,Added an additional section of HVAC by reconfiguring classrooms.,We added an additional section of HVAC by reconfiguring classrooms.,https://www.wsboces.org/wp-content/uploads/Agenda-9-8-26-FULL.pdf,2026-09-08,True
Western Suffolk Boces,NCES-3680860,Wilson Tech,interiors,7_construction,True,,unknown,Converted half of current low-fidelity Practical Nursing program lab into high-fidelity simulation lab.,Convert half of the current low-fidelity Practical Nursing program lab into a high-fidelity simulation,https://www.wsboces.org/wp-content/uploads/Agenda-9-8-26-FULL.pdf,2026-09-08,True
Deer Park Union Free School District,NCES-3608880,Memorial,hvac_mechanical,7_construction,True,-32660,unknown,"HVAC reconstruction with a decrease of $32,660.00 via change order.","Change Order HVAC-1 for HVAC Reconstruction at Memorial will be decreased by $32,660.00",https://files.smartsites.parentsquare.com/12897/072326_july_72026_reorg-minutes.pdf,2026-07-07,True
West Islip Union Free School District,NCES-3630690,West Islip High School,general_construction,unknown,False,,unknown,High school pool construction project.,Items reviewed included high school pool construction,https://files.smartsites.parentsquare.com/6796/091126_08-25-26_rm_final.pdf,2026-08-25,True
West Islip Union Free School District,NCES-3630690,Not specified,site_athletics,unknown,False,,unknown,Pool reconstruction at a district facility.,Pool Reconstruction Update,https://files.smartsites.parentsquare.com/6796/020226_b_g_agenda_2-3-26_jb_draft.pdf,2026-02-03,True
West Islip Union Free School District,NCES-3630690,,general_construction,unknown,False,,unknown,Pool reconstruction project with update from SCC.,Pool Reconstruction – (SCC will present an update),https://files.smartsites.parentsquare.com/6796/030926_b_g_agenda_3-10-26_jb_draft.pdf,2026-03-10,True
West Islip Union Free School District,NCES-3630690,West Islip High School,interiors,unknown,False,,unknown,High school counseling department and main office renovation project.,high school counseling department and main office renovation project,https://files.smartsites.parentsquare.com/6796/091126_08-25-26_rm_final.pdf,2026-08-25,True
West Islip Union Free School District,NCES-3630690,Beach MS and PJ Bellew,energy,unknown,False,,unknown,Solar panel PV system fire damage at two schools requiring insurance claim.,Solar Panel PV system fire at Beach MS and PJ Bellew,https://files.smartsites.parentsquare.com/6796/020226_b_g_agenda_2-3-26_jb_draft.pdf,2026-02-03,True
West Islip Union Free School District,NCES-3630690,,site_athletics,unknown,False,,unknown,Rack truck with plow purchase,Rack Truck with Plow Purchase – Time Sensitive,https://files.smartsites.parentsquare.com/6796/010526_b_g_agenda_1-6-26_jb_draft.pdf,2026-01-06,True
West Islip Union Free School District,NCES-3630690,High School,plumbing,unknown,False,,unknown,Pool renovation at the high school.,pool renovation at the high school,https://files.smartsites.parentsquare.com/6796/012126-1-20-2026_sm_agenda_for_posting.pdf,2026-01-20,True
West Islip Union Free School District,NCES-3630690,District-wide,general_construction,unknown,False,,unknown,District-wide construction projects under review by Buildings & Grounds Committee.,district wide construction projects,https://files.smartsites.parentsquare.com/6796/091126_08-25-26_rm_final.pdf,2026-08-25,True
West Islip Union Free School District,NCES-3630690,District Office,plumbing,unknown,False,,unknown,Plumbing flood damage at district office requiring insurance claim.,District Office plumbing flood,https://files.smartsites.parentsquare.com/6796/020226_b_g_agenda_2-3-26_jb_draft.pdf,2026-02-03,True
Western Suffolk Boces,NCES-3680860,,,unknown,False,,unknown,Capital projects approval by the board.,Approval of Capital Projects,https://www.wsboces.org/wp-content/uploads/Revised-Agenda-11-12-25-1.pdf,2025-11-12,True
West Islip Union Free School District,NCES-3630690,Not specified,hvac_mechanical,unknown,False,,unknown,General heating repair issues across district facilities.,General Heating Repair Issues,https://files.smartsites.parentsquare.com/6796/020226_b_g_agenda_2-3-26_jb_draft.pdf,2026-02-03,True
West Islip Union Free School District,NCES-3630690,West Islip High School,general_construction,unknown,False,,unknown,Counseling and main office renovation at high school.,High School Counseling and Main Office Renovation,https://files.smartsites.parentsquare.com/6796/081026_b_g_agenda_8-10-26_jb.pdf,2026-08-10,True
West Islip Union Free School District,NCES-3630690,West Islip Union Free School District,general_construction,unknown,False,,unknown,General construction and repair projects under discussion.,General Construction and Repair Projects,https://files.smartsites.parentsquare.com/6796/041626_b_g_agenda_4-16-26_jb_draft.pdf,2026-04-16,True
West Islip Union Free School District,NCES-3630690,West Islip Union Free School District,general_construction,unknown,False,,unknown,Pool construction project under discussion.,Pool Construction Project,https://files.smartsites.parentsquare.com/6796/041626_b_g_agenda_4-16-26_jb_draft.pdf,2026-04-16,True
West Islip Union Free School District,NCES-3630690,District-wide,general_construction,unknown,False,,unknown,Multiple construction projects across the district.,Various Construction Projects – District-wide,https://files.smartsites.parentsquare.com/6796/081026_b_g_agenda_8-10-26_jb.pdf,2026-08-10,True
West Islip Union Free School District,NCES-3630690,West Islip Union Free School District,site_athletics,unknown,False,,unknown,Athletics preparations and site work.,Athletics Preparations,https://files.smartsites.parentsquare.com/6796/041626_b_g_agenda_4-16-26_jb_draft.pdf,2026-04-16,True
West Islip Union Free School District,NCES-3630690,,general_construction,unknown,False,,unknown,Pool construction project.,Pool Construction Project,https://files.smartsites.parentsquare.com/6796/081026_b_g_agenda_8-10-26_jb.pdf,2026-08-10,True
West Islip Union Free School District,NCES-3630690,High School,site_athletics,unknown,False,,unknown,Bathroom access improvements at high school fields.,High School fields - bathroom access,https://files.smartsites.parentsquare.com/6796/090426-b_g_agenda_9-8-26_jb-1.pdf,2026-09-08,True
West Islip Union Free School District,NCES-3630690,Pool Construction Project,roofing,unknown,False,,unknown,Roof replacement at pool facility.,Pool Construction Project – Roof Replacement,https://files.smartsites.parentsquare.com/6796/050426-b_g_agenda_5-5-26_jb_draft.pdf,2026-05-05,True
West Islip Union Free School District,NCES-3630690,,site_athletics,unknown,False,,unknown,Pool construction project.,Pool Construction Project - update,https://files.smartsites.parentsquare.com/6796/090426-b_g_agenda_9-8-26_jb-1.pdf,2026-09-08,True
West Islip Union Free School District,NCES-3630690,Manetuck and Udall,site_athletics,unknown,False,,unknown,Irrigation system (sprinklers) work at two school sites.,Manetuck and Udall Irrigation (Sprinklers),https://files.smartsites.parentsquare.com/6796/050426-b_g_agenda_5-5-26_jb_draft.pdf,2026-05-05,True
West Islip Union Free School District,NCES-3630690,Beach Street MS,general_construction,unknown,False,,unknown,Pool reconstruction project,Pool Reconstruction,https://files.smartsites.parentsquare.com/6796/010526_b_g_agenda_1-6-26_jb_draft.pdf,2026-01-06,True
Western Suffolk Boces,NCES-3680860,Western Suffolk BOCES facilities,general_construction,1_problem,True,2750000,capital reserve,Multiyear facilities plan requiring sustained capital investment and maintenance.,Funds for capital projects reflect the need to sustain our multiyear facilities plan.,https://www.wsboces.org/wp-content/uploads/Annual-Meeting-April-12-2022.pdf,,
Western Suffolk Boces,NCES-3680860,"Forest Avenue School, Chestnut Hill School, Brennan High School",general_construction,1_problem,True,1808830,capital reserve,"Enrollment in special education programs exceeds capacity of agency-owned schools, requiring lease of additional classroom space.",Enrollment in special education programs operated by Western Suffolk BOCES continues to grow beyond the capacity of agency-owned schools and resulting in the need to lease additional classroom space.,https://www.wsboces.org/wp-content/uploads/Agenda-Annual-Meeting-April-14-2026-FULL.pdf,,
Western Suffolk Boces,NCES-3680860,James E. Allen Alternative Taukomas School,plumbing,1_problem,False,20000,operating budget,Water main break caused immediate danger to school building requiring emergency repairs.,a water main broke and caused an immediate danger to the school building,https://www.wsboces.org/wp-content/uploads/Minutes-Jan-10-2023-FINAL.pdf,,
West Islip Union Free School District,NCES-3630690,Masera,site_athletics,1_problem,False,5250,donation,Sprinkler donation to school.,"West Islip Soccer Club – Sprinklers to Masera for $5,250.",https://files.smartsites.parentsquare.com/6796/december_2009_school_board_minutes.pdf,2009-12-01,False
West Islip Union Free School District,NCES-3630690,Masera,site_athletics,1_problem,False,5250,donation,Sprinkler donation received for school grounds.,"West Islip Soccer Club – Sprinklers to Masera for $5,250",https://files.smartsites.parentsquare.com/6796/december_2009_school_board_minutes.pdf,2009-12-01,False
West Islip Union Free School District,NCES-3630690,,site_athletics,1_problem,False,1750,unknown,District received donation to purchase batting cages.,WI Little League—funds to purchase batting cages $1750.,https://files.smartsites.parentsquare.com/6796/jan06mins.pdf,2006-01-01,False
West Islip Union Free School District,NCES-3630690,,site_athletics,1_problem,False,1160,donation,PAWS brick paving project for field or outdoor area.,"PAWS – Brick Paving Project Plans for $1,160.00",https://files.smartsites.parentsquare.com/6796/february_2009_school_board_minutes.pdf,2009-02-01,False
West Islip Union Free School District,NCES-3630690,,site_athletics,1_problem,False,1160,donation,PAWS brick paving project for field or outdoor area.,"PAWS – Brick Paving Project Plans for $1,160.00",https://files.smartsites.parentsquare.com/6796/february_2009_school_board_minutes.pdf,2009-02-01,False
West Islip Union Free School District,NCES-3630690,District-wide,"hvac_mechanical, electrical_lighting",1_problem,False,,unknown,Replace two boilers and upgrade lighting throughout the district for energy efficiency.,plans for infrastructure improvement and energy project (replacing 2 boilers and lighting upgrades),https://files.smartsites.parentsquare.com/6796/sept2006mins.pdf,2006-09-01,False
West Islip Union Free School District,NCES-3630690,West Islip School District,interiors,1_problem,False,,unknown,Abolishment of Maintenance Mechanic III (Painter) position indicates painting or interior work needs may be outsourced.,Abolishment of Position: Maintenance Mechanic III (Painter) No. of Positions: 1,https://files.smartsites.parentsquare.com/6796/04julymins.pdf,2004-07-01,False
West Islip Union Free School District,NCES-3630690,,"hvac_mechanical, electrical_lighting",1_problem,False,,unknown,Plans for infrastructure improvement including boiler replacement and lighting upgrades for energy efficiency.,plans for infrastructure improvement and energy project (replacing 2 boilers and lighting upgrades),https://files.smartsites.parentsquare.com/6796/sept2006mins.pdf,2006-09-01,False
West Islip Union Free School District,NCES-3630690,,site_athletics,1_problem,False,,unknown,Turf field project update provided; status and scope unclear.,Mr. Koelbel provided an update on turf field project.,https://files.smartsites.parentsquare.com/6796/oct06mins.pdf,2006-10-01,False
West Islip Union Free School District,NCES-3630690,,energy,1_problem,False,,unknown,Energy performance proposals discussed at board meeting.,"Discussion items: Energy performance proposals, cell phone tower, fund balance update.",https://files.smartsites.parentsquare.com/6796/june06mins.pdf,2006-06-01,False
West Islip Union Free School District,NCES-3630690,Bayview School,general_construction,1_problem,False,,unknown,Building inspection conducted; report to be prepared.,"Prior to this evening's meeting, all board members took part in building inspection of Bayview School.",https://files.smartsites.parentsquare.com/6796/nov03minutes.pdf,2003-11-01,False
West Islip Union Free School District,NCES-3630690,West Islip School District,interiors,1_problem,False,,operating budget,Abolishment of Maintenance Mechanic III (Painter) position suggests painting or interior maintenance work may be declining or shifting.,"Maintenance Mechanic III (Painter) No. of Positions: 1 abolished effective July 9, 2004",https://files.smartsites.parentsquare.com/6796/04julymins.pdf,2004-07-01,False
West Islip Union Free School District,NCES-3630690,,energy,1_problem,False,,unknown,Energy performance proposals under discussion for the district.,"Discussion items: Energy performance proposals, cell phone tower, fund balance update.",https://files.smartsites.parentsquare.com/6796/june06mins.pdf,2006-06-01,False
West Islip Union Free School District,NCES-3630690,,life_safety_security,1_problem,False,,unknown,Hurricane preparedness planning for schools designated as evacuation centers.,Long Island is at risk for a major hurricane. We need to make preparations.,https://files.smartsites.parentsquare.com/6796/june06mins.pdf,2006-06-01,False
West Islip Union Free School District,NCES-3630690,Bayview School,general_construction,1_problem,False,,unknown,Building inspection conducted; report to be prepared for facilities management.,"Prior to this evening's meeting, all board members took part in building inspection of Bayview School. A report will go to Mr. Koelbel.",https://files.smartsites.parentsquare.com/6796/nov03minutes.pdf,2003-11-01,False
West Islip Union Free School District,NCES-3630690,All district buildings,general_construction,1_problem,False,,unknown,Monthly building inspections planned for all district buildings.,inspections of all buildings will be made at monthly board meetings,https://files.smartsites.parentsquare.com/6796/nov03minutes.pdf,2003-11-01,False
West Islip Union Free School District,NCES-3630690,Manetuck Elementary,maintenance_services,1_problem,False,,unknown,3-door reach-in freezer is broken and needs replacement.,Food Services - 3-Door Reach in Freezer at Manetuck Elementary - broken,https://files.smartsites.parentsquare.com/6796/finance_agenda_2_6_24.pdf,2024-02-06,False
West Islip Union Free School District,NCES-3630690,West Islip High School,general_construction,1_problem,False,,unknown,Damage to brick façade at the high school,discussion revolved around damage to the brick façade at the high school,https://files.smartsites.parentsquare.com/6796/january_2012_school_board_minutes.pdf,2012-01-01,False
West Islip Union Free School District,NCES-3630690,High School,site_athletics,1_problem,False,,unknown,Plant a tree and place a memorial plaque on high school grounds.,"Request from 'Friends of Jeremy Best', asking permission to plant a tree and place a small plaque on the High School grounds",https://files.smartsites.parentsquare.com/6796/jan2007mins.pdf,2007-01-01,False
West Islip Union Free School District,NCES-3630690,High School,site_athletics,1_problem,False,,unknown,Plant a memorial tree and place a plaque on High School grounds.,"Request from Friends of Jeremy Best, asking permission to plant a tree and place a small plaque on the High School grounds",https://files.smartsites.parentsquare.com/6796/jan2007mins.pdf,2007-01-01,False
West Islip Union Free School District,NCES-3630690,High School,site_athletics,1_problem,False,,unknown,Athletic field lighting is being discussed as a need.,discussion continued on the lighting of the athletic fields,https://files.smartsites.parentsquare.com/6796/december_2011_school_board_minutes.pdf,2011-12-01,False
West Islip Union Free School District,NCES-3630690,Beach Street and Udall Road Middle School,site_athletics,1_problem,False,,unknown,Track repair and maintenance at two middle schools.,"turf repair, the Beach Street and Udall Road Middle School tracks",https://files.smartsites.parentsquare.com/6796/may_2012_school_board_minutes.pdf,2012-05-01,False
West Islip Union Free School District,NCES-3630690,,interiors,1_problem,False,,unknown,Locker room and bathroom renovation.,locker room and bathroom renovation,https://files.smartsites.parentsquare.com/6796/may_2012_school_board_minutes.pdf,2012-05-01,False
West Islip Union Free School District,NCES-3630690,varsity baseball field,site_athletics,1_problem,False,,unknown,Right field condition assessment and necessary repairs; football practice impact on field condition and repair timing.,"condition of the right field on the varsity baseball field, necessary repairs, and how football team practice on the field impacts the condition and timing of repairs",https://files.smartsites.parentsquare.com/6796/august_2008_school_board_minutes.pdf,2008-08-01,False
West Islip Union Free School District,NCES-3630690,,site_athletics,1_problem,False,,unknown,Turf field project being updated and discussed.,Mr. Koelbel provided an update on turf field project.,https://files.smartsites.parentsquare.com/6796/oct06mins.pdf,2006-10-01,False
West Islip Union Free School District,NCES-3630690,Manetuck Elementary,maintenance_services,1_problem,False,,unknown,Replace broken 3-door reach-in freezer in food services.,Food Services - 3-Door Reach in Freezer at Manetuck Elementary - broken,https://files.smartsites.parentsquare.com/6796/finance_agenda_2_6_24.pdf,2024-02-06,False
West Islip Union Free School District,NCES-3630690,turf field,site_athletics,1_problem,False,,unknown,Vandalism of turf field requiring repair and addressing concerns about new turf field lights.,specific reference to the vandalism of the turf field. He also thanked the community members,https://files.smartsites.parentsquare.com/6796/october_2011_school_board_minutes.pdf,2011-10-01,False
West Islip Union Free School District,NCES-3630690,High School,site_athletics,1_problem,False,,unknown,Athletic field lighting is being discussed by the Buildings and Grounds committee.,discussion continued on the lighting of the athletic fields,https://files.smartsites.parentsquare.com/6796/december_2011_school_board_minutes.pdf,2011-12-01,False
West Islip Union Free School District,NCES-3630690,district-wide,general_construction,1_problem,False,,operating budget,Infrastructure issues throughout the district identified in proposed budget.,"Key areas of the proposed budget: class sizes, reinstatement of program for high-potential learners, new telephone system, infrastructure issues throughout the district.",https://files.smartsites.parentsquare.com/6796/apr06mins.pdf,2006-04-01,False
West Islip Union Free School District,NCES-3630690,district-wide,electrical_lighting,1_problem,False,,operating budget,New telephone system planned for the district.,"Key areas of the proposed budget: class sizes, reinstatement of program for high-potential learners, new telephone system, infrastructure issues throughout the district.",https://files.smartsites.parentsquare.com/6796/apr06mins.pdf,2006-04-01,False
West Islip Union Free School District,NCES-3630690,West Islip High School,general_construction,1_problem,False,,unknown,Damage to brick façade at the high school requires assessment and repair.,Discussion revolved around damage to the brick façade at the high school,https://files.smartsites.parentsquare.com/6796/january_2012_school_board_minutes.pdf,2012-01-01,False
West Islip Union Free School District,NCES-3630690,Bayview,site_athletics,1_problem,False,,unknown,Playground fencing project discussed at Buildings and Grounds meeting.,"Bayview playground fencing, building utilization, the fitness trail at Manetuck, turf field",https://files.smartsites.parentsquare.com/6796/march_2012_school_board_minutes.pdf,2012-03-01,False
West Islip Union Free School District,NCES-3630690,Manetuck,site_athletics,1_problem,False,,unknown,Fitness trail project discussed at Buildings and Grounds meeting.,"Bayview playground fencing, building utilization, the fitness trail at Manetuck, turf field",https://files.smartsites.parentsquare.com/6796/march_2012_school_board_minutes.pdf,2012-03-01,False
West Islip Union Free School District,NCES-3630690,unknown,site_athletics,1_problem,False,,unknown,Turf field project discussed at Buildings and Grounds meeting.,turf field and the softball batting cage,https://files.smartsites.parentsquare.com/6796/march_2012_school_board_minutes.pdf,2012-03-01,False
West Islip Union Free School District,NCES-3630690,unknown,site_athletics,1_problem,False,,unknown,Softball batting cage project discussed at Buildings and Grounds meeting.,turf field and the softball batting cage,https://files.smartsites.parentsquare.com/6796/march_2012_school_board_minutes.pdf,2012-03-01,False
West Islip Union Free School District,NCES-3630690,,life_safety_security,1_problem,False,,unknown,Security consultant agreement with Joseph Nicolosi.,approve Security Consultant Agreement – Joseph Nicolosi.,https://files.smartsites.parentsquare.com/6796/september_2010_school_board_minutes.pdf,2010-09-01,False
West Islip Union Free School District,NCES-3630690,Bayview Elementary School,site_athletics,1_problem,False,,,Safety concerns with bike path to school due to parking lot changes at adjacent hospital.,bike path leading to Bayview Elementary School and issues with respect to student's safety using that path due to parking lot changes,https://files.smartsites.parentsquare.com/6796/september_2009_school_board_minutes.pdf,2009-09-01,False
West Islip Union Free School District,NCES-3630690,Bayview Elementary School,site_athletics,1_problem,False,,,Safety issues with bike path to school due to parking lot changes at adjacent hospital.,bike path leading to Bayview Elementary School and issues with respect to student's safety using that path due to parking lot changes,https://files.smartsites.parentsquare.com/6796/september_2009_school_board_minutes2.pdf,2009-10-01,False
West Islip Union Free School District,NCES-3630690,girls' lacrosse field,site_athletics,1_problem,False,,unknown,Proposed donation of a scoreboard for the girls' lacrosse field.,A discussion was held about a proposed donation of a scoreboard for the girls' lacrosse field.,https://files.smartsites.parentsquare.com/6796/september_2008_school_board_minutes.pdf,2008-09-01,False
West Islip Union Free School District,NCES-3630690,girls' lacrosse field,site_athletics,1_problem,False,,unknown,Proposed donation of a scoreboard for the girls' lacrosse field.,A discussion was held about a proposed donation of a scoreboard for the girls' lacrosse field.,https://files.smartsites.parentsquare.com/6796/september_2008_school_board_minutes.pdf,2008-09-01,False
West Islip Union Free School District,NCES-3630690,varsity baseball field,site_athletics,1_problem,False,,unknown,Right field condition deterioration and necessary repairs; football practice impacts timing.,"condition of the right field on the varsity baseball field, necessary repairs, and how football team practice impacts the condition",https://files.smartsites.parentsquare.com/6796/august_2008_school_board_minutes.pdf,2008-08-01,False
Western Suffolk Boces,NCES-3680860,Wilson Tech Dix Hills Campus,"hvac_mechanical, plumbing",1_problem,False,,donation,"HVAC program receiving donated boiler, manifold, pump, and water heater equipment for student use",donated supplies and equipment for the HVAC program at Wilson Tech Dix Hills Campus,https://www.wsboces.org/wp-content/uploads/Minutes-June-30-2026-final.pdf,,
Western Suffolk Boces,NCES-3680860,BOCES facilities,general_construction,1_problem,True,,capital,Need for WSBOCES to rent additional classroom space to accommodate enrollment growth.,"capital charge will increase by 11.2%, primarily due to the need for WSBOCES to rent additional classroom space to accommodate enrollment.",https://www.wsboces.org/wp-content/uploads/Agenda-Annual-Meeting-April-14-2026-FULL.pdf,,
Western Suffolk Boces,NCES-3680860,Multiple buildings,hvac_mechanical,1_problem,True,,unknown,Climate control systems in 55-year-old buildings identified as aged and requiring attention.,buildings that are 55 years old with the climate controls just as old,https://www.wsboces.org/wp-content/uploads/Minutes-Nov-12-2025-final.pdf,,
Western Suffolk Boces,NCES-3680860,Wilson Tech Dix Hills Campus,hvac_mechanical,1_problem,False,,unknown,Donated HVAC parts and equipment for student training program.,Cool Power AC donate various air conditioner parts and equipment for the HVAC program,https://www.wsboces.org/wp-content/uploads/Minutes-Nov-12-2025-final.pdf,,
Western Suffolk Boces,NCES-3680860,Deer Park Elementary School,general_construction,1_problem,True,,operating budget,Renewal of lease space for BOCES instructional programs.,Western Suffolk BOCES leases a portion of the Deer Park Elementary School for BOCES instructional programs,https://www.wsboces.org/wp-content/uploads/Agenda-September-10-2024-FULL.pdf,,
Western Suffolk Boces,NCES-3680860,Western Suffolk BOCES facilities,general_construction,1_problem,True,,operating budget,"Capital projects at various BOCES buildings and campuses focusing on safety, energy efficiency and code compliance.","capital projects at the various Western Suffolk BOCES buildings and campuses that focus on safety, energy efficiency and code compliance",https://www.wsboces.org/wp-content/uploads/Annual-Meeting-April-13-2023-FULL.pdf,,
Western Suffolk Boces,NCES-3680860,Multiple BOCES campuses,"envelope_windows, electrical_lighting, life_safety_security, roofing, hvac_mechanical, site_athletics",2_study,True,3125000,capital reserve,"Window replacements, electrical panel upgrades, fire alarm work, rooftop HVAC units, paving at two campuses, and renovations.","Proposed capital projects in the 2026-27 proposed budget include window replacements, upgrading electrical panels and fire alarms, work on rooftop HVAC units, paving projects at two campuses and renovations.",https://www.wsboces.org/wp-content/uploads/Agenda-Annual-Meeting-April-14-2026-FULL.pdf,,
Western Suffolk Boces,NCES-3680860,,electrical_lighting,2_study,False,2003062,equipment lease purchase financing,"Technology equipment acquisition for Harborfields, Northport-E, and South Huntington schools.","acquisition of certain computer equipment, Harborfields Technology Project is $183,688, Northport-E Northport Technology Project is $1,496,007, South Huntington Technology Project is $323,367",https://www.wsboces.org/wp-content/uploads/Agenda-Jan-11-2022.pdf,,
Western Suffolk Boces,NCES-3680860,JEA Mel,site_athletics,2_study,True,280000,capital,Playground replacement.,Playground Replacement. Work on this project will begin at a date to be set,https://www.wsboces.org/wp-content/uploads/August-8-2023-FULL.pdf,,
Western Suffolk Boces,NCES-3680860,Harborfields School Districts,general_construction,2_study,True,239991,operating budget,Multi-year technology plan implementation with service agreements.,districts have adopted this plan for implementation and have requested Western Suffolk BOCES to provide the service,https://www.wsboces.org/wp-content/uploads/Agenda-Jan-14-2025-FULL.pdf,,
Western Suffolk Boces,NCES-3680860,Taukomas,roofing,2_study,False,201680,capital reserve,Roof replacement identified as capital project; funding redirected to Caleb Smith renovations.,Roof Replacement at Taukomas; transfer of funds will not jeopardize soundness of programs,https://www.wsboces.org/wp-content/uploads/Minutes-July-8-2025-FINAL.pdf,,
Western Suffolk Boces,NCES-3680860,WT Dix Hills,envelope_windows,2_study,True,104287,capital reserve,Window replacement project for WT Dix Hills facility.,"Window Replacement – WT Dix Hills (H962) 104,287",https://www.wsboces.org/wp-content/uploads/Minutes-March-10-2026-Final.pdf,,
Western Suffolk Boces,NCES-3680860,WT Huntington,hvac_mechanical,2_study,True,37005,capital reserve,Woodshop exhaust renovation at WT Huntington.,"Woodshop Exhaust Renovation – WT Huntington (H926) 37,005",https://www.wsboces.org/wp-content/uploads/Minutes-March-10-2026-Final.pdf,,
Western Suffolk Boces,NCES-3680860,Mount Vernon School District,general_construction,2_study,False,35000,unknown,"Consultant services to compile demographic, enrollment and facilities data for planning purposes.","Provide Consultant Services for the Purpose of Compiling Demographic, Enrollment and Facilities Data",https://www.wsboces.org/wp-content/uploads/Agenda-March-11-2025-FULL.pdf,,
Western Suffolk Boces,NCES-3680860,Administration,roofing,2_study,True,17733,capital reserve,Roof replacement at Administration building.,"Roof Replacement – Administration (H973) 17,733",https://www.wsboces.org/wp-content/uploads/Minutes-March-10-2026-Final.pdf,,
Western Suffolk Boces,NCES-3680860,Administration,electrical_lighting,2_study,True,3005,capital reserve,Interior light replacement at Administration building.,"Interior Light Replacement – Administration (H925) 3,005",https://www.wsboces.org/wp-content/uploads/Minutes-March-10-2026-Final.pdf,,
Western Suffolk Boces,NCES-3680860,JEA Dix Hills,plumbing,2_study,True,1012,capital reserve,Bathroom renovation at JEA Dix Hills.,"Bathroom Renovation – JEA Dix Hills (H934) 1,012",https://www.wsboces.org/wp-content/uploads/Minutes-March-10-2026-Final.pdf,,
West Islip Union Free School District,NCES-3630690,Masera Learning Center,general_construction,2_study,False,,unknown,Masera Learning Center project discussed by board.,Masera Learning Center,https://files.smartsites.parentsquare.com/6796/august07mins.pdf,2007-08-01,False
West Islip Union Free School District,NCES-3630690,unknown,general_construction,2_study,True,,unknown,Masera lease negotiations with BOCES under review by district attorney.,"Masera lease; Dr. Blau said negotiations are ongoing with BOCES, and will provide an update.",https://files.smartsites.parentsquare.com/6796/march08mins.pdf,2008-03-01,False
West Islip Union Free School District,NCES-3630690,High School,"site_athletics, abatement",2_study,False,,unknown,"Press box construction, storage shed, bleacher replacement, and asbestos abatement at High School.","SEQRA Resolution, re: High School construction of press box, storage shed, bleacher replacement, and asbestos abatement",https://files.smartsites.parentsquare.com/6796/may2007.pdf,2007-05-01,False
West Islip Union Free School District,NCES-3630690,,general_construction,2_study,False,,unknown,District evaluating architectural firms for capital projects.,They received presentations of architectural firms. Final two firms will be interviewed on January 15.,https://files.smartsites.parentsquare.com/6796/jan08mins.pdf,2008-01-01,False
West Islip Union Free School District,NCES-3630690,,,2_study,True,,unknown,Board discussed selection of an architect and received a presentation on architectural services.,A presentation was given by Cannon Design on architectural services. The Board discussed information regarding selection of an architect.,https://files.smartsites.parentsquare.com/6796/dec07mins.pdf,2007-12-01,False
West Islip Union Free School District,NCES-3630690,,general_construction,2_study,False,,unknown,Capital project requiring architect selection.,He mentioned interviews for capital project's architect.,https://files.smartsites.parentsquare.com/6796/jan08mins.pdf,2008-01-01,False
West Islip Union Free School District,NCES-3630690,,general_construction,2_study,False,,unknown,Child Safety Zone study completed to determine if area meets requirements.,A study was done and the area does meet the requirements.,https://files.smartsites.parentsquare.com/6796/april05minutes.pdf,2005-04-01,False
West Islip Union Free School District,NCES-3630690,,energy,2_study,False,,EPC,Energy Performance Contract discussed by board with Mr. Koelbel answering questions.,The Energy Performance Contract was discussed. Mr. Koelbel answered questions,https://files.smartsites.parentsquare.com/6796/july06mins.pdf,2006-07-01,False
West Islip Union Free School District,NCES-3630690,,energy,2_study,False,,EPC,Energy Performance Contract RFP from Johnson Controls accepted for review.,accept RFP from Johnson Controls for Energy Performance Contract,https://files.smartsites.parentsquare.com/6796/aug06mins.pdf,2006-08-01,False
West Islip Union Free School District,NCES-3630690,district wide,hvac_mechanical,2_study,True,,unknown,Replace boilers across the district.,"approve SEQRA Negative Declaration, re: district wide boiler replacement",https://files.smartsites.parentsquare.com/6796/april07mins.pdf,2007-04-01,False
West Islip Union Free School District,NCES-3630690,High School,"site_athletics, general_construction, abatement",2_study,False,,unknown,"Press box construction, storage shed, bleacher replacement, and asbestos abatement.","High School construction of press box, storage shed, bleacher replacement, and asbestos abatement",https://files.smartsites.parentsquare.com/6796/may2007.pdf,2007-05-01,False
West Islip Union Free School District,NCES-3630690,All buildings,general_construction,2_study,False,,unknown,Monthly building inspections to be conducted at board meetings.,"A report will go to Mr. Koelbel, and inspections of all buildings will be made at monthly board meetings.",https://files.smartsites.parentsquare.com/6796/nov03minutes.pdf,2003-11-01,False
West Islip Union Free School District,NCES-3630690,Closed Drainage,site_athletics,2_study,False,,unknown,Cleaning of closed drainage system.,"approve bid for Cleaning of Closed Drainage. Bid was awarded to Parkline Asphalt Maintenance, Inc.",https://files.smartsites.parentsquare.com/6796/feb06mins.pdf,2006-02-01,False
West Islip Union Free School District,NCES-3630690,High School,site_athletics,2_study,False,,unknown,High school parking lot issue addressed through stipulation of agreement,"authorize Board President to sign Stipulation of Agreement, re: High School parking lot",https://files.smartsites.parentsquare.com/6796/aug04.pdf,2004-08-01,False
West Islip Union Free School District,NCES-3630690,,general_construction,2_study,False,,unknown,Five-year facility plan presented to the board.,Mr. Koelbel made a presentation of the five-year facility plan.,https://files.smartsites.parentsquare.com/6796/dec04mins.pdf,2004-12-01,False
West Islip Union Free School District,NCES-3630690,,general_construction,2_study,False,,unknown,Child Safety Zone study completed to assess area requirements.,A study was done and the area does meet the requirements.,https://files.smartsites.parentsquare.com/6796/april05minutes.pdf,2005-04-01,False
West Islip Union Free School District,NCES-3630690,Athletic fields near Barberry,site_athletics,2_study,False,,bond,Screening the athletic fields near Barberry with landscaping and summer bond work,screening the athletic fields near Barberry with landscaping and summer bond work,https://files.smartsites.parentsquare.com/6796/january_2012_school_board_minutes.pdf,2012-01-01,False
West Islip Union Free School District,NCES-3630690,,general_construction,2_study,False,,unknown,Capital project requiring architect interviews.,He mentioned interviews for capital project's architect.,https://files.smartsites.parentsquare.com/6796/jan08mins.pdf,2008-01-01,False
West Islip Union Free School District,NCES-3630690,new high school,site_athletics,2_study,False,,unknown,Landscaping project around new high school turf field with brick campaign.,PAWS is currently running a brick campaign to help landscape a portion of the area surrounding the new high school turf field.,https://files.smartsites.parentsquare.com/6796/september_2009_school_board_minutes2.pdf,2009-10-01,False
West Islip Union Free School District,NCES-3630690,Barberry Athletic Fields,site_athletics,2_study,False,,bond,Landscaping screening and summer bond work planned for athletic fields near Barberry.,Screening the athletic fields near Barberry with landscaping and summer bond work,https://files.smartsites.parentsquare.com/6796/january_2012_school_board_minutes.pdf,2012-01-01,False
West Islip Union Free School District,NCES-3630690,new high school,site_athletics,2_study,False,,unknown,Landscaping work around new high school turf field funded by brick campaign.,PAWS is currently running a brick campaign to help landscape a portion of the area surrounding the new high school turf field.,https://files.smartsites.parentsquare.com/6796/september_2009_school_board_minutes.pdf,2009-09-01,False
West Islip Union Free School District,NCES-3630690,High School,site_athletics,2_study,False,,unknown,Landscaping project around new high school turf field with brick campaign fundraising.,PAWS is currently running a brick campaign to help landscape a portion of the area surrounding the new high school turf field,https://files.smartsites.parentsquare.com/6796/september_2009_school_board_minutes2.pdf,2009-10-01,False
West Islip Union Free School District,NCES-3630690,new high school,site_athletics,2_study,False,,unknown,Landscaping work around new high school turf field funded by brick campaign.,PAWS is currently running a brick campaign to help landscape a portion of the area surrounding the new high school turf field,https://files.smartsites.parentsquare.com/6796/september_2009_school_board_minutes2.pdf,2009-10-01,False
West Islip Union Free School District,NCES-3630690,elementary schools,general_construction,2_study,True,,unknown,Physical plant analysis conducted for all elementary schools,Mr. Simon gave a presentation to the audience providing an analysis of the physical plants for all elementary schools.,https://files.smartsites.parentsquare.com/6796/january_2012_school_board_minutes.pdf,2012-01-01,False
West Islip Union Free School District,NCES-3630690,West Islip Public School District,general_construction,2_study,False,,unknown,Summer construction work and bid process discussed by Buildings and Grounds Committee.,discussion revolved around - summer construction work and the bid process for this work,https://files.smartsites.parentsquare.com/6796/february_2012_school_board_minutes.pdf,2012-02-01,False
West Islip Union Free School District,NCES-3630690,,general_construction,2_study,False,,unknown,Clerk of the Works and Construction Manager positions being interviewed.,Clerk of the Works/Construction Manager interviews,https://files.smartsites.parentsquare.com/6796/feb08mins.pdf,2008-02-01,False
West Islip Union Free School District,NCES-3630690,District,hvac_mechanical,2_study,False,,unknown,Gas conversion project with associated utility rebates.,"review of department staffing, custodial and buildings and grounds projects, gas conversion and the associated rebates",https://files.smartsites.parentsquare.com/6796/april_2012_school_board_minutes.pdf,2012-04-01,False
West Islip Union Free School District,NCES-3630690,High School,"site_athletics, abatement",2_study,False,,unknown,"High school bleacher replacement, asbestos abatement, new press box and athletic storage sheds; SEQRA review approved.","SEQRA Resolution, re: High School bleacher replacement, asbestos abatement, construction of new press box and new athletic storage sheds",https://files.smartsites.parentsquare.com/6796/july07minutes.pdf,2007-07-01,False
West Islip Union Free School District,NCES-3630690,,general_construction,2_study,False,,capital reserve,Architectural firms selected for capital projects design and state approval process.,They received presentations of architectural firms. Final two firms will be interviewed on January 15.,https://files.smartsites.parentsquare.com/6796/jan08mins.pdf,2008-01-01,False
West Islip Union Free School District,NCES-3630690,,,2_study,False,,unknown,Board discussed selection of an architect and received presentation from Cannon Design on architectural services.,A presentation was given by Cannon Design on architectural services. The Board discussed information regarding selection of an architect.,https://files.smartsites.parentsquare.com/6796/dec07mins.pdf,2007-12-01,False
West Islip Union Free School District,NCES-3630690,,general_construction,2_study,False,,bond,Construction management firms under consideration for bond projects.,Presentation: Construction Management firms.,https://files.smartsites.parentsquare.com/6796/feb08mins.pdf,2008-02-01,False
West Islip Union Free School District,NCES-3630690,district-wide,hvac_mechanical,2_study,False,,unknown,District-wide boiler replacement project,"approve SEQRA Negative Declaration, re: district wide boiler replacement",https://files.smartsites.parentsquare.com/6796/april07mins.pdf,2007-04-01,False
West Islip Union Free School District,NCES-3630690,Closed Drainage,site_athletics,2_study,False,,unknown,Cleaning of closed drainage system.,"approve bid for Cleaning of Closed Drainage. Bid was awarded to Parkline Asphalt Maintenance, Inc.",https://files.smartsites.parentsquare.com/6796/feb06mins.pdf,2006-02-01,False
West Islip Union Free School District,NCES-3630690,elementary schools,general_construction,2_study,False,,unknown,Analysis of physical plants for all elementary schools to inform school closure decisions.,Mr. Simon gave a presentation to the audience providing an analysis of the physical plants for all elementary schools.,https://files.smartsites.parentsquare.com/6796/january_2012_school_board_minutes.pdf,2012-01-01,False
West Islip Union Free School District,NCES-3630690,,general_construction,2_study,False,,unknown,Summer construction work planning and bid process development.,summer construction work and the bid process for this work,https://files.smartsites.parentsquare.com/6796/february_2012_school_board_minutes.pdf,2012-02-01,False
West Islip Union Free School District,NCES-3630690,District-wide,general_construction,2_study,False,,unknown,Gas conversion project and associated rebates under review by Buildings and Grounds committee.,"review of department staffing, custodial and buildings and grounds projects, gas conversion and the associated rebates",https://files.smartsites.parentsquare.com/6796/april_2012_school_board_minutes.pdf,2012-04-01,False
West Islip Union Free School District,NCES-3630690,Beach Street and Udall Road Middle Schools,site_athletics,2_study,False,,unknown,Track repair and renovation at two middle schools.,"turf repair, the Beach Street and Udall Road Middle School tracks",https://files.smartsites.parentsquare.com/6796/may_2012_school_board_minutes.pdf,2012-05-01,False
West Islip Union Free School District,NCES-3630690,Middle Schools,interiors,2_study,False,,unknown,Locker room and bathroom renovation project.,locker room and bathroom renovation,https://files.smartsites.parentsquare.com/6796/may_2012_school_board_minutes.pdf,2012-05-01,False
West Islip Union Free School District,NCES-3630690,district,general_construction,2_study,False,,bond,Bond work performed in the district presented by School Construction Consultants and BBS Architects.,School Construction Consultants and BBS Architects gave a presentation about the bond work performed in the district.,https://files.smartsites.parentsquare.com/6796/february_2011_school_board_minutes.pdf,2011-02-01,False
West Islip Union Free School District,NCES-3630690,P.J. Bellew School,general_construction,2_study,False,,unknown,Leasehold space agreement with BOCES for use of school facility,approve Leasehold Space Agreement with BOCES (P.J. Bellew School),https://files.smartsites.parentsquare.com/6796/august07mins.pdf,2007-08-01,False
West Islip Union Free School District,NCES-3630690,,electrical_lighting,2_study,False,,unknown,Electrical repair and services bids rejected; specifications modified for re-advertisement,reject all bids with regard to Bid # 1135 Electrical Repair and Services and re-advertise,https://files.smartsites.parentsquare.com/6796/june_2011_school_board_minutes.pdf,2011-06-01,False
West Islip Union Free School District,NCES-3630690,new high school,site_athletics,2_study,False,,unknown,Landscape work around new high school turf field funded by brick campaign.,brick campaign to help landscape a portion of the area surrounding the new high school turf field,https://files.smartsites.parentsquare.com/6796/september_2009_school_board_minutes.pdf,2009-09-01,False
West Islip Union Free School District,NCES-3630690,Bayview Elementary School,site_athletics,2_study,False,,unknown,Bike path safety issues and parking lot changes affecting student access.,bike path leading to Bayview Elementary School and issues with respect to student's safety using that path due to parking lot changes,https://files.smartsites.parentsquare.com/6796/september_2009_school_board_minutes2.pdf,2009-10-01,False
West Islip Union Free School District,NCES-3630690,High School,plumbing,2_study,True,,bond,Repairs of restrooms at the High School as part of the Bond Project.,Repairs of restrooms at the High School as part of the Bond Project.,https://files.smartsites.parentsquare.com/6796/november_2008_school_board_minutes.pdf,2008-11-01,False
West Islip Union Free School District,NCES-3630690,,general_construction,2_study,True,,unknown,School construction feasibility and planning discussion.,A presentation was given by Nick Amoruso of School Construction Consultants.,https://files.smartsites.parentsquare.com/6796/october_2008_school_board_minutes.pdf,2008-10-01,False
West Islip Union Free School District,NCES-3630690,High School,plumbing,2_study,True,,bond,Repairs of restrooms at the High School as part of the Bond Project.,Repairs of restrooms at the High School as part of the Bond Project.,https://files.smartsites.parentsquare.com/6796/november_2008_school_board_minutes.pdf,2008-11-01,False
West Islip Union Free School District,NCES-3630690,,general_construction,2_study,False,,unknown,District evaluating architectural firms for capital projects through interview process.,They received presentations of architectural firms. Final two firms will be interviewed on January 15.,https://files.smartsites.parentsquare.com/6796/jan08mins.pdf,2008-01-01,False
West Islip Union Free School District,NCES-3630690,,general_construction,2_study,False,,unknown,Architect's contract for unspecified project or facility work.,Architect's contract,https://files.smartsites.parentsquare.com/6796/august07mins.pdf,2007-08-01,False
West Islip Union Free School District,NCES-3630690,District Wide,energy,2_study,False,,EPC,Energy Performance Contract discussed with board; details to be determined.,The Energy Performance Contract was discussed. Mr. Koelbel answered questions,https://files.smartsites.parentsquare.com/6796/july06mins.pdf,2006-07-01,False
Western Suffolk Boces,NCES-3680860,Multiple BOCES schools,life_safety_security,2_study,True,,operating budget,District-wide safety plan review and updates to align with NYSED and NYS Police recommendations.,BOCES schools have reviewed their safety plans which are aligned with the NYSED and NYS Police recommendations,https://www.wsboces.org/wp-content/uploads/Minutes-August-25-2026.pdf,,
Western Suffolk Boces,NCES-3680860,"WT Dix Hills Bldg A, WT Dix Hills Bldg B, WT Dix Hills Bldg C, WT Dix Hills Bldg D, WT Dix Hills Bldg E, WT Northport, WT Republic, WT Huntington, JEA Dix Hills, JEA Melville, Taukomas, Brennan",life_safety_security,2_study,True,,unknown,Fire alarm system upgrades at multiple BOCES buildings.,"Fire Alarm System Upgrades at WT Dix Hills Bldg A, B, C, D, E, and other locations",https://www.wsboces.org/wp-content/uploads/Minutes-June-9-2026-Final.pdf,,
Western Suffolk Boces,NCES-3680860,JEA Melville,hvac_mechanical,2_study,True,,unknown,Air conditioning systems replacement at JEA Melville campus.,A/C Systems Replacement at JEA Melville,https://www.wsboces.org/wp-content/uploads/Minutes-June-9-2026-Final.pdf,,
Western Suffolk Boces,NCES-3680860,OLL Caleb Smith,general_construction,2_study,True,,unknown,Renovation project at Caleb Smith facility.,Caleb Smith Renovation at OLL Caleb Smith,https://www.wsboces.org/wp-content/uploads/Minutes-June-9-2026-Final.pdf,,
Sagaponack Common School District,NCES-3625410,Sagaponack School,"plumbing, abatement",2_study,True,,unknown,Lead testing and remedial action plan for drinking water system compliance.,remedial action plan is for lead testing in the 2026-2028 compliance period,https://sagaponackschool.org/wp-content/uploads/2026/05/Drinking-Water-Info-for-Website-2026-2028.pdf,,
Sagaponack Common School District,NCES-3625410,Sagaponack School,life_safety_security,2_study,True,,operating budget,"District-wide school safety plan development with emergency response protocols, security measures, and trauma-informed drills.",District Wide School Safety Plan was developed pursuant to Commissioner's Regulation 155.17 by a team appointed by the Board,https://sagaponackschool.org/wp-content/uploads/2026/07/District-Wide-School-Safety-Plan-2026-2027-Board-Approved-1.pdf,,
Mount Sinai Union Free School District,NCES-3620040,Mount Sinai Union Free School District,general_construction,2_study,True,,unknown,Board met with architectural firm to review building needs and prioritize potential projects for coming years.,Board met with our architectural firm H2M to review building needs and prioritize potential projects,https://s3.amazonaws.com/scschoolfiles/4468/febuary_6_2024_special_meeting.pdf,,
West Islip Union Free School District,NCES-3630690,Library,general_construction,2_study,False,,bond,Library building project with change orders processing,"approve Library Bond Issue change orders #PL-05, #GC-09, #GCA-02",https://files.smartsites.parentsquare.com/6796/july03mins.pdf,,
Western Suffolk Boces,NCES-3680860,BOCES facilities (multiple campuses),"envelope_windows, electrical_lighting, roofing, hvac_mechanical, site_athletics, interiors",2_study,True,,capital,"Multiple capital projects including window replacements, electrical panel upgrades, fire alarm upgrades, rooftop HVAC work, paving at two campuses, and renovations.","Proposed capital projects in the 2026-27 proposed budget include window replacements, upgrading electrical panels and fire alarms, work on rooftop HVAC units, paving projects at two campuses and renovations.",https://www.wsboces.org/wp-content/uploads/Agenda-Annual-Meeting-April-14-2026-FULL.pdf,,
Western Suffolk Boces,NCES-3680860,,general_construction,2_study,True,,unknown,"Multiple capital projects in various stages of design, contracting, and construction across the BOCES organization.","19 projects in design, 2 project at NYSED, 11 projects are in the contracting and quote process, 26 projects are in progress",https://www.wsboces.org/wp-content/uploads/Minutes-April-14-2026-FINAL.pdf,,
Western Suffolk Boces,NCES-3680860,,general_construction,2_study,True,,capital_reserve,"Capital project portfolio status tracking with 64 total projects across design, approval, and construction phases.","19 projects in design, two projects at NYSED, 13 projects in process, four projects completed, 26 projects in progress",https://www.wsboces.org/wp-content/uploads/Minutes-March-10-2026-Final.pdf,,
Western Suffolk Boces,NCES-3680860,,"general_construction, envelope_windows, hvac_mechanical, electrical_lighting, roofing, plumbing, life_safety_security, interiors, site_athletics",2_study,True,,capital,"Portfolio of 72 capital projects in various stages: 21 in design, 21 in contracting, 28 in progress or scheduled, 1 completed.","21 projects are in design, one has been submitted to NYSED, 21 are in the contracting phase, 28 projects in progress",https://www.wsboces.org/wp-content/uploads/Minutes-December-9-2025-final.pdf,,
Western Suffolk Boces,NCES-3680860,Western Suffolk BOCES,,2_study,False,,unknown,"Capital projects status update with 56 projects across design, contracting, and construction phases.","eight projects in design, two submitted to NYSED, 11 in contracting phase, eight scheduled to start",https://www.wsboces.org/wp-content/uploads/Agenda-Jan-14-2025-FULL.pdf,,
Western Suffolk Boces,NCES-3680860,WT Northport,electrical_lighting,2_study,True,,unknown,Replacement of electrical distribution shop.,Electrical/Distribution Shop Replacement at WT Northport,https://www.wsboces.org/wp-content/uploads/Minutes-Nov-12-2024-FINAL.pdf,,
Western Suffolk Boces,NCES-3680860,WT Dix Hills,electrical_lighting,2_study,True,,unknown,Replacement of PA system.,PA System Replacement at WT Dix Hills,https://www.wsboces.org/wp-content/uploads/Minutes-Nov-12-2024-FINAL.pdf,,
Western Suffolk Boces,NCES-3680860,WT Huntington,"hvac_mechanical, plumbing",2_study,True,,unknown,Replacement of hot water heater.,Hot Water Heater Replacement at WT Huntington,https://www.wsboces.org/wp-content/uploads/Minutes-Nov-12-2024-FINAL.pdf,,
Western Suffolk Boces,NCES-3680860,JEA Dix Hills,hvac_mechanical,2_study,True,,unknown,Upgrade of cooling tower.,Cooling Tower Upgrade at JEA Dix Hills,https://www.wsboces.org/wp-content/uploads/Minutes-Nov-12-2024-FINAL.pdf,,
Western Suffolk Boces,NCES-3680860,Northport campus,hvac_mechanical,2_study,True,,capital,Air conditioning units needed for Northport campus; project has been in planning for five years with rising costs.,The Northport campus needs air conditioning and we are hopeful to get the units in time for next June.,https://www.wsboces.org/wp-content/uploads/Agenda-September-10-2024-FULL.pdf,,
Western Suffolk Boces,NCES-3680860,Western Suffolk BOCES (district-wide),general_construction,2_study,True,,capital,"District managing 70 capital projects across multiple phases: 11 in design, 19 in contracting, 25 scheduled for work, 12 completed.","11 projects in design, three projects are at NYSED, 19 projects are in the contracting phase, 25 projects are scheduled for work and 12 projects are completed for a total of 70 projects.",https://www.wsboces.org/wp-content/uploads/Agenda-September-10-2024-FULL.pdf,,
Western Suffolk Boces,NCES-3680860,West Babylon UFSD school,general_construction,2_study,True,,operating budget,Lease of school space to accommodate special education enrollment growth.,"due to the lack of space in current locations for the 2024/2025 school year and beyond, BOCES has explored the rental",https://www.wsboces.org/wp-content/uploads/Agenda-September-10-2024-FULL.pdf,,
Western Suffolk Boces,NCES-3680860,Multiple Western Suffolk BOCES schools,life_safety_security,2_study,False,,operating budget,Review and update of districtwide safety plan and individual school emergency response plans.,BOCES schools have reviewed their safety plans which are aligned with the NYSED and NYS Police recommendations,https://www.wsboces.org/wp-content/uploads/Agenda-September-10-2024-FULL.pdf,,
Western Suffolk Boces,NCES-3680860,Caleb Smith,general_construction,2_study,True,,unknown,Expand program with prefab building and indoor air quality improvements; brick project completed.,Specs for Caleb Smith to expand the program. This will need approval by the State. There will be a prefab building.,https://www.wsboces.org/wp-content/uploads/Agenda-Aug-6-2024-FULL.pdf,,
Western Suffolk Boces,NCES-3680860,Multiple (28 in design phase),general_construction,2_study,True,,capital,"Capital projects in various stages: 28 projects in design, 3 at NYSED, 6 in contracting, 10 completed.","28 are in design, three are at NYSED and six are in contracting process, ten projects have been completed.",https://www.wsboces.org/wp-content/uploads/Agenda-Aug-6-2024-FULL.pdf,,
Western Suffolk Boces,NCES-3680860,Northport campus,hvac_mechanical,2_study,True,,unknown,Air conditioning installation for Northport campus with rising costs and five-year timeline.,The Northport campus needs air conditioning and we are hopeful to get the units in time for next June.,https://www.wsboces.org/wp-content/uploads/Minutes-Aug-6-2024-FINAL.pdf,,
Western Suffolk Boces,NCES-3680860,Caleb Smith,general_construction,2_study,True,,unknown,Expand program with prefab building and indoor air quality improvements.,specs for Caleb Smith to expand the program. This will need approval by the State. There will be a prefab building.,https://www.wsboces.org/wp-content/uploads/Minutes-July-9-2024-FINAL.pdf,,
Western Suffolk Boces,NCES-3680860,District Wide,energy,2_study,True,,unknown,Study and review of energy usage and savings across the district.,Study/Review Energy Usage/Savings District Wide,https://www.wsboces.org/wp-content/uploads/Minutes-May-14-2024-final.pdf,,
Western Suffolk Boces,NCES-3680860,District Wide,,2_study,False,,unknown,Status update on capital projects across multiple stages of completion and development.,"18 projects are in progress, six are substantially completed, three are completed, 14 are in design",https://www.wsboces.org/wp-content/uploads/Minutes-Nov-14-2023-final.pdf,,
Western Suffolk Boces,NCES-3680860,,hvac_mechanical,2_study,True,,unknown,Ventilation project ongoing with anticipated completion by start of school.,ventilation project which is still ongoing and the anticipated completion should be by the start of school,https://www.wsboces.org/wp-content/uploads/Minutes-July-11-2023-FINAL.pdf,,
Western Suffolk Boces,NCES-3680860,Deer Park school (elementary program) and Half Hollow Hills school,general_construction,2_study,True,,capital reserve,Lease of additional space for elementary program in Deer Park school and additional space in Half Hollow Hills school.,rental cost of additional space in a Deer Park school for elementary program and lease additional space in Half Hollow Hills school,https://www.wsboces.org/wp-content/uploads/Agenda-March-14-2023-FULL.pdf,,
Western Suffolk Boces,NCES-3680860,Wilson Tech campuses,general_construction,2_study,False,,unknown,"Evaluate curriculum requirements for creating new construction trades courses combining carpentry, construction electricity, and HVAC.","To evaluate curriculum requirements for the creation of new construction trades courses that would combine carpentry, construction electricity and heating/ventilation/air conditioning",https://www.wsboces.org/wp-content/uploads/MInutes-October-11-2022-FINAL.pdf,,
Western Suffolk Boces,NCES-3680860,District-wide,hvac_mechanical,2_study,True,,unknown,Ventilation system units delivery and installation district-wide.,"Ventilation system units are being delivered and expected begin in September. Approximately two months, complete by mid-November.",https://www.wsboces.org/wp-content/uploads/Agenda-Sept-13-2022-FULL-1.pdf,,
Western Suffolk Boces,NCES-3680860,Western Suffolk BOCES,hvac_mechanical,2_study,True,,capital reserve,"Air quality project delayed due to supply chain issues, anticipated start late September.",air quality project has been delayed again due to inability to obtain supplies and it is anticipated this project will begin in late September,https://www.wsboces.org/wp-content/uploads/Minutes-Sept-13-2022-FINAL.pdf,,
Western Suffolk Boces,NCES-3680860,Western Suffolk BOCES,general_construction,2_study,True,,capital reserve,Multiple capital projects in design and execution phases across the district.,"72 projects on the table, 24 projects in design, 22 projects are in process, 22 projects are scheduled and four projects are completed",https://www.wsboces.org/wp-content/uploads/Minutes-Sept-13-2022-FINAL.pdf,,
Western Suffolk Boces,NCES-3680860,,general_construction,2_study,False,,capital reserve,Capital projects in design phase; 38 projects active.,There are currently 38 projects are in the design phase.,https://www.wsboces.org/wp-content/uploads/Agenda-Aug-9-2022-REVISED-full.pdf,,
Western Suffolk Boces,NCES-3680860,WT Dix Hills,electrical_lighting,2_study,True,,unknown,Electrical distribution panel replacement project requiring environmental review.,Electrical Distribution Panel Replacement at WT Dix Hills,https://www.wsboces.org/wp-content/uploads/Agenda-July-12-2022-full.pdf,,
Western Suffolk Boces,NCES-3680860,JEA Dix Hills,electrical_lighting,2_study,True,,unknown,Electrical distribution panel replacement project requiring environmental review.,Electrical Distribution Panel Replacement at JEA Dix Hills,https://www.wsboces.org/wp-content/uploads/Agenda-July-12-2022-full.pdf,,
Western Suffolk Boces,NCES-3680860,WT Dix Hills,envelope_windows,2_study,True,,unknown,Window replacement project requiring environmental review.,Window Replacement at WT Dix Hills,https://www.wsboces.org/wp-content/uploads/Agenda-July-12-2022-full.pdf,,
Western Suffolk Boces,NCES-3680860,JEA Dix Hills,hvac_mechanical,2_study,True,,unknown,A/C main panel controls retro-commissioning project requiring environmental review.,A/C Main Panel Controls Retro-commissioning at JEA Dix Hills,https://www.wsboces.org/wp-content/uploads/Agenda-July-12-2022-full.pdf,,
Western Suffolk Boces,NCES-3680860,JEA Melville,hvac_mechanical,2_study,True,,unknown,A/C main panel controls retro-commissioning project requiring environmental review.,A/C Main Panel Controls Retro-commissioning at JEA Melville,https://www.wsboces.org/wp-content/uploads/Agenda-July-12-2022-full.pdf,,
Western Suffolk Boces,NCES-3680860,,general_construction,2_study,False,,capital reserve,"Five-year capital projects plan updated with 43 ongoing projects; review of kitchen, parking lot, and roof considerations.",Five-year Capital Projects plan has been updated. 43 projects are ongoing.,https://www.wsboces.org/wp-content/uploads/REVISED-Agenda-June-14-2022.pdf,,
Western Suffolk Boces,NCES-3680860,"Multiple facilities: WT Dix Hills, JEA Dix Hills, Central Administration, WT Republic, Taukomas, WT Northport, JEA Melville, M&O Facility, WT Huntington, Brennan, Caleb Smith OLL, Sunken Meadow OLL","electrical_lighting, electrical_lighting, electrical_lighting, electrical_lighting, hvac_mechanical, hvac_mechanical, hvac_mechanical, envelope_windows, roofing, roofing, electrical_lighting, site_athletics, hvac_mechanical, hvac_mechanical, plumbing, interiors, interiors, site_athletics, general_construction",2_study,False,,capital reserve,"District-wide capital projects including electrical, HVAC, roofing, windows, paving, and interior work at multiple facilities.",Western Suffolk BOCES declares itself the lead agency for the following projects,https://www.wsboces.org/wp-content/uploads/REVISED-Agenda-June-14-2022.pdf,,
Western Suffolk Boces,NCES-3680860,"WT Dix Hills, JEA Dix Hills, Central Administration, WT Republic, Taukomas, WT Northport, JEA Melville, M&O Facility, WT Huntington, Brennan, Caleb Smith OLL, Sunken Meadow OLL","electrical_lighting, electrical_lighting, electrical_lighting, electrical_lighting, electrical_lighting, hvac_mechanical, hvac_mechanical, hvac_mechanical, roofing, roofing, envelope_windows, roofing, electrical_lighting, site_athletics, hvac_mechanical, interiors, plumbing, interiors, interiors, general_construction",2_study,True,,unknown,Multiple capital projects across district facilities requiring SEQRA environmental review designating BOCES as lead agency.,The State Education Department Office of Facilities Planning requires that each capital project have a SEQRA (environmental review) process completed by a lead agency for the BOCES,https://www.wsboces.org/wp-content/uploads/REVISED-Agenda-May-10-2022.pdf,,
Western Suffolk Boces,NCES-3680860,Western Suffolk BOCES facilities,"hvac_mechanical, interiors",2_study,False,,capital reserve,"Improvements to classroom and rooftop HVAC units, flooring replacement and bathroom renovations.","improvements to classroom and rooftop HVAC units, flooring replacement and bathroom renovations",https://www.wsboces.org/wp-content/uploads/Annual-Meeting-April-12-2022.pdf,,
Western Suffolk Boces,NCES-3680860,,general_construction,2_study,True,,capital reserve,"Capital projects at various stages including six in design, seven in bid process, remainder completed","44 projects. Of these projects, six projects are in the design stage, seven projects are in the bid process",https://www.wsboces.org/wp-content/uploads/Minutes-April-12-2022-Final-1.pdf,,
Western Suffolk Boces,NCES-3680860,Western Suffolk BOCES facilities,"hvac_mechanical, interiors, roofing",2_study,True,,operating budget,"Improvements to classroom and rooftop HVAC units, flooring replacement and bathroom renovations planned for capital projects.","capital projects such as improvements to classroom and rooftop HVAC units, flooring replacement and bathroom renovations",https://www.wsboces.org/wp-content/uploads/Agenda-March-8-2022-1.pdf,,
Western Suffolk Boces,NCES-3680860,,,2_study,True,,unknown,"Capital projects status update: 52 projects total, 14 in design stage, 8 pending SED approval.","52 projects in total, 14 projects in design stage and eight projects are in SED for approval",https://www.wsboces.org/wp-content/uploads/Agenda-Jan-11-2022.pdf,,
Western Suffolk Boces,NCES-3680860,,general_construction,2_study,False,,unknown,"Job order contracting services for installation, maintenance and repair work.","contract for services related to installation, maintenance or repair of apparatus, materials, equipment",https://www.wsboces.org/wp-content/uploads/Minutes-Jan-11-2022-FINAL.pdf,,
Western Suffolk Boces,NCES-3680860,,general_construction,2_study,False,,unknown,52 capital projects tracked with 14 in design stage and 8 awaiting SED approval,"52 projects in total, 14 projects in design stage and eight projects are in SED for approval",https://www.wsboces.org/wp-content/uploads/Minutes-December-14-2021-FINAL.pdf,,
Western Suffolk Boces,NCES-3680860,WS BOCES,,2_study,True,,unknown,19 projects in design phase with four awaiting NYSED approval.,19 projects in design and four are waiting for NYSED approval.,https://www.wsboces.org/wp-content/uploads/Minutes-Nov-9-2021-final.pdf,,
Western Suffolk Boces,NCES-3680860,,electrical_lighting,2_study,True,,unknown,LED lighting evaluation for capital projects under review.,Mrs. Herz and Mr. Taylor discussed the pros and cons concerning LED lighting,https://www.wsboces.org/wp-content/uploads/MInutes-October-12-2021-final.pdf,,
Western Suffolk Boces,NCES-3680860,,hvac_mechanical,3_funding,False,39742482,capital reserve,"Multi-year HVAC upgrades including A/C systems, rooftop units, boilers and temperature controls.","A/C Systems 9/5/2024 31,031,501 3,478,144 34,509,644 Ongoing",https://www.wsboces.org/wp-content/uploads/Agenda-May-12-26-FULL.pdf,,
Western Suffolk Boces,NCES-3680860,,"interiors, plumbing",3_funding,False,25404086,capital reserve,"Multi-year bathroom, kitchen, flooring and interior renovations across facilities.","Bathrooms 8/20/2014 6,364,029 636,405 7,000,434 Ongoing",https://www.wsboces.org/wp-content/uploads/Agenda-May-12-26-FULL.pdf,,
Western Suffolk Boces,NCES-3680860,,roofing,3_funding,False,23072801,capital reserve,Multi-year roof replacement and renovation project across facilities.,"Roofs 1/29/2021 20,836,218 2,236,583 23,072,801 Ongoing",https://www.wsboces.org/wp-content/uploads/Agenda-May-12-26-FULL.pdf,,
West Islip Union Free School District,NCES-3630690,,general_construction,3_funding,False,22700000,bond,General capital improvements and facilities projects to be funded by bond.,approve resolution calling Special District Meeting and Notice of Special District Meeting setting amount of bond at $22.7 million,https://files.smartsites.parentsquare.com/6796/august07mins.pdf,2007-08-01,False
West Islip Union Free School District,NCES-3630690,,general_construction,3_funding,False,22700000,bond,District-wide capital project or projects funded by bond.,approve resolution calling Special District Meeting and setting amount of bond at $22.7 million,https://files.smartsites.parentsquare.com/6796/august07mins.pdf,2007-08-01,False
West Islip Union Free School District,NCES-3630690,,general_construction,3_funding,False,18350000,bond,Bond resolution to borrow up to $18.35 million for capital projects.,"Motion to approve Bond Resolution to borrow up to 18,350,000.",https://files.smartsites.parentsquare.com/6796/oct07mins.pdf,2007-10-01,False
West Islip Union Free School District,NCES-3630690,,,3_funding,False,18350000,bond,"Bond resolution authorized to borrow up to $18,350,000 for capital projects.","Motion was made by Mrs. LaRosa, seconded by Mrs. Bieselin to approve Bond Resolution to borrow up to 18,350,000.",https://files.smartsites.parentsquare.com/6796/oct07mins.pdf,2007-10-01,False
West Islip Union Free School District,NCES-3630690,,general_construction,3_funding,False,18350000,bond,"Bond resolution to borrow up to $18.35 million for capital projects, tabled pending bond counsel consultation.","Motion was made by Mrs. LaRosa, seconded by Mrs. Bieselin to approve Bond Resolution to borrow up to 18,350,000.",https://files.smartsites.parentsquare.com/6796/oct07mins.pdf,2007-10-01,False
Western Suffolk Boces,NCES-3680860,,site_athletics,3_funding,False,7255956,capital reserve,Multi-year paving and concrete improvements at facilities.,"Paving 12/1/2021 5,700,189 626,518 6,326,707 Ongoing",https://www.wsboces.org/wp-content/uploads/Agenda-May-12-26-FULL.pdf,,
Western Suffolk Boces,NCES-3680860,"Multiple districts (Babylon UFSD, Cold Spring Harbor CSD, Commack UFSD, Elwood UFSD, Harborfields CSD, Kings Park CSD, Lindenhurst UFSD, N Babylon UFSD, Northport UFSD, S Huntington UFSD, W Babylon UFSD)",maintenance_services,3_funding,True,6621553,unknown,Multi-year service agreements for multiple school districts with related financing costs.,District Superintendent and District Clerk are hereby authorized to execute service agreements for the amounts listed plus cost of related financing,https://www.wsboces.org/wp-content/uploads/Minutes-May-14-2024-final.pdf,,
Mount Sinai Union Free School District,NCES-3620040,Mount Sinai Union Free School District,"general_construction, site_athletics",3_funding,False,6000000,capital reserve,School building improvement projects including site work and renovation or replacement work.,appropriated and expended from the Capital Reserve Fund for school building improvement projects as described in a plan prepared by the District with the assistance of H2M,https://s3.amazonaws.com/scschoolfiles/4468/2022_annual_budget_vote_results.pdf,,
Western Suffolk Boces,NCES-3680860,T.B.D,general_construction,3_funding,True,5000000,capital reserve,Expansion of Special Ed Facilities,"Expansion of Special Ed Facilities T.B.D 5,000,000",https://www.wsboces.org/wp-content/uploads/Minutes-Nov-12-2025-final.pdf,,
Western Suffolk Boces,NCES-3680860,BOCES facilities,general_construction,3_funding,True,4513182,operating budget,Rental of additional classroom space to accommodate enrollment growth.,"The capital charge will increase by 10.75%, primarily due to the need for WSBOCES to rent additional classroom space to accommodate enrollment.",https://www.wsboces.org/wp-content/uploads/Agenda-March-11-2025-FULL.pdf,,
Western Suffolk Boces,NCES-3680860,,electrical_lighting,3_funding,False,4454639,capital reserve,"Multi-year electrical systems upgrades including transformers, switchgear, and electrical infrastructure.","Electrical 9/5/2024 4,027,004 427,635 4,454,639 Ongoing",https://www.wsboces.org/wp-content/uploads/Agenda-May-12-26-FULL.pdf,,
Western Suffolk Boces,NCES-3680860,,energy,3_funding,False,4454639,capital reserve,"Multi-year energy conservation project including electrical, metering and utility upgrades.","Energy Conservation Projects Electrical 9/5/2024 4,027,004",https://www.wsboces.org/wp-content/uploads/Agenda-May-12-26-FULL.pdf,,
Western Suffolk Boces,NCES-3680860,,envelope_windows,3_funding,False,3603250,capital reserve,Multi-year window and glazing replacement project.,"Windows 2/1/2026 3,282,185 321,065 3,603,250 Ongoing",https://www.wsboces.org/wp-content/uploads/Agenda-May-12-26-FULL.pdf,,
Western Suffolk Boces,NCES-3680860,"Multiple - Taukomas, WT Northport, Administration, M&O Facility, JEA Dix Hills, JEA Melville, WT Dix Hills Career Center, WT Dix Hills McGuire 1, WT Dix Hills McGuire 2, Brennan, WT Huntington, OLL Caleb Smith","electrical_lighting, hvac_mechanical, envelope_windows, roofing, plumbing, interiors, site_athletics, life_safety_security",3_funding,True,3125000,capital reserve,"Capital projects including panel replacement, HVAC units, air quality sensors, roofing, windows, PA system, fire alarms, security systems, kitchen renovation, asphalt, and boiler replacements.","the amount of $3,125,000 hereby transferred to the Capital Fund from the 2026-27 Appropriation/Capital Budget",https://www.wsboces.org/wp-content/uploads/Minutes-May-12-2026-final.pdf,,
Western Suffolk Boces,NCES-3680860,Western Suffolk BOCES facilities,general_construction,3_funding,True,3125000,capital reserve,Multiyear facilities plan with capital funding for maintenance and operations.,"Transfer to Capital Projects Fund $3,125,000 for multiyear facilities plan",https://www.wsboces.org/wp-content/uploads/Agenda-Annual-Meeting-April-14-2026-FULL.pdf,,
Western Suffolk Boces,NCES-3680860,Western Suffolk BOCES,general_construction,3_funding,True,3000000,capital reserve,Capital projects fund allocation for rental of facilities and capital improvements.,"Capital Projects Fund 2,850,000 3,000,000",https://www.wsboces.org/wp-content/uploads/Agenda-March-11-2025-FULL.pdf,,
Western Suffolk Boces,NCES-3680860,Western Suffolk BOCES,general_construction,3_funding,False,2750000,capital reserve,Capital projects fund for facility improvements and rental of facilities across multiple districts.,"Capital Projects Fund 2,750,000 2,750,000",https://www.wsboces.org/wp-content/uploads/Annual-Meeting-April-13-2023-FULL.pdf,,
Western Suffolk Boces,NCES-3680860,Western Suffolk BOCES facilities,general_construction,3_funding,False,2750000,capital reserve,Capital projects fund for facility rental and capital improvements across BOCES districts.,"Capital Projects Fund 2,750,000 2,750,000",https://www.wsboces.org/wp-content/uploads/Agenda-March-14-2023-FULL.pdf,,
Western Suffolk Boces,NCES-3680860,BOCES agency-owned buildings,"hvac_mechanical, interiors, plumbing",3_funding,True,2750000,capital reserve,"Improvements to classroom and rooftop HVAC units, flooring replacement and restroom renovations across BOCES facilities.","capital projects such as improvements to classroom and rooftop HVAC units, flooring replacement and restroom renovations",https://www.wsboces.org/wp-content/uploads/Annual-Meeting-April-12-2022.pdf,,
Western Suffolk Boces,NCES-3680860,JEA Melville,hvac_mechanical,3_funding,True,2400000,capital reserve,Replace HVAC units in 200 wing,"Replace HVAC units in 200 wing JEA Melville 2,400,000",https://www.wsboces.org/wp-content/uploads/Minutes-Nov-12-2025-final.pdf,,
Western Suffolk Boces,NCES-3680860,,life_safety_security,3_funding,False,2193364,capital reserve,Multi-year fire alarm and security systems upgrades across facilities.,"Fire Alarm Systems 9/5/2024 1,307,125 141,401 1,448,526 Ongoing",https://www.wsboces.org/wp-content/uploads/Agenda-May-12-26-FULL.pdf,,
Western Suffolk Boces,NCES-3680860,Republic Airport,general_construction,3_funding,True,2000000,capital reserve,Alterations required for CTE expansion,"Alterations required for CTE expansion Republic Airport 2,000,000",https://www.wsboces.org/wp-content/uploads/Minutes-Nov-12-2025-final.pdf,,
Western Suffolk Boces,NCES-3680860,OLL-Caleb Smith,general_construction,3_funding,True,1930224,capital reserve,Renovation project at Caleb Smith location.,"Caleb Smith Renovation *(H910) OLL-Caleb Smith 1,930,224",https://www.wsboces.org/wp-content/uploads/Minutes-June-9-2026-Final.pdf,,
Western Suffolk Boces,NCES-3680860,Western Suffolk BOCES,general_construction,3_funding,True,1513182,capital reserve,Rental of facilities budget for capital purposes.,"Rental of Facilities 1,255,000 1,513,182",https://www.wsboces.org/wp-content/uploads/Agenda-March-11-2025-FULL.pdf,,
Western Suffolk Boces,NCES-3680860,WT Northport,hvac_mechanical,3_funding,True,1403523,capital reserve,Replace A/C systems at Northport facility.,"A/C Systems Replacement WT Northport 1,403,523",https://www.wsboces.org/wp-content/uploads/Minutes-May-9-2023-FINAL.pdf,,
Western Suffolk Boces,NCES-3680860,,abatement,3_funding,False,1397830,capital reserve,Asbestos and environmental abatement project.,"Abatement 2/6/2015 1,281,835 115,995 1,397,830 Ongoing",https://www.wsboces.org/wp-content/uploads/Agenda-May-12-26-FULL.pdf,,
Western Suffolk Boces,NCES-3680860,WT Republic,roofing,3_funding,True,1308000,capital reserve,Full roof replacement at WT Republic.,"Roof Replacement WT Republic 1,308,000",https://www.wsboces.org/wp-content/uploads/Minutes-May-14-2024-final.pdf,,
Mount Sinai Union Free School District,NCES-3620040,"Mount Sinai High School, Mount Sinai Middle School, Mount Sinai Elementary School","roofing, plumbing, hvac_mechanical, life_safety_security, interiors",3_funding,False,1200000,capital reserve,"Building improvement projects including roof replacement, pipe valve replacement, water heater replacement, ADA bathroom installation, and hot water tank replacement.","appropriatate and expend from the Capital Reserve Fund an amount not to exceed $1,200,000 for school building improvement projects",https://s3.amazonaws.com/scschoolfiles/4468/annual_vote_2020.pdf,,
Western Suffolk Boces,NCES-3680860,Northport-E Northport Technology Project,electrical_lighting,3_funding,True,1166241,EPC,Technology infrastructure project financed through equipment lease purchase agreement.,"cost of the Northport-E Northport Technology Project is $1,166,241 with $1,166,300 to be financed through JP Morgan Chase Bank",https://www.wsboces.org/wp-content/uploads/Agenda-Aug-9-2022-REVISED-full.pdf,,
Western Suffolk Boces,NCES-3680860,Northport-E Northport Technology Project,general_construction,3_funding,True,1166241,EPC,Acquisition of computer equipment financed through equipment lease purchase agreement,"Northport-E Northport Technology Project is $1,166,241 financed JP Morgan Chase Bank",https://www.wsboces.org/wp-content/uploads/Agenda-July-12-2022-full.pdf,,
Western Suffolk Boces,NCES-3680860,Western Suffolk BOCES facilities,general_construction,3_funding,False,1152000,capital reserve,"Rental of facilities budget increased from 653,000 to 1,152,000 in capital budget.","Rental of Facilities 653,000 1,152,000",https://www.wsboces.org/wp-content/uploads/Agenda-March-14-2023-FULL.pdf,,
Western Suffolk Boces,NCES-3680860,Babylon Technology Project,electrical_lighting,3_funding,True,1135691,EPC,Technology infrastructure project financed through equipment lease purchase agreement.,"cost of the Babylon Technology Project is $1,135,691 with $1,135,700 to be financed through JP Morgan Chase Bank",https://www.wsboces.org/wp-content/uploads/Agenda-Aug-9-2022-REVISED-full.pdf,,
Western Suffolk Boces,NCES-3680860,Babylon Technology Project,general_construction,3_funding,True,1135691,EPC,Acquisition of computer equipment financed through equipment lease purchase agreement,"Babylon Technology Project is $1,135,691 financed through JP Morgan Chase Bank",https://www.wsboces.org/wp-content/uploads/Agenda-July-12-2022-full.pdf,,
Western Suffolk Boces,NCES-3680860,Caleb Smith,"interiors, general_construction",3_funding,True,825320,capital reserve,Renovations to Caleb Smith OLL Phase III facility.,"Renovations to Caleb Smith OLL/Phase III Caleb Smith 825,320",https://www.wsboces.org/wp-content/uploads/Minutes-May-13-2025-final.pdf,,
Western Suffolk Boces,NCES-3680860,WT Northport,roofing,3_funding,True,819000,capital reserve,Roof replacement at WT Northport facility.,"Roof Replacement WT Northport 819,000",https://www.wsboces.org/wp-content/uploads/Minutes-May-13-2025-final.pdf,,
Western Suffolk Boces,NCES-3680860,JEA Dix Hills,interiors,3_funding,True,818806,capital reserve,Bathroom renovation project with funding transfer.,"Bathroom Renovation – JEA Dix Hills (H946) 818,806",https://www.wsboces.org/wp-content/uploads/Minutes-June-9-2026-Final.pdf,,
Western Suffolk Boces,NCES-3680860,"Multiple locations (Administration, WT Dix Hills Career Center, WT Dix Hills McGuire 1, WT Dix Hills McGuire 2, Taukomas)",hvac_mechanical,3_funding,False,800000,capital reserve,Replace roof top units (HVAC equipment) at five facilities.,"Roof Top Unit Replacement Administration 140,000; WT Dix Hills Career Center 210,000",https://www.wsboces.org/wp-content/uploads/Agenda-May-12-26-FULL.pdf,,
Western Suffolk Boces,NCES-3680860,"Multiple locations (WT Dix Hills, WT Northport, WT Dix Hills, WT Huntington)",site_athletics,3_funding,False,643234,capital reserve,Replace asphalt paving and concrete at multiple facilities.,"Asphalt Replacement WT Dix Hills 278,000; Concrete Replacement WT Dix Hills 39,960",https://www.wsboces.org/wp-content/uploads/Agenda-May-12-26-FULL.pdf,,
Western Suffolk Boces,NCES-3680860,JEA Melville,electrical_lighting,3_funding,True,640920,capital reserve,Replace PA system at JEA Melville facility.,"Replace PA System JEA Melville $640,920 hereby transferred to the Capital Fund",https://www.wsboces.org/wp-content/uploads/Agenda-June-24-2025-FULL.pdf,,
Western Suffolk Boces,NCES-3680860,JEA Melville,electrical_lighting,3_funding,True,640920,capital reserve,Replace PA system at JEA Melville facility.,"Replace PA System JEA Melville $640,920",https://www.wsboces.org/wp-content/uploads/Minutes-June-24-2025-Final.pdf,,
Western Suffolk Boces,NCES-3680860,WT Dix Hills,life_safety_security,3_funding,True,640920,capital reserve,Replacement of public address system.,"PA System Replacement WT Dix Hills 640,920",https://www.wsboces.org/wp-content/uploads/Agenda-September-10-2024-FULL.pdf,,
Western Suffolk Boces,NCES-3680860,WT Dix Hills,life_safety_security,3_funding,True,640920,capital reserve,PA system replacement at Dix Hills workshop facility.,"PA System Replacement WT Dix Hills 640,920",https://www.wsboces.org/wp-content/uploads/Minutes-Sept-10-2024-FINAL.pdf,,
Western Suffolk Boces,NCES-3680860,Deer Park Technology Project,electrical_lighting,3_funding,True,585562,EPC,Technology infrastructure project financed through equipment lease purchase agreement.,"cost of the Deer Park Technology Project is $585,562 with $585,600 to be financed through JP Morgan Chase Bank",https://www.wsboces.org/wp-content/uploads/Agenda-Aug-9-2022-REVISED-full.pdf,,
Western Suffolk Boces,NCES-3680860,Deer Park Technology Project,general_construction,3_funding,True,585562,EPC,Acquisition of computer equipment financed through equipment lease purchase agreement,"Deer Park Technology Project is $585,562 financed through JP Morgan Chase Bank",https://www.wsboces.org/wp-content/uploads/Agenda-July-12-2022-full.pdf,,
Western Suffolk Boces,NCES-3680860,WT Dix Hills,hvac_mechanical,3_funding,True,537684,capital reserve,Boiler replacement at WT Dix Hills-Jones 1 location with funding transfer.,"Boiler Replacement – WT Dix Hills-Jones 1 (H920) 537,684",https://www.wsboces.org/wp-content/uploads/Minutes-June-9-2026-Final.pdf,,
Western Suffolk Boces,NCES-3680860,Cold Spring Harbor Technology Project,electrical_lighting,3_funding,True,537102,EPC,Technology infrastructure project financed through equipment lease purchase agreement.,"cost of the Cold Spring Harbor Technology Project is $537,102 with $537,200 to be financed through JP Morgan Chase Bank",https://www.wsboces.org/wp-content/uploads/Agenda-Aug-9-2022-REVISED-full.pdf,,
Western Suffolk Boces,NCES-3680860,Cold Spring Harbor Technology Project,general_construction,3_funding,True,537102,EPC,Acquisition of computer equipment financed through equipment lease purchase agreement,"Cold Spring Harbor Technology Project is $537,102 financed through JP Morgan Chase Bank",https://www.wsboces.org/wp-content/uploads/Agenda-July-12-2022-full.pdf,,
Western Suffolk Boces,NCES-3680860,JEA Melville,hvac_mechanical,3_funding,True,503580,capital reserve,Replace A/C systems at Melville facility.,"A/C Systems Replacement JEA Melville 503,580",https://www.wsboces.org/wp-content/uploads/Minutes-May-9-2023-FINAL.pdf,,
Western Suffolk Boces,NCES-3680860,Various Western Suffolk BOCES buildings and campuses,"life_safety_security, energy, general_construction",3_funding,False,499000,capital reserve,"Capital projects focusing on safety, energy efficiency and code compliance at multiple BOCES facilities.","2023-24 proposed Capital Budget is increasing by $499,000 over last year.",https://www.wsboces.org/wp-content/uploads/Annual-Meeting-April-13-2023-FULL.pdf,,
Western Suffolk Boces,NCES-3680860,Various Western Suffolk BOCES buildings and campuses,general_construction,3_funding,True,499000,capital reserve,"Capital projects focusing on safety, energy efficiency and code compliance at BOCES facilities.","2023-24 proposed Capital Budget is increasing by $499,000 over last year focusing on safety, energy efficiency and code compliance.",https://www.wsboces.org/wp-content/uploads/Annual-Meeting-April-13-2023-FULL.pdf,,
Western Suffolk Boces,NCES-3680860,Western Suffolk BOCES buildings and campuses,"life_safety_security, energy, general_construction",3_funding,True,499000,operating budget,"Capital projects at BOCES facilities focusing on safety, energy efficiency and code compliance.","2023-24 proposed Capital Budget is increasing by $499,000 over last year.",https://www.wsboces.org/wp-content/uploads/Agenda-March-14-2023-FULL.pdf,,
Western Suffolk Boces,NCES-3680860,Western Suffolk BOCES facilities (multiple buildings and campuses),general_construction,3_funding,False,499000,capital reserve,"Capital projects across BOCES buildings and campuses focusing on safety, energy efficiency and code compliance.","2023-24 proposed Capital Budget is increasing by $499,000 over last year.",https://www.wsboces.org/wp-content/uploads/Agenda-March-14-2023-FULL.pdf,,
Western Suffolk Boces,NCES-3680860,N Babylon Technology Project,general_construction,3_funding,True,496975,EPC,Acquisition of computer equipment financed through equipment lease purchase agreement,"N Babylon Technology Project is $496,975 financed through JP Morgan Chase Bank",https://www.wsboces.org/wp-content/uploads/Agenda-July-12-2022-full.pdf,,
Western Suffolk Boces,NCES-3680860,WT Dix Hills,roofing,3_funding,True,474659,capital reserve,Roof replacement at WT Dix Hills-McGuire 1 location with funding transfer.,"Roof Replacement – WT Dix Hills-McGuire 1(H927) 474,659",https://www.wsboces.org/wp-content/uploads/Minutes-June-9-2026-Final.pdf,,
Western Suffolk Boces,NCES-3680860,WT Dix Hills,envelope_windows,3_funding,True,414650,capital reserve,Window replacement.,"Window Replacement WT Dix Hills 414,650",https://www.wsboces.org/wp-content/uploads/REVISED-Agenda-June-14-2022.pdf,,
Western Suffolk Boces,NCES-3680860,WT Dix Hills,envelope_windows,3_funding,False,414650,capital reserve,Replace windows.,"Window Replacement WT Dix Hills 414,650",https://www.wsboces.org/wp-content/uploads/REVISED-Agenda-May-10-2022.pdf,,
Western Suffolk Boces,NCES-3680860,WT Dix Hills,envelope_windows,3_funding,True,414650,capital reserve,Window replacement,"Window Replacement WT Dix Hills 414,650",https://www.wsboces.org/wp-content/uploads/Minutes-May-10-2022-FINAL.pdf,,
Western Suffolk Boces,NCES-3680860,WT Dix Hills,envelope_windows,3_funding,True,392400,capital reserve,Phase C window replacement at WT Dix Hills.,"Window Replacement Phase C *(H962) WT Dix Hills 392,400",https://www.wsboces.org/wp-content/uploads/Minutes-May-14-2024-final.pdf,,
Western Suffolk Boces,NCES-3680860,WT Dix Hills Jones 1,envelope_windows,3_funding,True,381500,capital reserve,Window replacement at WT Dix Hills Jones 1 building.,"Window Replacement WT Dix Hills Jones 1 381,500",https://www.wsboces.org/wp-content/uploads/Minutes-May-13-2025-final.pdf,,
Western Suffolk Boces,NCES-3680860,WT Dix Hills,roofing,3_funding,True,374197,capital reserve,Replace roof top unit at Dix Hills facility.,"Roof Top Unit Replacement WT Dix Hills 374,197",https://www.wsboces.org/wp-content/uploads/Minutes-May-9-2023-FINAL.pdf,,
Western Suffolk Boces,NCES-3680860,JEA Dix Hills,electrical_lighting,3_funding,True,368445,capital reserve,Electrical switch replacement.,"Electrical Switch JEA Dix Hills 368,445",https://www.wsboces.org/wp-content/uploads/REVISED-Agenda-June-14-2022.pdf,,
Western Suffolk Boces,NCES-3680860,JEA Dix Hills,electrical_lighting,3_funding,False,368445,capital reserve,Replace electrical switch.,"Electrical Switch JEA Dix Hills 368,445",https://www.wsboces.org/wp-content/uploads/REVISED-Agenda-May-10-2022.pdf,,
Western Suffolk Boces,NCES-3680860,JEA Dix Hills,electrical_lighting,3_funding,True,368445,capital reserve,Electrical switch replacement,"Electrical Switch JEA Dix Hills 368,445",https://www.wsboces.org/wp-content/uploads/Minutes-May-10-2022-FINAL.pdf,,
Western Suffolk Boces,NCES-3680860,District Wide,electrical_lighting,3_funding,False,361500,capital reserve,Installation of indoor air quality HALO sensors across district facilities.,"Indoor Air Quality Sensor Installation (H950) District Wide 361,500",https://www.wsboces.org/wp-content/uploads/Agenda-Nov-23-FULL.pdf,,
Western Suffolk Boces,NCES-3680860,District Wide,electrical_lighting,3_funding,True,361500,capital reserve,Indoor air quality sensor installation across all district facilities.,"Indoor Air Quality Sensor Installation District Wide 361,500",https://www.wsboces.org/wp-content/uploads/Minutes-Nov-14-2023-final.pdf,,
Western Suffolk Boces,NCES-3680860,JEA Melville,hvac_mechanical,3_funding,True,348420,capital reserve,Replacement of A/C systems at the facility.,"A/C Systems Replacement *(H985) JEA Melville 348,420",https://www.wsboces.org/wp-content/uploads/Minutes-June-9-2026-Final.pdf,,
Western Suffolk Boces,NCES-3680860,Western Suffolk BOCES campuses,"envelope_windows, electrical_lighting, life_safety_security, hvac_mechanical, site_athletics, interiors",3_funding,True,346000,capital reserve,"Window replacements, electrical panels, fire alarms, rooftop HVAC units, paving projects, and outdoor learning site renovations.","Proposed capital projects in the 2025-26 proposed budget include window replacements, upgrading electrical panels and fire alarms, work on rooftop HVAC units, paving projects at two campuses and renovations at an outdoor learning site.",https://www.wsboces.org/wp-content/uploads/Agenda-March-11-2025-FULL.pdf,,
Western Suffolk Boces,NCES-3680860,Harborfields CSD,electrical_lighting,3_funding,True,335151,operating budget,Long-range technology plan implementation with service agreements.,execute service agreements for the amounts listed plus cost of related financing,https://www.wsboces.org/wp-content/uploads/Minutes-Nov-12-2025-final.pdf,,
Western Suffolk Boces,NCES-3680860,WT Dix Hills,roofing,3_funding,True,332120,capital reserve,Roof replacement at WT Dix Hills-Jones 2 location with funding transfer.,"Roof Replacement – WT Dix Hills-Jones 2 (H949) 332,120",https://www.wsboces.org/wp-content/uploads/Minutes-June-9-2026-Final.pdf,,
West Islip Union Free School District,NCES-3630690,,energy,3_funding,False,330000,EPC,Energy Performance contract with Johnson Controls for district-wide energy improvements and services.,"Energy Performance contract with Johnson Controls, subject to the architect's fee being set at 4.17% with a maximum architect's fee of $330,000.",https://files.smartsites.parentsquare.com/6796/sept07mins.pdf,2007-09-01,False
West Islip Union Free School District,NCES-3630690,,energy,3_funding,False,330000,EPC,Energy Performance contract with Johnson Controls approved with architect services.,"approve the Energy Performance contract with Johnson Controls, subject to the architect's fee being set at 4.17% with a maximum architect's fee of $330,000",https://files.smartsites.parentsquare.com/6796/sept07mins.pdf,2007-09-01,False
Western Suffolk Boces,NCES-3680860,WT Dix Hills Career Center,interiors,3_funding,False,319200,capital reserve,Kitchen renovation at facility.,"Kitchen Renovation WT Dix Hills Career Center 319,200",https://www.wsboces.org/wp-content/uploads/Agenda-May-12-26-FULL.pdf,,
Western Suffolk Boces,NCES-3680860,West Babylon UFSD,maintenance_services,3_funding,False,318111,operating budget,Execute service agreements for five-year term.,execute service agreements for the amounts listed plus cost of related financing,https://www.wsboces.org/wp-content/uploads/Minutes-Jan-11-2022-FINAL.pdf,,
Western Suffolk Boces,NCES-3680860,"Multiple locations (Dix Hill A-E, Northport, Republic, Huntington, Dix Hills, Melville, Taukomas, Brennan)",life_safety_security,3_funding,True,312000,capital reserve,Fire alarm system upgrades across multiple BOCES facilities.,"Fire Alarm System Upgrades *(H989) at 13 locations totaling $312,000",https://www.wsboces.org/wp-content/uploads/Minutes-June-9-2026-Final.pdf,,
Western Suffolk Boces,NCES-3680860,Wyandanch Technology Project,electrical_lighting,3_funding,True,290541,EPC,Technology infrastructure project financed through equipment lease purchase agreement.,"cost of the Wyandanch Technology Project is $290,541 with $290,600 to be financed through JP Morgan Chase Bank",https://www.wsboces.org/wp-content/uploads/Agenda-Aug-9-2022-REVISED-full.pdf,,
Western Suffolk Boces,NCES-3680860,Wyandanch Technology Project,general_construction,3_funding,True,290541,EPC,Acquisition of computer equipment financed through equipment lease purchase agreement,"Wyandanch Technology Project is $290,541 financed through JP Morgan Chase Bank",https://www.wsboces.org/wp-content/uploads/Agenda-July-12-2022-full.pdf,,
Western Suffolk Boces,NCES-3680860,West Babylon Technology Project,general_construction,3_funding,True,289192,EPC,Technology equipment acquisition for West Babylon financed through lease purchase agreement.,"cost of the West Babylon Technology Project is $289,192 with $289,500 to be financed through JP Morgan Chase Bank",https://www.wsboces.org/wp-content/uploads/Agenda-March-8-2022-1.pdf,,
Western Suffolk Boces,NCES-3680860,Chestnut Hill,interiors,3_funding,True,288850,capital reserve,Kitchen renovation at Chestnut Hill facility.,"Kitchen Renovation Chestnut Hill 288,850",https://www.wsboces.org/wp-content/uploads/Minutes-May-14-2024-final.pdf,,
Western Suffolk Boces,NCES-3680860,WTDH,envelope_windows,3_funding,True,272500,capital reserve,Window replacement project at WTDH facility.,"Window Replacement (H962) WTDH 272,500",https://www.wsboces.org/wp-content/uploads/Feb-13-2024-FULL.pdf,,
Western Suffolk Boces,NCES-3680860,WTDH,envelope_windows,3_funding,True,272500,capital reserve,"Window replacement project with $272,500 in funding approved and transferred to capital fund.","Window Replacement (H962) WTDH 272,500. Amount of $272,500 hereby transferred to the Capital Fund",https://www.wsboces.org/wp-content/uploads/Minutes-Feb-13-2024-final-1.pdf,,
Western Suffolk Boces,NCES-3680860,WT Dix Hills,envelope_windows,3_funding,True,272500,capital reserve,Replace windows at Dix Hills facility.,"Window Replacement WT Dix Hills 272,500",https://www.wsboces.org/wp-content/uploads/Minutes-May-9-2023-FINAL.pdf,,
Western Suffolk Boces,NCES-3680860,"Multiple locations (WT Huntington, JEA Melville, WT Northport, OLL Caleb Smith)",life_safety_security,3_funding,False,270840,capital reserve,Upgrade fire alarm systems and replace security alarm systems at multiple facilities.,"Fire Alarm System Upgrades WT Huntington 84,000; Replace Security Alarm System",https://www.wsboces.org/wp-content/uploads/Agenda-May-12-26-FULL.pdf,,
Western Suffolk Boces,NCES-3680860,WT Northport,site_athletics,3_funding,True,268380,capital reserve,Paving and concrete replacement at WT Northport.,"Paving and Concrete Replacement WT Northport 268,380",https://www.wsboces.org/wp-content/uploads/Minutes-May-13-2025-final.pdf,,
Western Suffolk Boces,NCES-3680860,"Multiple locations (Taukomas, WT Northport, Administration, M&O Facility, JEA Dix Hills, JEA Melville)","electrical_lighting, hvac_mechanical",3_funding,False,256738,capital reserve,Replace electrical distribution panels and install indoor air quality sensors at multiple facilities.,"Replace Distribution Panels Taukomas 110,000; Indoor Air Quality Sensors at multiple locations",https://www.wsboces.org/wp-content/uploads/Agenda-May-12-26-FULL.pdf,,
Western Suffolk Boces,NCES-3680860,JEA Dix Hills,roofing,3_funding,False,250000,capital reserve,Replace roof at facility.,"Roof Replacement JEA Dix Hills 250,000",https://www.wsboces.org/wp-content/uploads/Agenda-May-12-26-FULL.pdf,,
Western Suffolk Boces,NCES-3680860,WT Dix Hills,site_athletics,3_funding,True,250000,capital reserve,Paving and concrete replacement at WT Dix Hills.,"Paving and Concrete Replacement WT Dix Hills 250,000",https://www.wsboces.org/wp-content/uploads/Minutes-May-13-2025-final.pdf,,
Western Suffolk Boces,NCES-3680860,Caleb Smith,general_construction,3_funding,True,250000,capital reserve,Renovations to Caleb Smith OLL Phase II facility.,"Renovations to Caleb Smith OLL/Phase II Caleb Smith 250,000",https://www.wsboces.org/wp-content/uploads/Minutes-May-14-2024-final.pdf,,
Western Suffolk Boces,NCES-3680860,"Dickinson Avenue School, Northport",general_construction,3_funding,True,246000,capital reserve,Rental of classroom space in four component school district buildings for special education programs.,"fourth school building is being rented at a cost of $246,000",https://www.wsboces.org/wp-content/uploads/Agenda-March-11-2025-FULL.pdf,,
Western Suffolk Boces,NCES-3680860,WT Republic,hvac_mechanical,3_funding,True,245250,capital reserve,Roof top unit replacement for HVAC.,"Roof Top Unit Replacement WT Republic 245,250",https://www.wsboces.org/wp-content/uploads/REVISED-Agenda-June-14-2022.pdf,,
Western Suffolk Boces,NCES-3680860,WT Republic,hvac_mechanical,3_funding,False,245250,capital reserve,Replace roof top unit.,"Roof Top Unit Replacement WT Republic 245,250",https://www.wsboces.org/wp-content/uploads/REVISED-Agenda-May-10-2022.pdf,,
Western Suffolk Boces,NCES-3680860,WT Republic,hvac_mechanical,3_funding,True,245250,capital reserve,Roof top unit replacement,"Roof Top Unit Replacement WT Republic 245,250",https://www.wsboces.org/wp-content/uploads/Minutes-May-10-2022-FINAL.pdf,,
Western Suffolk Boces,NCES-3680860,JEA Dix Hills,electrical_lighting,3_funding,True,220070,capital reserve,Electrical distribution panel replacement.,"Electrical Distribution Panel Replacement JEA Dix Hills 220,070",https://www.wsboces.org/wp-content/uploads/REVISED-Agenda-June-14-2022.pdf,,
Western Suffolk Boces,NCES-3680860,JEA Dix Hills,electrical_lighting,3_funding,False,220070,capital reserve,Replace electrical distribution panel.,"Electrical Distribution Panel Replacement JEA Dix Hills 220,070",https://www.wsboces.org/wp-content/uploads/REVISED-Agenda-May-10-2022.pdf,,
Western Suffolk Boces,NCES-3680860,JEA Dix Hills,electrical_lighting,3_funding,True,220070,capital reserve,Replacement of electrical distribution panel,"Electrical Distribution Panel Replacement JEA Dix Hills 220,070",https://www.wsboces.org/wp-content/uploads/Minutes-May-10-2022-FINAL.pdf,,
Western Suffolk Boces,NCES-3680860,WT Dix Hills-McGuire 1,envelope_windows,3_funding,True,215000,capital reserve,Window replacement at Wilson Tech Dix Hills McGuire 1.,"Window Replacement WT Dix Hills-McGuire 1 215,000",https://www.wsboces.org/wp-content/uploads/Agenda-July-12-2022-full.pdf,,
Western Suffolk Boces,NCES-3680860,WT Dix Hills-McGuire 1,envelope_windows,3_funding,False,215000,capital reserve,Window replacement project.,"Window Replacement WT Dix Hills-McGuire 1 215,000",https://www.wsboces.org/wp-content/uploads/Minutes-June-28-2022-Special-Meeting.pdf,,
Western Suffolk Boces,NCES-3680860,Administration,roofing,3_funding,True,213276,capital reserve,Roof replacement.,"Roof Replacement Administration 213,276",https://www.wsboces.org/wp-content/uploads/REVISED-Agenda-June-14-2022.pdf,,
Western Suffolk Boces,NCES-3680860,Administration,roofing,3_funding,False,213276,capital reserve,Replace roof.,"Roof Replacement Administration 213,276",https://www.wsboces.org/wp-content/uploads/REVISED-Agenda-May-10-2022.pdf,,
Western Suffolk Boces,NCES-3680860,Administration,roofing,3_funding,True,213276,capital reserve,Roof replacement,"Roof Replacement Administration 213,276",https://www.wsboces.org/wp-content/uploads/Minutes-May-10-2022-FINAL.pdf,,
Western Suffolk Boces,NCES-3680860,"Multiple locations (WT Dix Hills McGuire 1, WT Northport, JEA Dix Hills)","hvac_mechanical, plumbing",3_funding,False,210560,capital reserve,"Replace hot water heater, boiler controls, and boiler expansion tank at multiple facilities.","Hot Water Heater Replacement WT Dix Hills McGuire 1 67,200; Boiler Controls Replacement",https://www.wsboces.org/wp-content/uploads/Agenda-May-12-26-FULL.pdf,,
Western Suffolk Boces,NCES-3680860,JEA Dix Hills,electrical_lighting,3_funding,True,210000,capital reserve,Electrical distribution panel replacement at JEA Dix Hills.,"Electrical Distribution Panel Replacement* (H952) JEA Dix Hills 210,000",https://www.wsboces.org/wp-content/uploads/Agenda-July-12-2022-full.pdf,,
Western Suffolk Boces,NCES-3680860,JEA Dix Hills,electrical_lighting,3_funding,False,210000,capital reserve,Electrical distribution panel replacement.,"Electrical Distribution Panel Replacement* (H952) JEA Dix Hills 210,000",https://www.wsboces.org/wp-content/uploads/Minutes-June-28-2022-Special-Meeting.pdf,,
Western Suffolk Boces,NCES-3680860,Taukomas,electrical_lighting,3_funding,True,206010,capital reserve,Electrical switch replacement.,"Electrical Switch Taukomas 206,010",https://www.wsboces.org/wp-content/uploads/REVISED-Agenda-June-14-2022.pdf,,
Western Suffolk Boces,NCES-3680860,Taukomas,electrical_lighting,3_funding,False,206010,capital reserve,Replace electrical switch.,"Electrical Switch Taukomas 206,010",https://www.wsboces.org/wp-content/uploads/REVISED-Agenda-May-10-2022.pdf,,
Western Suffolk Boces,NCES-3680860,Taukomas,electrical_lighting,3_funding,True,206010,capital reserve,Electrical switch replacement,"Electrical Switch Taukomas 206,010",https://www.wsboces.org/wp-content/uploads/Minutes-May-10-2022-FINAL.pdf,,
Western Suffolk Boces,NCES-3680860,Caleb Smith,interiors,3_funding,False,201680,capital reserve,"Renovations to Caleb Smith Outdoor Learning Lab, Phase II.","Renovations to Caleb Smith OLL/Phase II Caleb Smith $201,680",https://www.wsboces.org/wp-content/uploads/Minutes-July-8-2025-FINAL.pdf,,
Western Suffolk Boces,NCES-3680860,JEA Dix Hills,roofing,3_funding,True,196200,capital reserve,Replace roof at Dix Hills facility.,"Roof Replacement JEA Dix Hills 196,200",https://www.wsboces.org/wp-content/uploads/Minutes-May-9-2023-FINAL.pdf,,
Western Suffolk Boces,NCES-3680860,WT Huntington,interiors,3_funding,False,189028,capital reserve,Replace ceiling at facility.,"Ceiling Replacement WT Huntington 189,028",https://www.wsboces.org/wp-content/uploads/Agenda-May-12-26-FULL.pdf,,
Western Suffolk Boces,NCES-3680860,JEA Dix Hills,hvac_mechanical,3_funding,True,187130,capital reserve,Upgrade of cooling tower.,"Cooling Tower Upgrade JEA Dix Hills 187,130",https://www.wsboces.org/wp-content/uploads/Agenda-September-10-2024-FULL.pdf,,
Western Suffolk Boces,NCES-3680860,JEA Dix Hills,hvac_mechanical,3_funding,True,187130,capital reserve,Cooling tower upgrade at Dix Hills facility.,"Cooling Tower Upgrade JEA Dix Hills 187,130",https://www.wsboces.org/wp-content/uploads/Minutes-Sept-10-2024-FINAL.pdf,,
Western Suffolk Boces,NCES-3680860,Elwood Technology Project,general_construction,3_funding,True,186710,EPC,Acquisition of computer equipment financed through equipment lease purchase agreement,"Elwood Technology Project is $186,710 financed through JP Morgan Chase Bank",https://www.wsboces.org/wp-content/uploads/Agenda-July-12-2022-full.pdf,,
Western Suffolk Boces,NCES-3680860,WT Dix Hills – McGuire II,hvac_mechanical,3_funding,True,185300,capital reserve,Roof top unit replacement for HVAC.,"Roof Top Unit Replacement WT Dix Hills – McGuire II 185,300",https://www.wsboces.org/wp-content/uploads/REVISED-Agenda-June-14-2022.pdf,,
Western Suffolk Boces,NCES-3680860,WT Dix Hills – McGuire II,hvac_mechanical,3_funding,False,185300,capital reserve,Replace roof top unit.,"Roof Top Unit Replacement WT Dix Hills – McGuire II 185,300",https://www.wsboces.org/wp-content/uploads/REVISED-Agenda-May-10-2022.pdf,,
Western Suffolk Boces,NCES-3680860,WT Dix Hills - McGuire II,hvac_mechanical,3_funding,True,185300,capital reserve,Roof top unit replacement,"Roof Top Unit Replacement WT Dix Hills – McGuire II 185,300",https://www.wsboces.org/wp-content/uploads/Minutes-May-10-2022-FINAL.pdf,,
Western Suffolk Boces,NCES-3680860,JEA Melville,electrical_lighting,3_funding,True,172000,capital reserve,Replace PA system at JEA Melville.,"Replace PA System JEA Melville 172,000",https://www.wsboces.org/wp-content/uploads/Minutes-May-13-2025-final.pdf,,
Western Suffolk Boces,NCES-3680860,WT Dix Hills,roofing,3_funding,True,163042,capital reserve,Replace roof top unit at Dix Hills location with previously approved additional funding.,"Roof Top Unit Replacement *(H981) WT Dix Hills 163,042",https://www.wsboces.org/wp-content/uploads/Minutes-March-10-2026-Final.pdf,,
Western Suffolk Boces,NCES-3680860,WT Dix Hills,electrical_lighting,3_funding,True,154770,capital reserve,Replace PA system at WT Dix Hills.,"Replace PA System WT Dix Hills 154,770",https://www.wsboces.org/wp-content/uploads/Minutes-May-13-2025-final.pdf,,
Western Suffolk Boces,NCES-3680860,WT Northport,site_athletics,3_funding,True,150000,capital reserve,Asphalt replacement at WT Northport site.,"Asphalt Replacement WT Northport 150,000",https://www.wsboces.org/wp-content/uploads/Minutes-May-14-2024-final.pdf,,
Western Suffolk Boces,NCES-3680860,,maintenance_services,3_funding,True,144024,capital reserve,Purchase of Laerdal nursing lab simulators through three-year installment purchase agreement,"Laerdal nursing lab simulators at the total estimated cost of $144,024",https://www.wsboces.org/wp-content/uploads/Minutes-June-10-2025-final.pdf,,
Western Suffolk Boces,NCES-3680860,WT Dix Hills-Career Ctr,electrical_lighting,3_funding,True,134000,capital reserve,Electrical switch upgrade at Wilson Tech Dix Hills Career Center.,"Electrical Switch Upgrade* (H929) WT Dix Hills-Career Ctr 134,000",https://www.wsboces.org/wp-content/uploads/Agenda-July-12-2022-full.pdf,,
Western Suffolk Boces,NCES-3680860,WT Dix Hills-Career Ctr,electrical_lighting,3_funding,False,134000,capital reserve,Electrical switch upgrade at career center location.,"Electrical Switch Upgrade* (H929) WT Dix Hills-Career Ctr 134,000",https://www.wsboces.org/wp-content/uploads/Minutes-June-28-2022-Special-Meeting.pdf,,
Western Suffolk Boces,NCES-3680860,WT Northport,electrical_lighting,3_funding,True,130800,capital reserve,Replace PA system at WT Northport.,"Replace PA System WT Northport 130,800",https://www.wsboces.org/wp-content/uploads/Minutes-May-13-2025-final.pdf,,
Western Suffolk Boces,NCES-3680860,Administration,hvac_mechanical,3_funding,True,125000,capital reserve,Replace rooftop HVAC unit at administration building.,"Roof Top Unit Replacement Administration 125,000",https://www.wsboces.org/wp-content/uploads/Minutes-May-13-2025-final.pdf,,
Western Suffolk Boces,NCES-3680860,WT Huntington,electrical_lighting,3_funding,True,125000,capital reserve,Replace electrical panel at WT Huntington facility.,"Replace Electric Panel WT Huntington 125,000",https://www.wsboces.org/wp-content/uploads/Minutes-May-13-2025-final.pdf,,
Western Suffolk Boces,NCES-3680860,Administration,"hvac_mechanical, plumbing",3_funding,True,125000,capital reserve,Boiler replacement.,"Boiler Replacement Administration 125,000",https://www.wsboces.org/wp-content/uploads/REVISED-Agenda-June-14-2022.pdf,,
Western Suffolk Boces,NCES-3680860,Administration,hvac_mechanical,3_funding,False,125000,capital reserve,Replace boiler.,"Boiler Replacement Administration 125,000",https://www.wsboces.org/wp-content/uploads/REVISED-Agenda-May-10-2022.pdf,,
Western Suffolk Boces,NCES-3680860,Administration,hvac_mechanical,3_funding,True,125000,capital reserve,Boiler replacement,"Boiler Replacement Administration 125,000",https://www.wsboces.org/wp-content/uploads/Minutes-May-10-2022-FINAL.pdf,,
Western Suffolk Boces,NCES-3680860,JEA Dix Hills/Melville & WT Northport,energy,3_funding,True,115000,capital reserve,"Utility metering, logging and dashboard installation at multiple locations.","Utility Metering/Logging/Dashboard JEA Dix Hills/Melville & WT Northport 115,000",https://www.wsboces.org/wp-content/uploads/Minutes-May-14-2024-final.pdf,,
Western Suffolk Boces,NCES-3680860,WT Dix Hills McGuire 2,envelope_windows,3_funding,False,112000,capital reserve,Replace windows at facility.,"Window Replacement WT Dix Hills McGuire 2 112,000",https://www.wsboces.org/wp-content/uploads/Agenda-May-12-26-FULL.pdf,,
Western Suffolk Boces,NCES-3680860,WT Dix Hills,roofing,3_funding,True,106471,capital reserve,Roof replacement.,"Roof Replacement WT Dix Hills 106,471",https://www.wsboces.org/wp-content/uploads/REVISED-Agenda-June-14-2022.pdf,,
Western Suffolk Boces,NCES-3680860,WT Dix Hills,roofing,3_funding,False,106471,capital reserve,Replace roof.,"Roof Replacement WT Dix Hills 106,471",https://www.wsboces.org/wp-content/uploads/REVISED-Agenda-May-10-2022.pdf,,
Western Suffolk Boces,NCES-3680860,WT Dix Hills,roofing,3_funding,True,106471,capital reserve,Roof replacement,"Roof Replacement WT Dix Hills 106,471",https://www.wsboces.org/wp-content/uploads/Minutes-May-10-2022-FINAL.pdf,,
Western Suffolk Boces,NCES-3680860,WT Dix Hills-Jones II,electrical_lighting,3_funding,True,105477,capital reserve,Electrical distribution panel replacement.,"Electrical Distribution Panel Replacement WT Dix Hills-Jones II 105,477",https://www.wsboces.org/wp-content/uploads/REVISED-Agenda-June-14-2022.pdf,,
Western Suffolk Boces,NCES-3680860,WT Dix Hills-Jones II,electrical_lighting,3_funding,False,105477,capital reserve,Replace electrical distribution panel.,"Electrical Distribution Panel Replacement WT Dix Hills-Jones II 105,477",https://www.wsboces.org/wp-content/uploads/REVISED-Agenda-May-10-2022.pdf,,
Western Suffolk Boces,NCES-3680860,WT Dix Hills-Jones II,electrical_lighting,3_funding,True,105477,capital reserve,Replacement of electrical distribution panel,"Electrical Distribution Panel Replacement WT Dix Hills-Jones II 105,477",https://www.wsboces.org/wp-content/uploads/Minutes-May-10-2022-FINAL.pdf,,
Western Suffolk Boces,NCES-3680860,Harborfields Technology Project,electrical_lighting,3_funding,True,103133,EPC,Technology infrastructure project financed through equipment lease purchase agreement.,"cost of the Harborfields Technology Project is $103,133 with $103,200 to be financed through JP Morgan Chase Bank",https://www.wsboces.org/wp-content/uploads/Agenda-Aug-9-2022-REVISED-full.pdf,,
Western Suffolk Boces,NCES-3680860,Harborfields Technology Project,general_construction,3_funding,True,103133,EPC,Acquisition of computer equipment financed through equipment lease purchase agreement,"Harborfields Technology Project is $103,133 financed through JP Morgan Chase Bank",https://www.wsboces.org/wp-content/uploads/Agenda-July-12-2022-full.pdf,,
Western Suffolk Boces,NCES-3680860,Western Suffolk BOCES campuses,general_construction,3_funding,True,100000,capital reserve,"Capital project costs increase of $100,000 plus additional Alternate Learning Center classes.","$100,000 for increases in capital project costs",https://www.wsboces.org/wp-content/uploads/Agenda-March-11-2025-FULL.pdf,,
Western Suffolk Boces,NCES-3680860,Taukomas,hvac_mechanical,3_funding,True,100000,capital reserve,Replacement of roof top unit at Taukomas building.,"Roof Top Unit Replacement Taukomas 100,000",https://www.wsboces.org/wp-content/uploads/Minutes-May-14-2024-final.pdf,,
Western Suffolk Boces,NCES-3680860,Taukomas,hvac_mechanical,3_funding,True,100000,capital reserve,Roof top unit replacement for HVAC.,"Roof Top Unit Replacement Taukomas 100,000",https://www.wsboces.org/wp-content/uploads/REVISED-Agenda-June-14-2022.pdf,,
Western Suffolk Boces,NCES-3680860,WT Northport,site_athletics,3_funding,True,100000,capital reserve,Paving work.,"Paving WT Northport 100,000",https://www.wsboces.org/wp-content/uploads/REVISED-Agenda-June-14-2022.pdf,,
Western Suffolk Boces,NCES-3680860,Taukomas,hvac_mechanical,3_funding,False,100000,capital reserve,Replace roof top unit.,"Roof Top Unit Replacement Taukomas 100,000",https://www.wsboces.org/wp-content/uploads/REVISED-Agenda-May-10-2022.pdf,,
Western Suffolk Boces,NCES-3680860,WT Northport,site_athletics,3_funding,False,100000,capital reserve,Paving work.,"Paving WT Northport 100,000",https://www.wsboces.org/wp-content/uploads/REVISED-Agenda-May-10-2022.pdf,,
Western Suffolk Boces,NCES-3680860,Taukomas,hvac_mechanical,3_funding,True,100000,capital reserve,Roof top unit replacement,"Roof Top Unit Replacement Taukomas 100,000",https://www.wsboces.org/wp-content/uploads/Minutes-May-10-2022-FINAL.pdf,,
Western Suffolk Boces,NCES-3680860,WT Northport,site_athletics,3_funding,True,100000,capital reserve,Paving work,"Paving WT Northport 100,000",https://www.wsboces.org/wp-content/uploads/Minutes-May-10-2022-FINAL.pdf,,
Western Suffolk Boces,NCES-3680860,Administration,hvac_mechanical,3_funding,True,98600,capital reserve,Replacement of roof top unit at Administration building.,"Roof Top Unit Replacement Administration 98,600",https://www.wsboces.org/wp-content/uploads/Minutes-May-14-2024-final.pdf,,
Western Suffolk Boces,NCES-3680860,WT Dix Hills,hvac_mechanical,3_funding,True,93150,capital reserve,Replacement of roof top unit at WT Dix Hills building.,"Roof Top Unit Replacement *(H931) WT Dix Hills 93,150",https://www.wsboces.org/wp-content/uploads/Minutes-May-14-2024-final.pdf,,
Western Suffolk Boces,NCES-3680860,WT Dix Hills-Jones 2,electrical_lighting,3_funding,True,92000,capital reserve,Electrical switch upgrade at Wilson Tech Dix Hills Jones 2.,"Electrical Switch Upgrade* (H932) WT Dix Hills-Jones 2 92,000",https://www.wsboces.org/wp-content/uploads/Agenda-July-12-2022-full.pdf,,
Western Suffolk Boces,NCES-3680860,WT Dix Hills-Jones 2,electrical_lighting,3_funding,False,92000,capital reserve,Electrical switch upgrade at Jones 2 location.,"Electrical Switch Upgrade* (H932) WT Dix Hills-Jones 2 92,000",https://www.wsboces.org/wp-content/uploads/Minutes-June-28-2022-Special-Meeting.pdf,,
Western Suffolk Boces,NCES-3680860,WT Dix Hills,envelope_windows,3_funding,True,91788,capital reserve,Window replacement at WT Dix Hills-McGuire 1 location with funding transfer.,"Window Replacement – WT Dix Hills-McGuire 1 (H962) 91,788",https://www.wsboces.org/wp-content/uploads/Minutes-June-9-2026-Final.pdf,,
Western Suffolk Boces,NCES-3680860,JEA Melville,interiors,3_funding,False,88290,capital reserve,Replace ceiling.,"Ceiling Replacement JEA Melville 88,290",https://www.wsboces.org/wp-content/uploads/REVISED-Agenda-May-10-2022.pdf,,
Western Suffolk Boces,NCES-3680860,JEA Melville,interiors,3_funding,True,88290,capital reserve,Ceiling replacement.,"Ceiling Replacement JEA Melville 88,290",https://www.wsboces.org/wp-content/uploads/REVISED-Agenda-June-14-2022.pdf,,
Western Suffolk Boces,NCES-3680860,JEA Melville,interiors,3_funding,True,88290,capital reserve,Ceiling replacement,"Ceiling Replacement JEA Melville 88,290",https://www.wsboces.org/wp-content/uploads/Minutes-May-10-2022-FINAL.pdf,,
Western Suffolk Boces,NCES-3680860,District Wide,life_safety_security,3_funding,True,75000,capital reserve,Fire alarm system upgrades across district-wide facilities.,"Fire Alarm System Upgrades *(H989) District Wide 75,000",https://www.wsboces.org/wp-content/uploads/Minutes-May-13-2025-final.pdf,,
Western Suffolk Boces,NCES-3680860,District Wide,life_safety_security,3_funding,True,75000,capital reserve,Fire alarm system upgrades throughout district.,"Fire Alarm System Upgrades *(H989) District Wide 75,000",https://www.wsboces.org/wp-content/uploads/Agenda-September-10-2024-FULL.pdf,,
Western Suffolk Boces,NCES-3680860,District Wide,life_safety_security,3_funding,True,75000,capital reserve,Fire alarm system upgrades across district-wide facilities.,"Fire Alarm System Upgrades *(H989) District Wide 75,000",https://www.wsboces.org/wp-content/uploads/Minutes-Sept-10-2024-FINAL.pdf,,
Western Suffolk Boces,NCES-3680860,WT Dix Hills-McGuire 2,electrical_lighting,3_funding,True,75000,capital reserve,Electrical distribution panel replacement at Wilson Tech Dix Hills McGuire 2.,"Electrical Distribution Panel Replacement* (H951) WT Dix Hills-McGuire 2 75,000",https://www.wsboces.org/wp-content/uploads/Agenda-July-12-2022-full.pdf,,
Western Suffolk Boces,NCES-3680860,WT Dix Hills-McGuire 2,electrical_lighting,3_funding,False,75000,capital reserve,Electrical distribution panel replacement.,"Electrical Distribution Panel Replacement* (H951) WT Dix Hills-McGuire 2 75,000",https://www.wsboces.org/wp-content/uploads/Minutes-June-28-2022-Special-Meeting.pdf,,
Western Suffolk Boces,NCES-3680860,Brennan,life_safety_security,3_funding,False,72800,capital reserve,Replace PA system at facility.,"Replace PA System Brennan 72,800",https://www.wsboces.org/wp-content/uploads/Agenda-May-12-26-FULL.pdf,,
West Islip Union Free School District,NCES-3630690,West Islip Public School District,general_construction,3_funding,False,71500,capital reserve,Capital improvements construction management services for summer construction work.,"contract addendum with School Construction Consultants, 2012 Capital Improvements Construction Manager Services, $71,5000",https://files.smartsites.parentsquare.com/6796/february_2012_school_board_minutes.pdf,2012-02-01,False
Western Suffolk Boces,NCES-3680860,JEA Dix Hills,hvac_mechanical,3_funding,True,70850,capital reserve,A/C main panel controls retro-commissioning at JEA Dix Hills.,"A/C Main Panel Controls Retro-commissioning JEA Dix Hills 70,850",https://www.wsboces.org/wp-content/uploads/Agenda-July-12-2022-full.pdf,,
Western Suffolk Boces,NCES-3680860,JEA Melville,hvac_mechanical,3_funding,True,70850,capital reserve,A/C main panel controls retro-commissioning at JEA Melville.,"A/C Main Panel Controls Retro-commissioning* (H958) JEA Melville 70,850",https://www.wsboces.org/wp-content/uploads/Agenda-July-12-2022-full.pdf,,
Western Suffolk Boces,NCES-3680860,JEA Dix Hills,hvac_mechanical,3_funding,False,70850,capital reserve,A/C main panel controls retro-commissioning.,"A/C Main Panel Controls Retro-commissioning JEA Dix Hills 70,850",https://www.wsboces.org/wp-content/uploads/Minutes-June-28-2022-Special-Meeting.pdf,,
Western Suffolk Boces,NCES-3680860,JEA Melville,hvac_mechanical,3_funding,False,70850,capital reserve,A/C main panel controls retro-commissioning.,"A/C Main Panel Controls Retro-commissioning* (H958) JEA Melville 70,850",https://www.wsboces.org/wp-content/uploads/Minutes-June-28-2022-Special-Meeting.pdf,,
Western Suffolk Boces,NCES-3680860,JEA Melville,site_athletics,3_funding,True,70461,capital reserve,Concrete curbs and walks replacement.,"Replace Concrete Curbs/Walks JEA Melville 70,461",https://www.wsboces.org/wp-content/uploads/REVISED-Agenda-June-14-2022.pdf,,
Western Suffolk Boces,NCES-3680860,JEA Melville,site_athletics,3_funding,False,70461,capital reserve,Replace concrete curbs and walks.,"Replace Concrete Curbs/Walks JEA Melville 70,461",https://www.wsboces.org/wp-content/uploads/REVISED-Agenda-May-10-2022.pdf,,
Western Suffolk Boces,NCES-3680860,JEA Melville,site_athletics,3_funding,True,70461,capital reserve,Replace concrete curbs and walks,"Replace Concrete Curbs/Walks JEA Melville 70,461",https://www.wsboces.org/wp-content/uploads/Minutes-May-10-2022-FINAL.pdf,,
Western Suffolk Boces,NCES-3680860,Administration,hvac_mechanical,3_funding,True,60000,capital reserve,Generator replacement for administration facility.,"Generator* (H947) Administration 60,000",https://www.wsboces.org/wp-content/uploads/REVISED-Agenda-June-14-2022.pdf,,
Western Suffolk Boces,NCES-3680860,Administration,hvac_mechanical,3_funding,False,60000,capital reserve,Generator installation and additional funding.,"Generator* (H947) Administration 60,000",https://www.wsboces.org/wp-content/uploads/REVISED-Agenda-May-10-2022.pdf,,
Western Suffolk Boces,NCES-3680860,Administration,electrical_lighting,3_funding,True,60000,capital reserve,Generator installation or replacement,"Generator* (H947) Administration 60,000",https://www.wsboces.org/wp-content/uploads/Minutes-May-10-2022-FINAL.pdf,,
Western Suffolk Boces,NCES-3680860,WT Manor Plains,plumbing,3_funding,True,58642,capital reserve,Replacement of hot water heater.,"Hot Water Heater Replacement WT Manor Plains 58,642",https://www.wsboces.org/wp-content/uploads/Agenda-September-10-2024-FULL.pdf,,
Western Suffolk Boces,NCES-3680860,WT Manor Plains,plumbing,3_funding,True,58642,capital reserve,Hot water heater replacement at Manor Plains workshop facility.,"Hot Water Heater Replacement WT Manor Plains 58,642",https://www.wsboces.org/wp-content/uploads/Minutes-Sept-10-2024-FINAL.pdf,,
Western Suffolk Boces,NCES-3680860,WT Northport,electrical_lighting,3_funding,True,55140,capital reserve,Replace PA system at WT Northport.,"Replace PA System WT Northport 55,140",https://www.wsboces.org/wp-content/uploads/Minutes-May-13-2025-final.pdf,,
Western Suffolk Boces,NCES-3680860,JEA Dix Hills,hvac_mechanical,3_funding,True,54500,capital reserve,A/C systems replacement.,"A/C Systems Replacement JEA Dix Hills 54,500",https://www.wsboces.org/wp-content/uploads/REVISED-Agenda-June-14-2022.pdf,,
Western Suffolk Boces,NCES-3680860,JEA Dix Hills,hvac_mechanical,3_funding,False,54500,capital reserve,Replace A/C systems.,"A/C Systems Replacement JEA Dix Hills 54,500",https://www.wsboces.org/wp-content/uploads/REVISED-Agenda-May-10-2022.pdf,,
Western Suffolk Boces,NCES-3680860,JEA Dix Hills,hvac_mechanical,3_funding,True,54500,capital reserve,A/C systems replacement,"A/C Systems Replacement JEA Dix Hills 54,500",https://www.wsboces.org/wp-content/uploads/Minutes-May-10-2022-FINAL.pdf,,
Western Suffolk Boces,NCES-3680860,District Wide,life_safety_security,3_funding,True,54000,capital reserve,Fire alarm system upgrades across district facilities.,"Fire Alarm System Upgrades District Wide 54,000",https://www.wsboces.org/wp-content/uploads/Minutes-May-14-2024-final.pdf,,
Western Suffolk Boces,NCES-3680860,JEA Dix Hills,interiors,3_funding,True,25000,capital reserve,Interior door reconstruction.,"Interior Door Reconstruction JEA Dix Hills 25,000",https://www.wsboces.org/wp-content/uploads/REVISED-Agenda-June-14-2022.pdf,,
Western Suffolk Boces,NCES-3680860,JEA Dix Hills,interiors,3_funding,False,25000,capital reserve,Reconstruct interior doors.,"Interior Door Reconstruction JEA Dix Hills 25,000",https://www.wsboces.org/wp-content/uploads/REVISED-Agenda-May-10-2022.pdf,,
Western Suffolk Boces,NCES-3680860,JEA Dix Hills,interiors,3_funding,True,25000,capital reserve,Interior door reconstruction,"Interior Door Reconstruction JEA Dix Hills 25,000",https://www.wsboces.org/wp-content/uploads/Minutes-May-10-2022-FINAL.pdf,,
Western Suffolk Boces,NCES-3680860,Taukomas,hvac_mechanical,3_funding,True,23066,capital reserve,Previously approved A/C systems replacement project with additional funding.,"A/C Systems Replacement – Taukomas (H935) 23,066",https://www.wsboces.org/wp-content/uploads/Minutes-June-9-2026-Final.pdf,,
Western Suffolk Boces,NCES-3680860,Administration,hvac_mechanical,3_funding,True,21800,capital reserve,Replacement of roof top HVAC unit.,"Roof Top Unit Replacement *(H986) Administration 21,800",https://www.wsboces.org/wp-content/uploads/Agenda-September-10-2024-FULL.pdf,,
Western Suffolk Boces,NCES-3680860,Administration,hvac_mechanical,3_funding,True,21800,capital reserve,Roof top HVAC unit replacement at administration building.,"Roof Top Unit Replacement *(H986) Administration 21,800",https://www.wsboces.org/wp-content/uploads/Minutes-Sept-10-2024-FINAL.pdf,,
Western Suffolk Boces,NCES-3680860,M&O,electrical_lighting,3_funding,True,21800,capital reserve,Interior lighting installation.,"Interior Lighting M&O 21,800",https://www.wsboces.org/wp-content/uploads/REVISED-Agenda-June-14-2022.pdf,,
Western Suffolk Boces,NCES-3680860,M&O,electrical_lighting,3_funding,False,21800,capital reserve,Replace interior lighting.,"Interior Lighting M&O 21,800",https://www.wsboces.org/wp-content/uploads/REVISED-Agenda-May-10-2022.pdf,,
Western Suffolk Boces,NCES-3680860,M&O,electrical_lighting,3_funding,True,21800,capital reserve,Interior lighting replacement,"Interior Lighting M&O 21,800",https://www.wsboces.org/wp-content/uploads/Minutes-May-10-2022-FINAL.pdf,,
Western Suffolk Boces,NCES-3680860,Administration,hvac_mechanical,3_funding,True,16357,capital reserve,Boiler replacement at Administration building.,"Boiler Replacement *(H977) Administration 16,357",https://www.wsboces.org/wp-content/uploads/Minutes-June-11-2024-final.pdf,,
Western Suffolk Boces,NCES-3680860,WT Northport,electrical_lighting,3_funding,True,16350,capital reserve,Replacement of electrical distribution shop equipment.,"Electrical/Distribution Shop Replacement WT Northport 16,350",https://www.wsboces.org/wp-content/uploads/Agenda-September-10-2024-FULL.pdf,,
Western Suffolk Boces,NCES-3680860,WT Northport,electrical_lighting,3_funding,True,16350,capital reserve,Electrical distribution replacement at Northport workshop facility.,"Electrical/Distribution Shop Replacement WT Northport 16,350",https://www.wsboces.org/wp-content/uploads/Minutes-Sept-10-2024-FINAL.pdf,,
Western Suffolk Boces,NCES-3680860,JEA Dix Hills,electrical_lighting,3_funding,True,15000,capital reserve,Parking field lighting installation.,"Parking Field Lighting JEA Dix Hills 15,000",https://www.wsboces.org/wp-content/uploads/REVISED-Agenda-June-14-2022.pdf,,
Western Suffolk Boces,NCES-3680860,JEA Melville,electrical_lighting,3_funding,True,15000,capital reserve,Parking field lighting installation.,"Parking Field Lighting JEA Melville 15,000",https://www.wsboces.org/wp-content/uploads/REVISED-Agenda-June-14-2022.pdf,,
Western Suffolk Boces,NCES-3680860,JEA Dix Hills,site_athletics,3_funding,False,15000,capital reserve,Install parking field lighting.,"Parking Field Lighting JEA Dix Hills 15,000",https://www.wsboces.org/wp-content/uploads/REVISED-Agenda-May-10-2022.pdf,,
Western Suffolk Boces,NCES-3680860,JEA Melville,site_athletics,3_funding,False,15000,capital reserve,Install parking field lighting.,"Parking Field Lighting JEA Melville 15,000",https://www.wsboces.org/wp-content/uploads/REVISED-Agenda-May-10-2022.pdf,,
Western Suffolk Boces,NCES-3680860,JEA Dix Hills,site_athletics,3_funding,True,15000,capital reserve,Parking field lighting installation,"Parking Field Lighting JEA Dix Hills 15,000",https://www.wsboces.org/wp-content/uploads/Minutes-May-10-2022-FINAL.pdf,,
Western Suffolk Boces,NCES-3680860,JEA Melville,site_athletics,3_funding,True,15000,capital reserve,Parking field lighting installation,"Parking Field Lighting JEA Melville 15,000",https://www.wsboces.org/wp-content/uploads/Minutes-May-10-2022-FINAL.pdf,,
West Islip Union Free School District,NCES-3630690,Oquenock School,site_athletics,3_funding,False,14000,donation,Refurbishment of two athletic fields at Oquenock School.,"donate from West Islip Little League: $14,000 for refurbishment of two fields at Oquenock School",https://files.smartsites.parentsquare.com/6796/apr04mins.pdf,2004-04-01,False
West Islip Union Free School District,NCES-3630690,Oquenock School,site_athletics,3_funding,False,14000,donation,Refurbishment of two athletic fields.,"$14,000 for refurbishment of two fields at Oquenock School",https://files.smartsites.parentsquare.com/6796/apr04mins.pdf,2004-04-01,False
West Islip Union Free School District,NCES-3630690,,site_athletics,3_funding,False,10200,unknown,Donation of benches and bleachers for athletic facilities from West Islip Soccer Club.,"West Islip Soccer Club – benches and bleachers for $10,200",https://files.smartsites.parentsquare.com/6796/june_2009_school_board_minutes.pdf,2009-06-01,False
West Islip Union Free School District,NCES-3630690,West Islip athletic fields,site_athletics,3_funding,False,10000,donation,Irrigation and grading of West Islip's athletic fields.,"$10,000 from the West Islip Youth Lacrosse Club for irrigation and grading of West Islip's athletic fields.",https://files.smartsites.parentsquare.com/6796/august__2011_school_board_minutes.pdf,2011-08-01,False
Western Suffolk Boces,NCES-3680860,WT Dix Hills,electrical_lighting,3_funding,True,10000,capital reserve,Parking field lighting installation.,"Parking Field Lighting WT Dix Hills 10,000",https://www.wsboces.org/wp-content/uploads/REVISED-Agenda-June-14-2022.pdf,,
Western Suffolk Boces,NCES-3680860,WT Dix Hills,site_athletics,3_funding,False,10000,capital reserve,Install parking field lighting.,"Parking Field Lighting WT Dix Hills 10,000",https://www.wsboces.org/wp-content/uploads/REVISED-Agenda-May-10-2022.pdf,,
Western Suffolk Boces,NCES-3680860,WT Dix Hills,site_athletics,3_funding,True,10000,capital reserve,Parking field lighting installation,"Parking Field Lighting WT Dix Hills 10,000",https://www.wsboces.org/wp-content/uploads/Minutes-May-10-2022-FINAL.pdf,,
Western Suffolk Boces,NCES-3680860,Sunken Meadow Outdoor Learning Lab Facility,interiors,3_funding,True,9850,grant,Restoring and mounting two whale skeletons at the outdoor learning facility.,"donation from Avalon Nature Preserve, to sponsor the cost of restoring and mounting two whale skeletons",https://www.wsboces.org/wp-content/uploads/Minutes-Nov-9-2021-final.pdf,,
West Islip Union Free School District,NCES-3630690,,site_athletics,3_funding,False,7000,donation,Turf field lighting installation funded by donations from soccer and football clubs.,"accept a donation from the West Islip Soccer Club for turf field lighting in the amount of $3,500",https://files.smartsites.parentsquare.com/6796/september__2011_school_board_minutes.pdf,2011-09-01,False
West Islip Union Free School District,NCES-3630690,Bayview,site_athletics,3_funding,False,6000,donation,Blacktop playground area construction or renovation.,"accept donation, with thanks, from Bayview PTA, of $6,000 for blacktop playground area.",https://files.smartsites.parentsquare.com/6796/june03mins.pdf,2004-06-01,False
West Islip Union Free School District,NCES-3630690,Bayview,site_athletics,3_funding,False,6000,donation,Blacktop playground area improvement.,"accept donation, with thanks, from Bayview PTA, of $6,000 for blacktop playground area",https://files.smartsites.parentsquare.com/6796/june03mins.pdf,2004-06-01,False
West Islip Union Free School District,NCES-3630690,High School Gymnasium,site_athletics,3_funding,False,3500,grant,High school gymnasium scoreboard.,"High School Gymnasium Scoreboard - $3,500",https://files.smartsites.parentsquare.com/6796/june_2012_school_board_minutes.pdf,2012-06-01,False
Western Suffolk Boces,NCES-3680860,,maintenance_services,3_funding,True,2100,operating budget,Participation in cooperative bid program for skilled trades and maintenance services across multiple facilities.,"NY/Island Cooperative Bid Program For: Time & Material Covering Skilled Trades, Maintenance Services, Athletic Reconditioning",https://www.wsboces.org/wp-content/uploads/Minutes-December-9-2025-final.pdf,,
West Islip Union Free School District,NCES-3630690,,site_athletics,3_funding,False,1920,operating budget,Purchase of trees and shrubs for landscaping.,Captree PTA $1920 for purchase of trees and shrubs,https://files.smartsites.parentsquare.com/6796/may04mins.pdf,2004-05-01,False
West Islip Union Free School District,NCES-3630690,,site_athletics,3_funding,False,1920,operating budget,Purchase of trees and shrubs for landscaping at Captree school.,Captree PTA $1920 for purchase of trees and shrubs,https://files.smartsites.parentsquare.com/6796/may04mins.pdf,2004-05-01,False
Western Suffolk Boces,NCES-3680860,WT Northport,envelope_windows,3_funding,True,1574,capital reserve,Window replacement at WT Northport facility.,"Window Replacement – WT Northport (H903) 1,574",https://www.wsboces.org/wp-content/uploads/Minutes-June-11-2024-final.pdf,,
West Islip Union Free School District,NCES-3630690,,site_athletics,3_funding,False,1314.45,operating budget,Purchase of trees and shrubs for landscaping.,Bayview PTA $1314.45 for purchase of trees and shrubs,https://files.smartsites.parentsquare.com/6796/may04mins.pdf,2004-05-01,False
West Islip Union Free School District,NCES-3630690,,site_athletics,3_funding,False,1314.45,operating budget,Purchase of trees and shrubs for landscaping at Bayview school.,Bayview PTA $1314.45 for purchase of trees and shrubs,https://files.smartsites.parentsquare.com/6796/may04mins.pdf,2004-05-01,False
West Islip Union Free School District,NCES-3630690,,site_athletics,3_funding,False,1000,unknown,Donation of portable outside fence for athletic facilities from West Islip Softball Club and David Cone Foundation.,"West Islip Softball Club and The David Cone Foundation – portable outside fence for $1,000",https://files.smartsites.parentsquare.com/6796/june_2009_school_board_minutes.pdf,2009-06-01,False
Western Suffolk Boces,NCES-3680860,JEA Dix Hills,electrical_lighting,3_funding,True,979,capital reserve,Electric transformer replacement at JEA Dix Hills.,Electric Transformer Replacement – JEA Dix Hills (H897) 979,https://www.wsboces.org/wp-content/uploads/Minutes-June-11-2024-final.pdf,,
Western Suffolk Boces,NCES-3680860,JEA Melville,electrical_lighting,3_funding,True,673,capital reserve,Electric transformer replacement at JEA Melville.,Electric Transformer Replacement – JEA Melville (H898) 673,https://www.wsboces.org/wp-content/uploads/Minutes-June-11-2024-final.pdf,,
Western Suffolk Boces,NCES-3680860,Administration,hvac_mechanical,3_funding,True,521,capital reserve,Boiler replacement at Administration location with minimal funding.,Boiler Replacement – Administration (H977) 521,https://www.wsboces.org/wp-content/uploads/Minutes-June-9-2026-Final.pdf,,
West Islip Union Free School District,NCES-3630690,,general_construction,3_funding,False,,unknown,Leasehold space agreement with BOCES for P.J. Bellew School.,Leasehold Space Agreement with BOCES (P.J. Bellew School),https://files.smartsites.parentsquare.com/6796/august07mins.pdf,2007-08-01,False
West Islip Union Free School District,NCES-3630690,,energy,3_funding,False,,EPC,Energy Performance contract approved with SEQRA Negative Declaration.,approve SEQRA Negative Declaration with regard to Energy Performance contract,https://files.smartsites.parentsquare.com/6796/may2007.pdf,2007-05-01,False
West Islip Union Free School District,NCES-3630690,West Islip Library,general_construction,3_funding,False,,bond,Library bond account warrant approval indicates bond-funded construction or renovation project.,approve West Islip Library Bond Account warrant #1,https://files.smartsites.parentsquare.com/6796/04julymins.pdf,2004-07-01,False
West Islip Union Free School District,NCES-3630690,High School,site_athletics,3_funding,False,,unknown,High school parking lot stipulation agreement authorized.,"authorize Board President to sign Stipulation of Agreement, re: High School parking lot",https://files.smartsites.parentsquare.com/6796/aug04.pdf,2004-08-01,False
West Islip Union Free School District,NCES-3630690,,general_construction,3_funding,False,,bond,Bond projects for the school district with architect oversight,"approve Burton, Behrendt, Smith (BBS) as architects for bond projects",https://files.smartsites.parentsquare.com/6796/feb08mins.pdf,2008-02-01,False
West Islip Union Free School District,NCES-3630690,District Wide,electrical_lighting,3_funding,False,,unknown,District-wide telephone system installation approved for SEQRA environmental review.,approve SEQRA Negative Declaration for District Wide Telephone System Installation,https://files.smartsites.parentsquare.com/6796/july06mins.pdf,2006-07-01,False
West Islip Union Free School District,NCES-3630690,,general_construction,3_funding,True,,unknown,Lease negotiation and legal review for Masera property,"Masera lease; Dr. Blau said negotiations are ongoing with BOCES, and will provide an update",https://files.smartsites.parentsquare.com/6796/march08mins.pdf,2008-03-01,False
West Islip Union Free School District,NCES-3630690,Beach and Bellew,abatement,3_funding,False,,unknown,Asbestos abatement at Beach and Bellew schools,approval resolution regarding SEQRA (Beach and Bellew asbestos abatement),https://files.smartsites.parentsquare.com/6796/oct03minutes.pdf,2003-10-01,False
West Islip Union Free School District,NCES-3630690,District-wide,energy,3_funding,False,,EPC,Energy Performance Contract with SEQRA Negative Declaration approval.,approve SEQRA Negative Declaration with regard to Energy Performance contract,https://files.smartsites.parentsquare.com/6796/may2007.pdf,2007-05-01,False
West Islip Union Free School District,NCES-3630690,high school,site_athletics,3_funding,False,,unknown,"Renovate football field, track, bleachers and install artificial turf.","PAWS fund-raising project to renovate the high school football field, track and bleachers and install artificial turf.",https://files.smartsites.parentsquare.com/6796/dec05mins.pdf,2005-12-01,False
West Islip Union Free School District,NCES-3630690,Udall Road MS and High School,general_construction,3_funding,False,,capital reserve,Building project and capital improvement program at Udall Road Middle School and High School.,"approve Negative Declaration – re: Building Project, Capital Improvement Program at Udall Road MS and High School",https://files.smartsites.parentsquare.com/6796/feb06mins.pdf,2006-02-01,False
West Islip Union Free School District,NCES-3630690,High School,site_athletics,3_funding,False,,unknown,Renovation of high school track with SEQRA environmental review completed.,"adopt a Negative Declaration resolution, pursuant to SEQRA, with regard to renovation at High School track.",https://files.smartsites.parentsquare.com/6796/oct04min.pdf,2004-10-01,False
West Islip Union Free School District,NCES-3630690,West Islip Library,general_construction,3_funding,False,,bond,"Library bond account warrant approved for payment, indicating bond-funded construction or renovation project.",approve West Islip Library Bond Account warrant #1,https://files.smartsites.parentsquare.com/6796/04julymins.pdf,2004-07-01,False
West Islip Union Free School District,NCES-3630690,Library,general_construction,3_funding,False,,bond,Library bond work funded through district bond refinancing savings.,A portion of these savings will go to the library for their bond work.,https://files.smartsites.parentsquare.com/6796/05marchmins.pdf,2005-03-01,False
West Islip Union Free School District,NCES-3630690,Beach and Bellew,abatement,3_funding,False,,unknown,Asbestos abatement at Beach and Bellew schools,"Motion was made Mr. Smith, seconded by Mrs. McAteer and carried when all board members present voted in favor to approve resolution regarding SEQRA (Beach and Bellew asbestos abatement).",https://files.smartsites.parentsquare.com/6796/oct03minutes.pdf,2003-10-01,False
West Islip Union Free School District,NCES-3630690,library,general_construction,3_funding,False,,bond,Library bond work funded from district bond refinancing savings.,A portion of these savings will go to the library for their bond work.,https://files.smartsites.parentsquare.com/6796/05marchmins.pdf,2005-03-01,False
West Islip Union Free School District,NCES-3630690,,general_construction,3_funding,False,,bond,Bond issue projects submitted to State Education Department for approval.,approve plans and specifications for bond issue projects as submitted by BBS,https://files.smartsites.parentsquare.com/6796/october_2008_school_board_minutes.pdf,2008-10-01,False
West Islip Union Free School District,NCES-3630690,,general_construction,3_funding,False,,unknown,Construction management services agreement approval being considered.,Approval of the Agreement for Construction Management Services was tabled.,https://files.smartsites.parentsquare.com/6796/may_2009_school_board_minutes.pdf,2009-05-01,False
West Islip Union Free School District,NCES-3630690,District Wide,electrical_lighting,3_funding,False,,unknown,District-wide telephone system installation with environmental review completed.,SEQRA Negative Declaration for District Wide Telephone System Installation,https://files.smartsites.parentsquare.com/6796/july06mins.pdf,2006-07-01,False
West Islip Union Free School District,NCES-3630690,,general_construction,3_funding,False,,bond,Bond projects requiring architectural services.,"approve Burton, Behrendt, Smith (BBS) as architects for bond projects",https://files.smartsites.parentsquare.com/6796/feb08mins.pdf,2008-02-01,False
West Islip Union Free School District,NCES-3630690,,energy,3_funding,False,,EPC,Energy performance contract proposal accepted from Johnson Controls.,accept RFP from Johnson Controls for Energy Performance Contract.,https://files.smartsites.parentsquare.com/6796/aug06mins.pdf,2006-08-01,False
West Islip Union Free School District,NCES-3630690,,hvac_mechanical,3_funding,False,,unknown,Inter-municipal agreement for natural gas service with Suffolk County.,authorize an inter-municipal agreement for natural gas with Suffolk County,https://files.smartsites.parentsquare.com/6796/august__2011_school_board_minutes.pdf,2011-08-01,False
West Islip Union Free School District,NCES-3630690,High School,site_athletics,3_funding,False,,unknown,"Renovate football field, track, bleachers and install artificial turf.","PAWS fund-raising project to renovate the high school football field, track and bleachers and install artificial turf.",https://files.smartsites.parentsquare.com/6796/dec05mins.pdf,2005-12-01,False
West Islip Union Free School District,NCES-3630690,Udall Road MS and High School,general_construction,3_funding,False,,capital reserve,Building project and capital improvement program at two schools.,"approve Negative Declaration – re: Building Project, Capital Improvement Program at Udall Road MS and High School",https://files.smartsites.parentsquare.com/6796/feb06mins.pdf,2006-02-01,False
West Islip Union Free School District,NCES-3630690,High School,site_athletics,3_funding,False,,unknown,Renovation of high school track.,"adopt a Negative Declaration resolution, pursuant to SEQRA, with regard to renovation at High School track",https://files.smartsites.parentsquare.com/6796/oct04min.pdf,2004-10-01,False
West Islip Union Free School District,NCES-3630690,,energy,3_funding,False,,EPC,Energy performance contract financing approved by board resolution.,approve resolution for financing of the energy performance contract,https://files.smartsites.parentsquare.com/6796/august_2010_school_board_minutes.pdf,2010-08-01,False
West Islip Union Free School District,NCES-3630690,District-wide,hvac_mechanical,3_funding,False,,operating budget,"Heating, ventilation and air conditioning service contract bid extension.","bid extensions: Heating, Ventilation and Air Conditioning Service Contract",https://files.smartsites.parentsquare.com/6796/may_2012_school_board_minutes.pdf,2012-05-01,False
West Islip Union Free School District,NCES-3630690,District-wide,roofing,3_funding,False,,operating budget,Roof repair service bid extension.,bid extensions: Roof Repairs and Electrical Repair and Services,https://files.smartsites.parentsquare.com/6796/may_2012_school_board_minutes.pdf,2012-05-01,False
West Islip Union Free School District,NCES-3630690,Higbie Lane,site_athletics,3_funding,False,,unknown,Community Pavilion fundraising approval.,approve fundraising for Community Pavilion – Higbie Lane,https://files.smartsites.parentsquare.com/6796/july_2010_school_board_minutes.pdf,2010-07-01,False
West Islip Union Free School District,NCES-3630690,District-wide,electrical_lighting,3_funding,False,,operating budget,Electrical repair and services bid extension.,bid extensions: Roof Repairs and Electrical Repair and Services,https://files.smartsites.parentsquare.com/6796/may_2012_school_board_minutes.pdf,2012-05-01,False
West Islip Union Free School District,NCES-3630690,District-wide,hvac_mechanical,3_funding,False,,operating budget,Boiler and breeching cleaning service bid extension.,bid extensions: Boiler and Breeching Cleaning,https://files.smartsites.parentsquare.com/6796/may_2012_school_board_minutes.pdf,2012-05-01,False
West Islip Union Free School District,NCES-3630690,District-wide,site_athletics,3_funding,False,,operating budget,Gates and chain link fencing bid extension.,bid extensions: Gates and Chain Link Fencing,https://files.smartsites.parentsquare.com/6796/may_2012_school_board_minutes.pdf,2012-05-01,False
West Islip Union Free School District,NCES-3630690,District (bathrooms and locker rooms),interiors,3_funding,False,,unknown,Bathroom and locker room renovations and athletic storage shed installation.,approve SEQRA Resolution regarding bathroom and locker room renovations and athletic storage shed installation,https://files.smartsites.parentsquare.com/6796/february_2011_school_board_minutes.pdf,2011-02-01,False
West Islip Union Free School District,NCES-3630690,District facilities (unspecified),interiors,3_funding,False,,unknown,Bathroom and locker room renovations and athletic storage shed installation.,approve SEQRA Resolution regarding bathroom and locker room renovations and athletic storage shed installation,https://files.smartsites.parentsquare.com/6796/february_2011_school_board_minutes.pdf,2011-02-01,False
West Islip Union Free School District,NCES-3630690,,hvac_mechanical,3_funding,False,,operating budget,"Heating, ventilation and air conditioning service contract awarded","Heating, Ventilation and Air Conditioning Service Contract – awarded to Commercial",https://files.smartsites.parentsquare.com/6796/june_2011_school_board_minutes.pdf,2011-06-01,False
West Islip Union Free School District,NCES-3630690,,hvac_mechanical,3_funding,False,,operating budget,Boiler maintenance service contract awarded,Boiler Maintenance – awarded to Bain Heating and Piping Corp.,https://files.smartsites.parentsquare.com/6796/june_2011_school_board_minutes.pdf,2011-06-01,False
West Islip Union Free School District,NCES-3630690,,general_construction,3_funding,False,,bond,Bond project oversight and advisory activities.,"Bond Project Advisory Committee Mr. Smith, Mr. Ulrich",https://files.smartsites.parentsquare.com/6796/july_2009_school_board_minutes.pdf,2009-07-01,False
West Islip Union Free School District,NCES-3630690,,hvac_mechanical,3_funding,False,,operating budget,Boiler and breeching cleaning service awarded,"Boiler and Breeching Cleaning – awarded to Thermotec Combustion, Inc.",https://files.smartsites.parentsquare.com/6796/june_2011_school_board_minutes.pdf,2011-06-01,False
West Islip Union Free School District,NCES-3630690,,roofing,3_funding,False,,operating budget,Roof repairs service contract awarded,"Roof Repairs – awarded to DNA Contracting, Inc.",https://files.smartsites.parentsquare.com/6796/june_2011_school_board_minutes.pdf,2011-06-01,False
West Islip Union Free School District,NCES-3630690,,site_athletics,3_funding,False,,operating budget,Gates and chain link fencing service contract awarded,Gates and Chain Link Fencing – awarded to Ideal Fence Corp.,https://files.smartsites.parentsquare.com/6796/june_2011_school_board_minutes.pdf,2011-06-01,False
West Islip Union Free School District,NCES-3630690,West Islip High School,site_athletics,3_funding,False,,bond,Remove and replace the high jump at the athletic field.,approve proposal by The Landtek Group to remove and replace the High Jump at West Islip High School,https://files.smartsites.parentsquare.com/6796/august_2009_school_board_minutes.pdf,2009-08-01,False
West Islip Union Free School District,NCES-3630690,West Islip High School,site_athletics,3_funding,False,,bond,Remove and replace the high jump structure.,proposal by The Landtek Group to remove and replace the High Jump at West Islip High School,https://files.smartsites.parentsquare.com/6796/august_2009_school_board_minutes.pdf,2009-08-01,False
West Islip Union Free School District,NCES-3630690,,general_construction,3_funding,False,,unknown,School Construction Consultants contract approved by Board.,Motion was made to approve School Construction Consultants contract.,https://files.smartsites.parentsquare.com/6796/september_2009_school_board_minutes.pdf,2009-09-01,False
West Islip Union Free School District,NCES-3630690,,general_construction,3_funding,False,,unknown,School Construction Consultants contract approved by board.,approve School Construction Consultants contract,https://files.smartsites.parentsquare.com/6796/september_2009_school_board_minutes2.pdf,2009-10-01,False
West Islip Union Free School District,NCES-3630690,,general_construction,3_funding,True,,bond,Bond issue projects requiring State Education Department approval.,approve plans and specifications for bond issue projects as submitted by BBS,https://files.smartsites.parentsquare.com/6796/october_2008_school_board_minutes.pdf,2008-10-01,False
West Islip Union Free School District,NCES-3630690,District Wide,electrical_lighting,3_funding,False,,unknown,District-wide telephone system installation approved for environmental review.,SEQRA Negative Declaration for District Wide Telephone System Installation,https://files.smartsites.parentsquare.com/6796/july06mins.pdf,2006-07-01,False
West Islip Union Free School District,NCES-3630690,,general_construction,3_funding,False,,unknown,Construction management services agreement under board consideration.,Approval of the Agreement for Construction Management Services was tabled.,https://files.smartsites.parentsquare.com/6796/may_2009_school_board_minutes.pdf,2009-05-01,False
West Islip Union Free School District,NCES-3630690,High School,"site_athletics, abatement, general_construction",3_funding,False,,unknown,"High school bleacher replacement, asbestos abatement, new press box and athletic storage sheds.","SEQRA Resolution, re: High School bleacher replacement, asbestos abatement, construction of new press box and new athletic storage sheds.",https://files.smartsites.parentsquare.com/6796/july07minutes.pdf,2007-07-01,False
West Islip Union Free School District,NCES-3630690,,general_construction,3_funding,False,,bond,Capital projects require 26-week state approval process to maximize state aid.,It would take 26 weeks for state approval process for the capital projects' architect.,https://files.smartsites.parentsquare.com/6796/jan08mins.pdf,2008-01-01,False
Western Suffolk Boces,NCES-3680860,,maintenance_services,3_funding,False,,operating budget,Kitchen equipment maintenance services and repairs for 2026-27.,Kitchen Equipment Maintenance Services & Repairs 25/26-42IE3AN,https://www.wsboces.org/wp-content/uploads/Agenda-May-12-26-FULL.pdf,,
Western Suffolk Boces,NCES-3680860,,electrical_lighting,3_funding,False,,operating budget,Cost of labor for electrical work.,Cost of Labor -Electrical 25/26-55IE2CP,https://www.wsboces.org/wp-content/uploads/Agenda-May-12-26-FULL.pdf,,
Western Suffolk Boces,NCES-3680860,Administration,roofing,3_funding,True,,capital,Roof top unit replacement at Administration building.,Roof Top Unit Replacement at Administration,https://www.wsboces.org/wp-content/uploads/Minutes-May-13-2025-final.pdf,,
Western Suffolk Boces,NCES-3680860,WT Northport,site_athletics,3_funding,True,,capital,Pave parking area,Paving at WT Northport,https://www.wsboces.org/wp-content/uploads/Minutes-May-10-2022-FINAL.pdf,,
Western Suffolk Boces,NCES-3680860,,maintenance_services,3_funding,True,,operating budget,"Janitorial and sanitation supplies, equipment, and related services through Omnia Partners contract.","OMNIA Partners Contract #240240-1 Janitorial and Sanitation Supplies, Equipment and Related Services",https://www.wsboces.org/wp-content/uploads/Minutes-April-14-2026-FINAL.pdf,,
Western Suffolk Boces,NCES-3680860,M&O Facility,electrical_lighting,3_funding,True,,capital,Replace interior lighting,Interior Lighting at M&O,https://www.wsboces.org/wp-content/uploads/Minutes-May-10-2022-FINAL.pdf,,
Western Suffolk Boces,NCES-3680860,,site_athletics,3_funding,True,,operating_budget,Participation in grounds keeping equipment bid through Town of Brookhaven cooperative purchasing.,"participate in Town of Brookhaven Bid for Grounds Keeping Equipment Contract # 20220021, Bid #22033",https://www.wsboces.org/wp-content/uploads/Minutes-March-10-2026-Final.pdf,,
Western Suffolk Boces,NCES-3680860,WT Dix Hills,roofing,3_funding,True,,capital,Replace roof,Roof Replacement at WT Dix Hills,https://www.wsboces.org/wp-content/uploads/Minutes-May-10-2022-FINAL.pdf,,
Western Suffolk Boces,NCES-3680860,,maintenance_services,3_funding,True,,unknown,Participation in cooperative bid program for skilled trades and maintenance services.,"Resolution to Participate in NY/Island Cooperative Bid Program for Time & Material Covering Skilled Trades, Maintenance Services",https://www.wsboces.org/wp-content/uploads/revised-december-9-2025.pdf,,
Western Suffolk Boces,NCES-3680860,WT Dix Hills,envelope_windows,3_funding,True,,capital,Replace windows,Window Replacement at WT Dix Hills,https://www.wsboces.org/wp-content/uploads/Minutes-May-10-2022-FINAL.pdf,,
Western Suffolk Boces,NCES-3680860,Multiple facilities,maintenance_services,3_funding,True,,operating budget,"Cooperative purchasing group for skilled trades, maintenance services, athletic reconditioning, and ancillary school-based services.","NY/Island Cooperative Bid Program for Time & Material Covering Skilled Trades, Maintenance Services, Athletic Reconditioning",https://www.wsboces.org/wp-content/uploads/Minutes-Nov-12-2025-final.pdf,,
Western Suffolk Boces,NCES-3680860,,general_construction,3_funding,True,,unknown,"Participation in Town of Huntington general construction requirements contract for materials, equipment, and supplies.",participate in Town of Huntington Bid for General Construction Requirements Contract #ES 2022-04/O-E,https://www.wsboces.org/wp-content/uploads/Minutes-August-26-2025-final-for-Sept.pdf,,
Western Suffolk Boces,NCES-3680860,Wilson Tech Dix Hills,electrical_lighting,3_funding,True,,unknown,Underground placement of existing power lines to increase power reliability at Wilson Tech Dix Hills campus.,increase our power reliability at Wilson Tech Dix Hills by placing existing lines underground,https://www.wsboces.org/wp-content/uploads/Minutes-August-26-2025-final-for-Sept.pdf,,
Western Suffolk Boces,NCES-3680860,,"general_construction, maintenance_services",3_funding,False,,operating budget,Advance authorization for purchase orders for equipment and supplies including HVAC,authorized to issue purchase orders for non-controversial bid items,https://www.wsboces.org/wp-content/uploads/Minutes-June-10-2025-final.pdf,,
Western Suffolk Boces,NCES-3680860,WT Northport,roofing,3_funding,True,,capital,Roof replacement at WT Northport.,Roof Replacement at WT Northport,https://www.wsboces.org/wp-content/uploads/Minutes-May-13-2025-final.pdf,,
Western Suffolk Boces,NCES-3680860,WT Dix Hills,envelope_windows,3_funding,True,,capital,Window replacement at WT Dix Hills.,Window Replacement at WT Dix Hills,https://www.wsboces.org/wp-content/uploads/Minutes-May-13-2025-final.pdf,,
Western Suffolk Boces,NCES-3680860,WT Huntington,electrical_lighting,3_funding,True,,capital,Replace electric panel at WT Huntington.,Replace Electric Panel at WT Huntington,https://www.wsboces.org/wp-content/uploads/Minutes-May-13-2025-final.pdf,,
Western Suffolk Boces,NCES-3680860,WT Northport,electrical_lighting,3_funding,True,,capital,Replace PA system at WT Northport.,Replace PA System at WT Northport,https://www.wsboces.org/wp-content/uploads/Minutes-May-13-2025-final.pdf,,
Western Suffolk Boces,NCES-3680860,WT Dix Hills,electrical_lighting,3_funding,True,,capital,Replace PA system at WT Dix Hills.,Replace PA System at WT Dix Hills,https://www.wsboces.org/wp-content/uploads/Minutes-May-13-2025-final.pdf,,
Western Suffolk Boces,NCES-3680860,JEA Melville,electrical_lighting,3_funding,True,,capital,Replace PA system at JEA Melville.,Replace PA System at JEA Melville,https://www.wsboces.org/wp-content/uploads/Minutes-May-13-2025-final.pdf,,
Western Suffolk Boces,NCES-3680860,District Wide,life_safety_security,3_funding,True,,capital,Fire alarm system upgrades across the district.,Fire Alarm System Upgrades District Wide,https://www.wsboces.org/wp-content/uploads/Minutes-May-13-2025-final.pdf,,
Western Suffolk Boces,NCES-3680860,WT Dix Hills,site_athletics,3_funding,True,,capital,Asphalt replacement at WT Dix Hills.,Asphalt Replacement at WT Dix Hills,https://www.wsboces.org/wp-content/uploads/Minutes-May-13-2025-final.pdf,,
Western Suffolk Boces,NCES-3680860,WT Northport,site_athletics,3_funding,True,,capital,Asphalt replacement at WT Northport.,Asphalt Replacement at WT Northport,https://www.wsboces.org/wp-content/uploads/Minutes-May-13-2025-final.pdf,,
Western Suffolk Boces,NCES-3680860,Caleb Smith OLL,general_construction,3_funding,True,,capital,Renovations at Caleb Smith OLL.,Renovations at Caleb Smith OLL,https://www.wsboces.org/wp-content/uploads/Minutes-May-13-2025-final.pdf,,
Western Suffolk Boces,NCES-3680860,District Wide,general_construction,3_funding,True,,capital,Miscellaneous construction alterations across the district.,Miscellaneous construction district wide (Alterations),https://www.wsboces.org/wp-content/uploads/Minutes-May-13-2025-final.pdf,,
Western Suffolk Boces,NCES-3680860,Western Suffolk BOCES (Bay Shore Union Free School District),general_construction,3_funding,False,,unknown,"General building maintenance involving new construction, reconstruction, and demolition services.","General Building Maintenance Involving New Construction, Reconstruction, and Demolition Services",https://www.wsboces.org/wp-content/uploads/Agenda-March-11-2025-FULL.pdf,,
Western Suffolk Boces,NCES-3680860,Southampton UFSD,interiors,3_funding,True,,unknown,"Door, door hardware and door installation services.","Door, Door Hardware and Door Installation Services",https://www.wsboces.org/wp-content/uploads/Agenda-March-11-2025-FULL.pdf,,
Western Suffolk Boces,NCES-3680860,Western Suffolk BOCES campuses,envelope_windows,3_funding,True,,capital reserve,Window replacements at BOCES facilities.,Proposed capital projects in the 2025-26 proposed budget include window replacements,https://www.wsboces.org/wp-content/uploads/Agenda-March-11-2025-FULL.pdf,,
Western Suffolk Boces,NCES-3680860,Western Suffolk BOCES campuses,"electrical_lighting, life_safety_security",3_funding,True,,capital reserve,Upgrading electrical panels and fire alarm systems.,upgrading electrical panels and fire alarms,https://www.wsboces.org/wp-content/uploads/Agenda-March-11-2025-FULL.pdf,,
Western Suffolk Boces,NCES-3680860,Western Suffolk BOCES campuses,hvac_mechanical,3_funding,True,,capital reserve,Work on rooftop HVAC units.,work on rooftop HVAC units,https://www.wsboces.org/wp-content/uploads/Agenda-March-11-2025-FULL.pdf,,
Western Suffolk Boces,NCES-3680860,Western Suffolk BOCES campuses,site_athletics,3_funding,True,,capital reserve,Paving projects at two BOCES campuses.,paving projects at two campuses,https://www.wsboces.org/wp-content/uploads/Agenda-March-11-2025-FULL.pdf,,
Western Suffolk Boces,NCES-3680860,Western Suffolk BOCES outdoor learning site,interiors,3_funding,True,,capital reserve,Renovations at an outdoor learning site.,renovations at an outdoor learning site,https://www.wsboces.org/wp-content/uploads/Agenda-March-11-2025-FULL.pdf,,
Western Suffolk Boces,NCES-3680860,Western Suffolk BOCES campuses,"envelope_windows, electrical_lighting, roofing, hvac_mechanical, site_athletics, interiors",3_funding,True,,operating budget,"Multiple capital projects including window replacements, electrical panels, fire alarms, rooftop HVAC units, paving at two campuses, and outdoor learning site renovations.","Proposed capital projects in the 2025-26 proposed budget include window replacements, upgrading electrical panels and fire alarms, work on rooftop HVAC units, paving projects at two campuses and renovations at an outdoor learning site.",https://www.wsboces.org/wp-content/uploads/Agenda-March-11-2025-FULL.pdf,,
Western Suffolk Boces,NCES-3680860,Western Suffolk BOCES,roofing,3_funding,True,,unknown,"Roofing supplies, services, waterproofing, and related products for maintenance and repair.","participate in Omnia Partners Contract #PW1925 Roofing Supplies and Services, Waterproofing",https://www.wsboces.org/wp-content/uploads/Agenda-March-11-2025-FULL.pdf,,
Western Suffolk Boces,NCES-3680860,Western Suffolk BOCES,envelope_windows,3_funding,True,,unknown,Window treatment installation and repair services.,participate in East Islip UFSD Bid for Window Treatment Installation & Repair,https://www.wsboces.org/wp-content/uploads/Agenda-March-11-2025-FULL.pdf,,
Western Suffolk Boces,NCES-3680860,,roofing,3_funding,True,,operating budget,"Authorization to participate in Omnia Partners contract for roofing supplies, services, waterproofing and related products.","Authorization to Participate in Omnia Partners for Roofing Supplies and Services, Waterproofing and Related Products",https://www.wsboces.org/wp-content/uploads/Minutes-March-11-2025-FINAL.pdf,,
Western Suffolk Boces,NCES-3680860,,general_construction,3_funding,True,,operating budget,Joint municipal cooperative bidding program authorization with Eastern Suffolk BOCES for various services and equipment items.,Authorization for Joint Municipal Cooperative Bidding Program with Eastern Suffolk BOCES Resolution,https://www.wsboces.org/wp-content/uploads/Minutes-March-11-2025-FINAL.pdf,,
Western Suffolk Boces,NCES-3680860,Western Suffolk BOCES,interiors,3_funding,True,,operating budget,"Door, door hardware and door installation services across participating sites.","Western Suffolk BOCES is authorized to participate in Southampton UFSD SPS22-010 Door, Door Hardware and Door Installation Services",https://www.wsboces.org/wp-content/uploads/Minutes-Feb-11-2025-final.pdf,,
Western Suffolk Boces,NCES-3680860,Smithtown Central District,plumbing,3_funding,False,,unknown,"Underground water distribution system installation, maintenance and repair through shared bid participation.",Resolution to Participate in Smithtown Central District Bid for Underground Water Distribution System,https://www.wsboces.org/wp-content/uploads/Agenda-Jan-14-2025-FULL.pdf,,
Western Suffolk Boces,NCES-3680860,Western Suffolk BOCES (multiple sites),plumbing,3_funding,True,,operating budget,"Underground water distribution system installation, maintenance and repair services through cooperative purchasing.","participate in Smithtown Central School District Bid #21/22-14 for underground Water Distribution System – Installation, Maintenance & Repair",https://www.wsboces.org/wp-content/uploads/Agenda-Jan-14-2025-FULL.pdf,,
Western Suffolk Boces,NCES-3680860,Dickinson Avenue Elementary Annex,,3_funding,True,,capital reserve,Capital project update for Dickinson Avenue Elementary Annex.,Dickinson Avenue Elementary Annex Update,https://www.wsboces.org/wp-content/uploads/Minutes-Nov-12-2024-FINAL.pdf,,
Western Suffolk Boces,NCES-3680860,Multiple Western Suffolk BOCES facilities,"general_construction, plumbing, hvac_mechanical, electrical_lighting, roofing, interiors",3_funding,True,,unknown,Job Order Contracting Services and Disaster and Non-Disaster Restoration of Operational Services through Omnia Partners.,participate in Omnia Partners Contract #R200101 Job Order Contracting Services and Contract #R191601 Disaster and Non-Disaster Restoration,https://www.wsboces.org/wp-content/uploads/Agenda-September-10-2024-FULL.pdf,,
Western Suffolk Boces,NCES-3680860,,"general_construction, maintenance_services",3_funding,False,,unknown,Authorization to participate in Omnia Partners Job Order Contracting and Disaster Restoration service contracts.,participate in Omnia Partners Contract Job Order Contracting Services and Disaster and Non-Disaster Restoration,https://www.wsboces.org/wp-content/uploads/Minutes-August-27-2024-final-for-Sept.pdf,,
Western Suffolk Boces,NCES-3680860,JEA Melville,interiors,3_funding,True,,capital,Replace ceiling,Ceiling Replacement at JEA Melville,https://www.wsboces.org/wp-content/uploads/Minutes-May-10-2022-FINAL.pdf,,
Western Suffolk Boces,NCES-3680860,,general_construction,3_funding,True,,capital reserve,"Multiple capital projects including 28 in design phase, 3 at NYSED, 6 in contracting, 10 completed.","28 are in design, three are at NYSED and six are in contracting process, ten projects have been completed.",https://www.wsboces.org/wp-content/uploads/Minutes-July-9-2024-FINAL.pdf,,
Western Suffolk Boces,NCES-3680860,Administration,hvac_mechanical,3_funding,True,,unknown,Roof top unit replacement at Administration building.,Roof Top Unit Replacement at Administration,https://www.wsboces.org/wp-content/uploads/Minutes-May-14-2024-final.pdf,,
Western Suffolk Boces,NCES-3680860,Taukomas,hvac_mechanical,3_funding,True,,unknown,Roof top unit replacement at Taukomas facility.,Roof Top Unit Replacement at Taukomas,https://www.wsboces.org/wp-content/uploads/Minutes-May-14-2024-final.pdf,,
Western Suffolk Boces,NCES-3680860,WT Dix Hills,hvac_mechanical,3_funding,True,,unknown,Roof top unit replacement at WT Dix Hills facility.,Roof Top Unit Replacement at WT Dix Hills,https://www.wsboces.org/wp-content/uploads/Minutes-May-14-2024-final.pdf,,
Western Suffolk Boces,NCES-3680860,WT Dix Hills,envelope_windows,3_funding,True,,unknown,Window replacement at WT Dix Hills facility.,Window Replacement at WT Dix Hills,https://www.wsboces.org/wp-content/uploads/Minutes-May-14-2024-final.pdf,,
Western Suffolk Boces,NCES-3680860,WT Republic,roofing,3_funding,True,,unknown,Roof replacement at WT Republic facility.,Roof Replacement at WT Republic,https://www.wsboces.org/wp-content/uploads/Minutes-May-14-2024-final.pdf,,
Western Suffolk Boces,NCES-3680860,District Wide,life_safety_security,3_funding,True,,unknown,Fire alarm system upgrades across the district.,Fire Alarm System Upgrades District Wide,https://www.wsboces.org/wp-content/uploads/Minutes-May-14-2024-final.pdf,,
Western Suffolk Boces,NCES-3680860,Chestnut Hill,interiors,3_funding,True,,unknown,Kitchen renovation at Chestnut Hill facility.,Kitchen Renovation at Chestnut Hill,https://www.wsboces.org/wp-content/uploads/Minutes-May-14-2024-final.pdf,,
Western Suffolk Boces,NCES-3680860,WT Northport,site_athletics,3_funding,True,,unknown,Asphalt replacement at WT Northport facility.,Asphalt Replacement at WT Northport,https://www.wsboces.org/wp-content/uploads/Minutes-May-14-2024-final.pdf,,
Western Suffolk Boces,NCES-3680860,Caleb Smith OLL,general_construction,3_funding,True,,unknown,Renovations at Caleb Smith OLL facility.,Renovations at Caleb Smith OLL,https://www.wsboces.org/wp-content/uploads/Minutes-May-14-2024-final.pdf,,
Western Suffolk Boces,NCES-3680860,District Wide,general_construction,3_funding,True,,unknown,Miscellaneous construction and alterations across multiple district facilities.,Miscellaneous construction district wide (Alterations),https://www.wsboces.org/wp-content/uploads/Minutes-May-14-2024-final.pdf,,
Western Suffolk Boces,NCES-3680860,Western Suffolk BOCES,electrical_lighting,3_funding,True,,operating budget,"Purchase audio visual equipment, stage curtains, lighting and sound systems through BuyBoard contracts.","Resolution to Participate in BuyBoard Contracts for Audio Visual Equipment and Supplies, Stage and Theater Curtains, Lighting, Sound Systems",https://www.wsboces.org/wp-content/uploads/Minutes-April-9-2024-FINAL.pdf,,
Western Suffolk Boces,NCES-3680860,,roofing,3_funding,True,,unknown,"Authorization to participate in Omnia Partners contract for roofing supplies, services, waterproofing and related products.","participate in Omnia Partners Contract #PW1925 Roofing Supplies and Services, Waterproofing, and Related Products and Services",https://www.wsboces.org/wp-content/uploads/Minutes-March-13-2024-FINAL.pdf,,
Western Suffolk Boces,NCES-3680860,,plumbing,3_funding,True,,operating budget,"Plumbing fixtures, parts and supplies for maintenance and repair across district facilities.","participate in Locust Valley Central School District Contract for Plumbing Fixtures, Parts and Supplies Bid",https://www.wsboces.org/wp-content/uploads/Minutes-December-12-2023-FINAL.pdf,,
Western Suffolk Boces,NCES-3680860,,general_construction,3_funding,True,,operating budget,General construction requirements contract for district facilities.,participate in Town of Huntington Bid for General Construction Requirements Contract #ES 2022-04/O-E,https://www.wsboces.org/wp-content/uploads/Minutes-December-12-2023-FINAL.pdf,,
Western Suffolk Boces,NCES-3680860,,maintenance_services,3_funding,True,,unknown,"Authority to participate in Omnia Partners contract for maintenance, repair and operations supplies and equipment.","Authorization to Participate in Omnia Partners Maintenance, Repair and Operations (MRO) Supplies & Equipment Services",https://www.wsboces.org/wp-content/uploads/Agenda-Nov-23-FULL.pdf,,
Western Suffolk Boces,NCES-3680860,,interiors,3_funding,True,,unknown,"Authority to participate in Southampton UFSD contract for door, door hardware and door installation services.","Authorization to Participate in Southampton UFSD SPS22-010 Door, Door Hardware and Door Installation",https://www.wsboces.org/wp-content/uploads/Agenda-Nov-23-FULL.pdf,,
Western Suffolk Boces,NCES-3680860,District Wide,electrical_lighting,3_funding,True,,unknown,Installation of indoor air quality sensors throughout the district.,Indoor Air Quality Sensor Installation District Wide,https://www.wsboces.org/wp-content/uploads/Agenda-Nov-23-FULL.pdf,,
Western Suffolk Boces,NCES-3680860,District Wide,electrical_lighting,3_funding,True,,capital,Installation of indoor air quality sensors throughout the district.,Indoor Air Quality Sensor Installation District Wide,https://www.wsboces.org/wp-content/uploads/Minutes-Nov-14-2023-final.pdf,,
Western Suffolk Boces,NCES-3680860,Western Suffolk BOCES,maintenance_services,3_funding,True,,operating budget,Participation in statewide MRO supplies and equipment services contract.,"participate in Omnia Partners Contract #R192008 Maintenance, Repair & Operations (MRO) Supplies & Equipment Services",https://www.wsboces.org/wp-content/uploads/MInutes-October-10-2023-Final.pdf,,
Western Suffolk Boces,NCES-3680860,,site_athletics,3_funding,False,,unknown,Tree pruning and removal services through Suffolk County Water Authority contract.,Resolution to Participate in Suffolk County Water Authority Contract for Tree Pruning and Removal,https://www.wsboces.org/wp-content/uploads/Revised-Agenda-Sept-12-23.pdf,,
Western Suffolk Boces,NCES-3680860,,site_athletics,3_funding,False,,unknown,Grounds-keeping equipment through Town of Brookhaven contract participation.,Resolution to Participate in Town of Brookhaven Contract for Grounds-Keeping Equipment,https://www.wsboces.org/wp-content/uploads/Revised-Agenda-Sept-12-23.pdf,,
Western Suffolk Boces,NCES-3680860,,hvac_mechanical,3_funding,False,,unknown,"Repairs of HVAC motors, pumps, fans, blowers and compressors through Nassau Community College contract.","Resolution to Participate in Nassau Community College Contract for Repairs of HVAC Motors, Pumps, Fans, Blowers and Compressors",https://www.wsboces.org/wp-content/uploads/Revised-Agenda-Sept-12-23.pdf,,
Western Suffolk Boces,NCES-3680860,,general_construction,3_funding,False,,unknown,Job order contracting services through Omnia Partners contract participation.,Resolution to Participate in Omnia Partners Contract for Job Order Contracting Services,https://www.wsboces.org/wp-content/uploads/Revised-Agenda-Sept-12-23.pdf,,
Western Suffolk Boces,NCES-3680860,,interiors,3_funding,False,,unknown,"Stage curtains and rigging inspection, cleaning and repairs through Southampton UFSD contract.","Resolution to Participate in Southampton U.F.S.D Contract for Stage Curtains/Rigging Inspection, Cleaning & Repairs",https://www.wsboces.org/wp-content/uploads/Revised-Agenda-Sept-12-23.pdf,,
Western Suffolk Boces,NCES-3680860,Western Suffolk BOCES,hvac_mechanical,3_funding,True,,unknown,"Repairs of HVAC motors, pumps, fans, blowers and compressors through Nassau Community College contract.","Resolution to Participate in Nassau Community College Contract for Repairs of HVAC Motors, Pumps, Fans, Blowers and Compressors",https://www.wsboces.org/wp-content/uploads/Minutes-Sept-12-2023-FINAL.pdf,,
Western Suffolk Boces,NCES-3680860,Western Suffolk BOCES,"general_construction, maintenance_services",3_funding,True,,unknown,Job Order Contracting Services for facility maintenance and repairs.,Board voted unanimously for Resolution to Participate in Omnia Partners Contract for Job Order Contracting Services,https://www.wsboces.org/wp-content/uploads/Minutes-Sept-12-2023-FINAL.pdf,,
Western Suffolk Boces,NCES-3680860,Western Suffolk BOCES,"interiors, life_safety_security",3_funding,True,,unknown,"Stage curtains and rigging inspection, cleaning and repairs.","Board voted unanimously for Resolution to Participate in Southampton U.F.S.D. SPS23-003 Stage Curtains/Rigging Inspection, Cleaning & Repairs",https://www.wsboces.org/wp-content/uploads/Minutes-Sept-12-2023-FINAL.pdf,,
Western Suffolk Boces,NCES-3680860,Chestnut Hill school (Half Hollow Hills),general_construction,3_funding,False,,operating budget,Lease of portion of school building to accommodate significant increase in special education enrollment.,significant increase in special education enrollment for 2023/2024 school year and beyond,https://www.wsboces.org/wp-content/uploads/Minutes-June-13-2023-final-revised.pdf,,
Western Suffolk Boces,NCES-3680860,,site_athletics,3_funding,True,,unknown,Participate in Town of Islip cooperative contract for playground and play equipment.,Resolution to Participate in Town of Islip Contract for Playground/Play Equipment & Site Amenities,https://www.wsboces.org/wp-content/uploads/Revised-Agenda-May-9-2023.pdf,,
Western Suffolk Boces,NCES-3680860,,site_athletics,3_funding,True,,unknown,"Participate in Amityville UFSD cooperative bid for tree maintenance, pruning and removal services.",Resolution to Participate in Amityville Union Free School District Cooperative Bid for Tree Maintenance,https://www.wsboces.org/wp-content/uploads/Revised-Agenda-May-9-2023.pdf,,
Western Suffolk Boces,NCES-3680860,,interiors,3_funding,True,,unknown,Participate in Nassau BOCES contract for exterior and interior doors and installation.,Resolution to Participate in Nassau BOCES Contract for Exterior & Interior Doors & Installation,https://www.wsboces.org/wp-content/uploads/Revised-Agenda-May-9-2023.pdf,,
Western Suffolk Boces,NCES-3680860,,hvac_mechanical,3_funding,True,,unknown,"Participate in Omnia Partners contract for HVAC equipment, installation, service and related products.","Resolution to Participate in Omnia Partners Contract for HVAC Equipment, Installation, Service",https://www.wsboces.org/wp-content/uploads/Revised-Agenda-May-9-2023.pdf,,
Western Suffolk Boces,NCES-3680860,,site_athletics,3_funding,True,,capital reserve,Participate in Town of Islip contract for playground and play equipment.,participate in Town of Islip Contract for Playground/Play Equipment & Site Amenities,https://www.wsboces.org/wp-content/uploads/Minutes-May-9-2023-FINAL.pdf,,
Western Suffolk Boces,NCES-3680860,WT Dix Hills,roofing,3_funding,True,,unknown,Roof top unit replacement at WT Dix Hills.,Roof Top Unit Replacement at WT Dix Hills,https://www.wsboces.org/wp-content/uploads/Minutes-May-9-2023-FINAL.pdf,,
Western Suffolk Boces,NCES-3680860,WT Dix Hills,envelope_windows,3_funding,True,,unknown,Window replacement at WT Dix Hills.,Window Replacement at WT Dix Hills,https://www.wsboces.org/wp-content/uploads/Minutes-May-9-2023-FINAL.pdf,,
Western Suffolk Boces,NCES-3680860,JEA Dix Hills,roofing,3_funding,True,,unknown,Roof replacement at JEA Dix Hills.,Roof Replacement at JEA Dix Hills,https://www.wsboces.org/wp-content/uploads/Minutes-May-9-2023-FINAL.pdf,,
Western Suffolk Boces,NCES-3680860,WT Northport,hvac_mechanical,3_funding,True,,unknown,A/C systems replacement at WT Northport.,A/C Systems Replacement at WT Northport,https://www.wsboces.org/wp-content/uploads/Minutes-May-9-2023-FINAL.pdf,,
Western Suffolk Boces,NCES-3680860,JEA Melville,hvac_mechanical,3_funding,True,,unknown,A/C systems replacement at JEA Melville.,A/C Systems Replacement at JEA Melville,https://www.wsboces.org/wp-content/uploads/Minutes-May-9-2023-FINAL.pdf,,
Western Suffolk Boces,NCES-3680860,District-wide (Multiple locations),general_construction,3_funding,True,,unknown,Miscellaneous construction district wide alterations at multiple facilities.,Miscellaneous construction district wide (Alterations),https://www.wsboces.org/wp-content/uploads/Minutes-May-9-2023-FINAL.pdf,,
Western Suffolk Boces,NCES-3680860,,roofing,3_funding,False,,operating budget,"Roofing supplies, services, waterproofing and related products through cooperative contract.","Omnia Partners Contract #PW1925 Roofing Supplies and Services, Waterproofing, and Related Products",https://www.wsboces.org/wp-content/uploads/Agenda-April-13-2023-FULL.pdf,,
Western Suffolk Boces,NCES-3680860,Deer Park school and Half Hollow Hills school,general_construction,3_funding,False,,operating budget,Lease additional space for elementary and specialized programs due to increased district referrals.,continued rental cost of additional space in a Deer Park school; lease additional space in Half Hollow Hills,https://www.wsboces.org/wp-content/uploads/Annual-Meeting-April-13-2023-FULL.pdf,,
Western Suffolk Boces,NCES-3680860,"Deer Park school, Half Hollow Hills school",general_construction,3_funding,True,,capital reserve,Lease of additional space in Deer Park school for elementary program and Half Hollow Hills school.,additional space in a Deer Park school for the elementary program and lease additional space in a Half Hollow Hills school,https://www.wsboces.org/wp-content/uploads/Annual-Meeting-April-13-2023-FULL.pdf,,
Western Suffolk Boces,NCES-3680860,Western Suffolk BOCES facilities,hvac_mechanical,3_funding,True,,unknown,"HVAC systems, installation, and service with related products and supplies.","Participate in Sourcewell RFP #070121-CAR for HVAC systems, installation, and service",https://www.wsboces.org/wp-content/uploads/Agenda-March-14-2023-FULL.pdf,,
Western Suffolk Boces,NCES-3680860,"Deer Park school, Half Hollow Hills school",general_construction,3_funding,True,,capital reserve,Lease additional space for elementary and specialized programs.,Western Suffolk BOCES to lease additional space in a Half Hollow Hills school for the 2023-24 school year.,https://www.wsboces.org/wp-content/uploads/Agenda-March-14-2023-FULL.pdf,,
Western Suffolk Boces,NCES-3680860,Western Suffolk BOCES,"roofing, maintenance_services",3_funding,True,,unknown,"Participation in Omnia Partners contract for roofing supplies, services, waterproofing, and related products.","participate in Omnia Partners Contract #PW1925 Roofing Supplies and Services, Waterproofing",https://www.wsboces.org/wp-content/uploads/Agenda-March-14-2023-FULL.pdf,,
Western Suffolk Boces,NCES-3680860,Western Suffolk BOCES,site_athletics,3_funding,True,,unknown,Participation in Sourcewell contract for playground equipment with related products and accessories.,participate in Sourcewell RFP #010521-BUR for playground equipment,https://www.wsboces.org/wp-content/uploads/Agenda-March-14-2023-FULL.pdf,,
Western Suffolk Boces,NCES-3680860,,roofing,3_funding,True,,unknown,"Authorization to participate in Omnia Partners contract for roofing supplies, services, waterproofing and related products.","participate in Omnia Partners Contract #PW1925 Roofing Supplies and Services, Waterproofing",https://www.wsboces.org/wp-content/uploads/Minutes-March-14-2023-FINAL.pdf,,
Western Suffolk Boces,NCES-3680860,,general_construction,3_funding,True,,unknown,Participate in BuyBoard contracts for playground equipment with related products and accessories.,authorized to participate in Sourcewell RFP #010521-BUR for playground equipment,https://www.wsboces.org/wp-content/uploads/Minutes-March-14-2023-FINAL.pdf,,
Western Suffolk Boces,NCES-3680860,,hvac_mechanical,3_funding,True,,unknown,"Participate in Sourcewell contract for HVAC systems, installation, and service with related products and supplies.","Participate in Sourcewell Contract #070121-CAR for HVAC Systems, Installation, and Service",https://www.wsboces.org/wp-content/uploads/Minutes-Feb-14-2023-FINAL.pdf,,
Western Suffolk Boces,NCES-3680860,,plumbing,3_funding,False,,unknown,"Participate in cooperative bid for plumbing fixture, parts and supplies.","Resolution to participate in Locust Valley Central School District Contract for Plumbing Fixture, Parts and Supplies Bid",https://www.wsboces.org/wp-content/uploads/REVISED-AGENDA-Dec-13-2022-FULL.pdf,,
Western Suffolk Boces,NCES-3680860,Southampton U.F.S.D.,interiors,3_funding,True,,operating budget,"Door, door hardware and door installation services.","participate in Southampton U.F.S.D. SPS22-010 Door, Door Hardware and Door Installation Services",https://www.wsboces.org/wp-content/uploads/MInutes-October-11-2022-FINAL.pdf,,
Western Suffolk Boces,NCES-3680860,,general_construction,3_funding,True,,unknown,Participate in Town of Huntington bid for general construction requirements.,Resolution to participate in Town of Huntington Bid for General Construction Requirements Contract #ES 2022-04/O-E,https://www.wsboces.org/wp-content/uploads/REVISED-AGENDA-Dec-13-2022-FULL.pdf,,
Western Suffolk Boces,NCES-3680860,Western Suffolk BOCES,general_construction,3_funding,True,,operating budget,General construction requirements contract participation through Town of Huntington cooperative bid.,participate in Town of Huntington Bid for General Construction Requirements Contract #ES 2022-04/O-E,https://www.wsboces.org/wp-content/uploads/Minutes-December-13-2022-FINAL.pdf,,
Western Suffolk Boces,NCES-3680860,Western Suffolk BOCES,plumbing,3_funding,True,,operating budget,"Plumbing fixture, parts and supplies procurement through Locust Valley Central School District cooperative contract.","participate in Locust Valley Central School District Contract for Plumbing Fixture, Parts and Supplies Bid",https://www.wsboces.org/wp-content/uploads/Minutes-December-13-2022-FINAL.pdf,,
Western Suffolk Boces,NCES-3680860,Western Suffolk BOCES,maintenance_services,3_funding,True,,operating budget,"Authorization to participate in Omnia Partners contract for maintenance, repair and operations supplies and equipment services.","Authorization to Participate in Omnia Partners Maintenance, Repair and Operations (MRO) Supplies & Equipment Services",https://www.wsboces.org/wp-content/uploads/MInutes-October-11-2022-FINAL.pdf,,
Western Suffolk Boces,NCES-3680860,Western Suffolk BOCES,maintenance_services,3_funding,True,,operating budget,MRO supplies and equipment services through Omnia Partners cooperative purchasing contract.,"authorized to participate in Omnia Partners Contract # R192008 Maintenance, Repair & Operations",https://www.wsboces.org/wp-content/uploads/MInutes-October-11-2022-FINAL.pdf,,
Western Suffolk Boces,NCES-3680860,Bay Shore Union Free School District,general_construction,3_funding,True,,operating budget,"General building maintenance involving new construction, reconstruction and demolition services.","Participate in Bay Shore Union Free School District General Building Maintenance Involving New Construction, Reconstruction and Demolition",https://www.wsboces.org/wp-content/uploads/MInutes-October-11-2022-FINAL.pdf,,
Western Suffolk Boces,NCES-3680860,,hvac_mechanical,3_funding,True,,unknown,Participate in contract for automatic temperature control service and repair.,Board voted unanimously for approval to Participate in Three Village Central School District Bid #B20-003,https://www.wsboces.org/wp-content/uploads/Agenda-Sept-13-2022-FULL-1.pdf,,
Western Suffolk Boces,NCES-3680860,,hvac_mechanical,3_funding,True,,unknown,"Participate in Nassau Community College contract for repairs of HVAC motors, pumps, fans, blowers and compressors.","Resolution to Participate in Nassau Community College Contract for Repairs of HVAC Motors, Pumps, Fans, Blowers and Compressors",https://www.wsboces.org/wp-content/uploads/Agenda-Sept-13-2022-FULL-1.pdf,,
Western Suffolk Boces,NCES-3680860,,site_athletics,3_funding,True,,unknown,Participate in Suffolk County Water Authority contract for tree pruning and removal.,Resolution to Participate in Suffolk County Water Authority Contract for Tree Pruning and Removal,https://www.wsboces.org/wp-content/uploads/Agenda-Sept-13-2022-FULL-1.pdf,,
Western Suffolk Boces,NCES-3680860,,site_athletics,3_funding,True,,unknown,Participate in Town of Brookhaven contract for grounds-keeping equipment.,Resolution to Participate in Town of Brookhaven Contract for Grounds-Keeping Equipment,https://www.wsboces.org/wp-content/uploads/Agenda-Sept-13-2022-FULL-1.pdf,,
Western Suffolk Boces,NCES-3680860,,general_construction,3_funding,True,,unknown,Participate in Omnia Partners contract for job order contracting services.,Resolution to Participate in Omnia Partners Contract for Job Order Contracting Services,https://www.wsboces.org/wp-content/uploads/Agenda-Sept-13-2022-FULL-1.pdf,,
Western Suffolk Boces,NCES-3680860,Western Suffolk BOCES,site_athletics,3_funding,True,,operating budget,Participation in Suffolk County Water Authority contract for tree pruning and removal services.,authorized to participate in Suffolk County Water Authority Bid #7667 Tree Pruning and Removal,https://www.wsboces.org/wp-content/uploads/Agenda-Sept-13-2022-FULL-1.pdf,,
Western Suffolk Boces,NCES-3680860,Western Suffolk BOCES,maintenance_services,3_funding,True,,operating budget,Participation in Town of Brookhaven contract for grounds-keeping equipment.,authorized to participate in Town of Brookhaven Contract#20220021 Grounds Keeping Equipment,https://www.wsboces.org/wp-content/uploads/Agenda-Sept-13-2022-FULL-1.pdf,,
Western Suffolk Boces,NCES-3680860,Western Suffolk BOCES,hvac_mechanical,3_funding,True,,operating budget,"Participation in Nassau Community College contract for repairs of HVAC motors, pumps, fans, blowers and compressors.","authorized to participate in Nassau Community College Bid #PA190037, Repairs of HVAC Motors, Pumps, Fans, Blowers and Compressors",https://www.wsboces.org/wp-content/uploads/Agenda-Sept-13-2022-FULL-1.pdf,,
Western Suffolk Boces,NCES-3680860,Western Suffolk BOCES,general_construction,3_funding,True,,operating budget,Participation in Omnia Partners contract for job order contracting services.,authorized to participate in Omnia Partners Contract #R200101 Job Order Contracting Services,https://www.wsboces.org/wp-content/uploads/Agenda-Sept-13-2022-FULL-1.pdf,,
Western Suffolk Boces,NCES-3680860,Western Suffolk BOCES,site_athletics,3_funding,True,,operating budget,Participate in Suffolk County Water Authority contract for tree pruning and removal services.,authorized to participate in Suffolk County Water Authority Bid #7667 Tree Pruning and Removal,https://www.wsboces.org/wp-content/uploads/Minutes-Sept-13-2022-FINAL.pdf,,
Western Suffolk Boces,NCES-3680860,Western Suffolk BOCES,site_athletics,3_funding,True,,operating budget,Participate in Town of Brookhaven contract for grounds keeping equipment.,authorized to participate in Town of Brookhaven Contract #20220021 Grounds Keeping Equipment,https://www.wsboces.org/wp-content/uploads/Minutes-Sept-13-2022-FINAL.pdf,,
Western Suffolk Boces,NCES-3680860,Western Suffolk BOCES,hvac_mechanical,3_funding,True,,operating budget,"Participate in Nassau Community College contract for repairs of HVAC motors, pumps, fans, blowers and compressors.",authorized to participate in Nassau Community College Bid #PA190037 Repairs of HVAC Motors,https://www.wsboces.org/wp-content/uploads/Minutes-Sept-13-2022-FINAL.pdf,,
Western Suffolk Boces,NCES-3680860,Western Suffolk BOCES,general_construction,3_funding,True,,operating budget,Participate in Omnia Partners contract for job order contracting services.,authorized to participate in Omnia Partners Contract #R200101 Job Order Contracting Services,https://www.wsboces.org/wp-content/uploads/Minutes-Sept-13-2022-FINAL.pdf,,
Western Suffolk Boces,NCES-3680860,,hvac_mechanical,3_funding,True,,unknown,Participate in Three Village Central School District bid for automatic temperature control service and repair.,Resolution to Participate in Three Village Central School District Bid #B20-003 for: Automatic Temperature Control Service & Repair,https://www.wsboces.org/wp-content/uploads/Agenda-Aug-9-2022-REVISED-full.pdf,,
Western Suffolk Boces,NCES-3680860,,hvac_mechanical,3_funding,True,,unknown,Participate in Byram Hills School District HVAC on-call annual service bid.,Resolution to Participate in Byram Hills School District HVAC On-Call Annual Service Bid#21/22-02,https://www.wsboces.org/wp-content/uploads/Agenda-Aug-9-2022-REVISED-full.pdf,,
Western Suffolk Boces,NCES-3680860,,hvac_mechanical,3_funding,True,,operating budget,"Repairs of HVAC motors, pumps, fans, blowers and compressors through Nassau Community College cooperative contract.","Resolution to Participate in Nassau Community College for: Repairs of HVAC Motors, Pumps, Fans, Blowers and Compressors",https://www.wsboces.org/wp-content/uploads/Agenda-July-12-2022-full.pdf,,
Western Suffolk Boces,NCES-3680860,,"hvac_mechanical, electrical_lighting, general_construction",3_funding,False,,operating budget,"Advance issuance of purchase orders for HVAC equipment and supplies, electrical equipment, custodial equipment, and building materials.",Director of Business be authorized to issue purchase orders for non-controversial bid items in the categories listed below prior to the formal award,https://www.wsboces.org/wp-content/uploads/Agenda-July-12-2022-full.pdf,,
Western Suffolk Boces,NCES-3680860,,hvac_mechanical,3_funding,False,,unknown,"Participate in Nassau Community College cooperative contract for repairs of HVAC motors, pumps, fans, blowers and compressors.","Resolution to Participate in Nassau Community College for: Repairs of HVAC Motors, Pumps, Fans, Blowers and Compressors",https://www.wsboces.org/wp-content/uploads/REVISED-Agenda-June-14-2022.pdf,,
Western Suffolk Boces,NCES-3680860,,hvac_mechanical,3_funding,True,,operating budget,"Repairs of HVAC motors, pumps, fans, blowers and compressors through Nassau Community College cooperative contract.","Resolution to Participate in Nassau Community College for: Repairs of HVAC Motors, Pumps, Fans, Blowers and Compressors",https://www.wsboces.org/wp-content/uploads/Minutes-June-14-2022-final.pdf,,
Western Suffolk Boces,NCES-3680860,WT Dix Hills,electrical_lighting,3_funding,True,,capital,Replace electrical distribution panel,Electrical Distribution Panel Replacement at WT Dix Hills,https://www.wsboces.org/wp-content/uploads/Minutes-May-10-2022-FINAL.pdf,,
Western Suffolk Boces,NCES-3680860,JEA Dix Hills,electrical_lighting,3_funding,True,,capital,Replace electrical distribution panel,Electrical Distribution Panel Replacement at JEA Dix Hills,https://www.wsboces.org/wp-content/uploads/Minutes-May-10-2022-FINAL.pdf,,
Western Suffolk Boces,NCES-3680860,Central Administration,hvac_mechanical,3_funding,True,,capital,Install generator,Generator at Central Administration,https://www.wsboces.org/wp-content/uploads/Minutes-May-10-2022-FINAL.pdf,,
Western Suffolk Boces,NCES-3680860,JEA Dix Hills,electrical_lighting,3_funding,True,,capital,Install parking field lighting,Parking Field Lighting at JEA Dix Hills,https://www.wsboces.org/wp-content/uploads/Minutes-May-10-2022-FINAL.pdf,,
Western Suffolk Boces,NCES-3680860,JEA Melville,electrical_lighting,3_funding,True,,capital,Install parking field lighting,Parking Field Lighting at JEA Melville,https://www.wsboces.org/wp-content/uploads/Minutes-May-10-2022-FINAL.pdf,,
Western Suffolk Boces,NCES-3680860,WT Dix Hills,electrical_lighting,3_funding,True,,capital,Install parking field lighting,Parking Field Lighting at WT Dix Hills,https://www.wsboces.org/wp-content/uploads/Minutes-May-10-2022-FINAL.pdf,,
Western Suffolk Boces,NCES-3680860,JEA Dix Hills,electrical_lighting,3_funding,True,,capital,Replace electrical switch,Electrical Switch at JEA Dix Hills,https://www.wsboces.org/wp-content/uploads/Minutes-May-10-2022-FINAL.pdf,,
Western Suffolk Boces,NCES-3680860,Taukomas,electrical_lighting,3_funding,True,,capital,Replace electrical switch,Electrical Switch at Taukomas,https://www.wsboces.org/wp-content/uploads/Minutes-May-10-2022-FINAL.pdf,,
Western Suffolk Boces,NCES-3680860,WT Dix Hills,hvac_mechanical,3_funding,True,,capital,Replace roof top unit,Roof Top Unit Replacement at WT Dix Hills,https://www.wsboces.org/wp-content/uploads/Minutes-May-10-2022-FINAL.pdf,,
Western Suffolk Boces,NCES-3680860,WT Republic,hvac_mechanical,3_funding,True,,capital,Replace roof top unit,Roof Top Unit Replacement at WT Republic,https://www.wsboces.org/wp-content/uploads/Minutes-May-10-2022-FINAL.pdf,,
Western Suffolk Boces,NCES-3680860,Taukomas,hvac_mechanical,3_funding,True,,capital,Replace roof top unit,Roof Top Unit Replacement at Taukomas,https://www.wsboces.org/wp-content/uploads/Minutes-May-10-2022-FINAL.pdf,,
Western Suffolk Boces,NCES-3680860,Central Administration,roofing,3_funding,True,,capital,Replace roof,Roof Replacement at Central Administration,https://www.wsboces.org/wp-content/uploads/Minutes-May-10-2022-FINAL.pdf,,
Western Suffolk Boces,NCES-3680860,Central Administration,hvac_mechanical,3_funding,True,,capital,Replace boiler,Boiler Replacement at Central Administration,https://www.wsboces.org/wp-content/uploads/Minutes-May-10-2022-FINAL.pdf,,
Western Suffolk Boces,NCES-3680860,JEA Dix Hills,hvac_mechanical,3_funding,True,,capital,Replace A/C systems,A/C Systems Replacement at JEA Dix Hills,https://www.wsboces.org/wp-content/uploads/Minutes-May-10-2022-FINAL.pdf,,
Western Suffolk Boces,NCES-3680860,JEA Melville,site_athletics,3_funding,True,,capital,Replace concrete curbs and walks,Replace Concrete Curbs/Walks at JEA Melville,https://www.wsboces.org/wp-content/uploads/Minutes-May-10-2022-FINAL.pdf,,
Western Suffolk Boces,NCES-3680860,JEA Dix Hills,interiors,3_funding,True,,capital,Reconstruct interior doors,Interior Door Reconstruction at JEA Dix Hills,https://www.wsboces.org/wp-content/uploads/Minutes-May-10-2022-FINAL.pdf,,
Western Suffolk Boces,NCES-3680860,District-wide,general_construction,3_funding,True,,capital,Miscellaneous construction and alterations across multiple sites,Miscellaneous construction district wide (Alterations),https://www.wsboces.org/wp-content/uploads/Minutes-May-10-2022-FINAL.pdf,,
Western Suffolk Boces,NCES-3680860,,roofing,3_funding,True,,unknown,"Authorization to participate in Omnia Partners contract for roofing supplies, waterproofing, and related services.","authorized to participate in Omnia Partners Contract #PW1925 Roofing Supplies and Services, Waterproofing",https://www.wsboces.org/wp-content/uploads/Agenda-April-12-2022.pdf,,
Western Suffolk Boces,NCES-3680860,Western Suffolk BOCES agency-owned buildings,"hvac_mechanical, interiors, roofing",3_funding,True,,capital reserve,"Improvements to classroom and rooftop HVAC units, flooring replacement and restroom renovations.","capital projects such as improvements to classroom and rooftop HVAC units, flooring replacement and restroom renovations",https://www.wsboces.org/wp-content/uploads/Annual-Meeting-April-12-2022.pdf,,
Western Suffolk Boces,NCES-3680860,Western Suffolk BOCES,hvac_mechanical,3_funding,True,,operating budget,"HVAC systems, installation, and service contract through Sourcewell RFP participation.","participate in Sourcewell RFP #030817-CAR for HVAC systems, installation, and service",https://www.wsboces.org/wp-content/uploads/Agenda-March-8-2022-1.pdf,,
Western Suffolk Boces,NCES-3680860,Western Suffolk BOCES agency-owned buildings,"hvac_mechanical, interiors, roofing",3_funding,True,,capital reserve,"Improvements to classroom and rooftop HVAC units, flooring replacement, and restroom renovations.","capital projects such as improvements to classroom and rooftop HVAC units, flooring replacement and restroom renovations",https://www.wsboces.org/wp-content/uploads/Agenda-March-8-2022-1.pdf,,
Western Suffolk Boces,NCES-3680860,BOCES agency-owned buildings,"hvac_mechanical, interiors",3_funding,True,,capital reserve,"Improvements to classroom and rooftop HVAC units, flooring replacement, and restroom renovations.","capital projects such as improvements to classroom and rooftop HVAC units, flooring replacement and restroom renovations.",https://www.wsboces.org/wp-content/uploads/Agenda-March-8-2022-1.pdf,,
Western Suffolk Boces,NCES-3680860,Western Suffolk BOCES,roofing,3_funding,False,,unknown,"Establish contract for roofing supplies, services, and waterproofing products","participate in Omnia Partners Contract #PW1925 Roofing Supplies and Services, Waterproofing",https://www.wsboces.org/wp-content/uploads/Agenda-March-8-2022-1.pdf,,
Western Suffolk Boces,NCES-3680860,,site_athletics,3_funding,False,,operating_budget,"Purchase athletic, physical education, gymnasium supplies, equipment, and heavy-duty exercise equipment through Buyboard contract.","Western Suffolk BOCES is authorized to participate in Buyboard, Contract #583-19",https://www.wsboces.org/wp-content/uploads/Agenda-March-8-2022-1.pdf,,
Western Suffolk Boces,NCES-3680860,,roofing,3_funding,True,,unknown,"Authorization to participate in Omnia Partners Contract for roofing supplies, services, waterproofing and related products.","participate in Omnia Partners Contract #PW1925 Roofing Supplies and Services, Waterproofing, and Related Products",https://www.wsboces.org/wp-content/uploads/Minutes-March-8-2022-FINAL-1.pdf,,
Western Suffolk Boces,NCES-3680860,Western Suffolk BOCES facilities,hvac_mechanical,3_funding,True,,operating budget,"HVAC systems, installation, and service with related products and supplies through cooperative purchasing contract","Resolution to Participate in Sourcewell Contract #030817-Car for HVAC Systems, Installation, and Service",https://www.wsboces.org/wp-content/uploads/Agenda-Feb-8-2022.pdf,,
Western Suffolk Boces,NCES-3680860,Western Suffolk BOCES facilities,general_construction,3_funding,True,,operating budget,"Job order contracting services for installation, maintenance or repair of apparatus, materials, equipment",Resolution to Participate in Omnia Partners Contract #R200101 Job Order Contracting Services,https://www.wsboces.org/wp-content/uploads/Agenda-Feb-8-2022.pdf,,
Western Suffolk Boces,NCES-3680860,Western Suffolk BOCES,hvac_mechanical,3_funding,True,,unknown,"Participate in Sourcewell contract for HVAC systems, installation, and service with related products and supplies.","Sourcewell RFP #030817-CAR for HVAC systems, installation, and service",https://www.wsboces.org/wp-content/uploads/Agenda-Feb-8-2022.pdf,,
Western Suffolk Boces,NCES-3680860,Western Suffolk BOCES facilities,hvac_mechanical,3_funding,True,,unknown,"Participate in Sourcewell RFP for HVAC systems, installation, and service with related products and supplies.","participate in Sourcewell RFP #030817-CAR for HVAC systems, installation, and service",https://www.wsboces.org/wp-content/uploads/Minutes-Feb-8-2022-FINAL-1.pdf,,
West Islip Union Free School District,NCES-3630690,West Islip Union Free School District,general_construction,4_design,False,22700000,bond,"Construction manager services for $22,700,000 bond issue capital projects.","School Construction Consultants for construction manager services for the $22,700,000 Bond Issue capital projects.",https://files.smartsites.parentsquare.com/6796/november_2008_school_board_minutes.pdf,2008-11-01,False
West Islip Union Free School District,NCES-3630690,"High School, Udall Middle School, Beach Street Middle School, Masera School","interiors, general_construction",4_design,False,22700000,bond,"Locker room renovations at high school and two middle schools, plus renovations at Masera School","Architect plans as designed by Burton, Behrendt and Smith for locker room renovations and renovations at Masera School",https://files.smartsites.parentsquare.com/6796/november_2008_school_board_minutes.pdf,2008-11-01,False
Western Suffolk Boces,NCES-3680860,Northport-E Northport,general_construction,4_design,False,575360,EPC,Technology equipment acquisition and financing for Northport-E Northport project.,"Northport-E Northport Technology Project is $575,360 with $575,500 to be financed through JP Morgan Chase Bank",https://www.wsboces.org/wp-content/uploads/Minutes-Feb-13-2024-final-1.pdf,,
Western Suffolk Boces,NCES-3680860,North Babylon,general_construction,4_design,False,496975,EPC,Computer equipment acquisition and financing for North Babylon Technology Project.,"cost of the N Babylon Technology Project is $496,975 with $497,000 to be financed through JP Morgan Chase Bank",https://www.wsboces.org/wp-content/uploads/Agenda-Aug-9-2022-REVISED-full.pdf,,
Western Suffolk Boces,NCES-3680860,Elwood,general_construction,4_design,False,186710,EPC,Computer equipment acquisition and financing for Elwood Technology Project.,"cost of the Elwood Technology Project is $186,710 with $186,800 to be financed through JP Morgan Chase Bank",https://www.wsboces.org/wp-content/uploads/Agenda-Aug-9-2022-REVISED-full.pdf,,
West Islip Union Free School District,NCES-3630690,,general_construction,4_design,False,71500,capital reserve,2012 Capital Improvements construction manager services.,"contract addendum with School Construction Consultants, 2012 Capital Improvements Construction Manager Services",https://files.smartsites.parentsquare.com/6796/february_2012_school_board_minutes.pdf,2012-02-01,False
West Islip Union Free School District,NCES-3630690,,general_construction,4_design,False,,bond,Procurement of architect/engineer and construction manager for bond capital projects.,"Procurement of architect/engineer for bond issue capital projects, procurement of construction manager.",https://files.smartsites.parentsquare.com/6796/oct07mins.pdf,2007-10-01,False
West Islip Union Free School District,NCES-3630690,,general_construction,4_design,False,,unknown,Negative Declaration approved pending written authorization from District Architect.,"approve Negative Declaration, pending written authorization from J. Grillo, District Architect.",https://files.smartsites.parentsquare.com/6796/april05minutes.pdf,2005-04-01,False
West Islip Union Free School District,NCES-3630690,,general_construction,4_design,False,,unknown,Contract amendments with BBS Architects for design or planning services.,BBS Architects Contract Amendments,https://files.smartsites.parentsquare.com/6796/march_2009_school_board_minutes.pdf,2009-03-01,False
West Islip Union Free School District,NCES-3630690,,general_construction,4_design,False,,unknown,Architect amendments to BBS contract for design work,architect amendments to the BBS contract,https://files.smartsites.parentsquare.com/6796/april_2009_school_board_minutes.pdf,2009-04-01,False
West Islip Union Free School District,NCES-3630690,"West Islip High School, Udall Middle School, Beach Street Middle School, Masera School",interiors,4_design,False,,bond,"Locker room renovations at high school and middle schools, and renovations at Masera School.","Architect plans as designed by Burton, Behrendt and Smith, for the locker room renovations at the High School, Udall Middle School and Beach Street Middle School, and renovations at the Masera School.",https://files.smartsites.parentsquare.com/6796/november_2008_school_board_minutes.pdf,2008-11-01,False
West Islip Union Free School District,NCES-3630690,,general_construction,4_design,False,,unknown,Architect contract amendments with BBS Architects.,BBS Architects Contract Amendments.,https://files.smartsites.parentsquare.com/6796/march_2009_school_board_minutes.pdf,2009-03-01,False
West Islip Union Free School District,NCES-3630690,,general_construction,4_design,False,,unknown,Architect contract for unspecified project work,The following items were discussed: Architect's contract,https://files.smartsites.parentsquare.com/6796/august07mins.pdf,2007-08-01,False
Western Suffolk Boces,NCES-3680860,,maintenance_services,4_design,True,,unknown,Snap-On garage and fleet maintenance equipment and vehicle lifts procurement,Sourcewell RFP #121223-SNP SNAP-ON Garage and Fleet Maintenance Equipment and Vehicle Lifts,https://www.wsboces.org/wp-content/uploads/Minutes-Nov-12-2025-final.pdf,,
Western Suffolk Boces,NCES-3680860,,"general_construction, envelope_windows, hvac_mechanical, electrical_lighting, roofing, plumbing, life_safety_security, abatement, energy, site_athletics, interiors, maintenance_services",4_design,True,,unknown,"Multiple capital projects across multiple trade categories in various stages of design, bid, and construction.","24 projects in design, two at NYSED, 13 in bid process and 16 projects in progress",https://www.wsboces.org/wp-content/uploads/Minutes-Sept-9-2025-final.pdf,,
Western Suffolk Boces,NCES-3680860,Multiple BOCES sites,general_construction,4_design,True,,capital reserve,Capital projects in design phase across multiple facilities.,Currently 38 projects are in the design phase.,https://www.wsboces.org/wp-content/uploads/Minutes-July-12-2022-Final-1.pdf,,
Western Suffolk Boces,NCES-3680860,,general_construction,4_design,True,,unknown,Multiple capital projects currently in design phase with five submitted to NYSED for approval.,a large number of projects are in design and five projects have been submitted to NYSED,https://www.wsboces.org/wp-content/uploads/MInutes-October-12-2021-final.pdf,,
Western Suffolk Boces,NCES-3680860,WT MP,interiors,5_bid,True,200000,unknown,Setup dental assistant program space.,WT MP Setup dental assistant program space H2M This project is in quote process,https://www.wsboces.org/wp-content/uploads/Feb-13-2024-FULL.pdf,,
Western Suffolk Boces,NCES-3680860,Admin,site_athletics,5_bid,True,113750,unknown,Replace retaining wall on north and south elevations.,Admin Retaining wall replacement North and South elevations H2M This project is in quote process,https://www.wsboces.org/wp-content/uploads/Feb-13-2024-FULL.pdf,,
Western Suffolk Boces,NCES-3680860,JEA DH,site_athletics,5_bid,True,100000,unknown,"Remove perimeter beds of building, phase 1 of 3.",JEA DH Remove perimeter beds of building Phase 1 of 3 M&O This project is in quote process,https://www.wsboces.org/wp-content/uploads/Feb-13-2024-FULL.pdf,,
Western Suffolk Boces,NCES-3680860,WT NP,interiors,5_bid,True,90000,operating budget,Paint auto shop ceilings,Paint auto shop ceilings M&O This project is in quote process,https://www.wsboces.org/wp-content/uploads/Agenda-Aug-6-2024-FULL.pdf,,
Western Suffolk Boces,NCES-3680860,WT NP,interiors,5_bid,True,90000,unknown,Install separation walls and door for adult cosmetology program.,WT NP Adult Cosmetology Separation Walls and Door H2M This project is in bid process,https://www.wsboces.org/wp-content/uploads/Feb-13-2024-FULL.pdf,,
Western Suffolk Boces,NCES-3680860,JEA DH,life_safety_security,5_bid,True,75000,unknown,Replace interior door hardware with lockdown levers.,JEA DH Replace interior door hardware with lockdown levers H2M This project is in quote process,https://www.wsboces.org/wp-content/uploads/Feb-13-2024-FULL.pdf,,
Western Suffolk Boces,NCES-3680860,Brennan,life_safety_security,5_bid,True,58875,unknown,Replace door knobs with privacy handles.,Brennan Replace door knobs with privacy handles H2M This project is in quote process,https://www.wsboces.org/wp-content/uploads/Feb-13-2024-FULL.pdf,,
Western Suffolk Boces,NCES-3680860,WT MP,hvac_mechanical,5_bid,True,48000,unknown,Replace walk-in refrigerator mechanicals at culinary.,WT MP Replace walk-in refrigerator mechanicals at Culinary M&O This project is in quote process,https://www.wsboces.org/wp-content/uploads/Feb-13-2024-FULL.pdf,,
Western Suffolk Boces,NCES-3680860,JEA DH,site_athletics,5_bid,True,43000,unknown,Install new concrete walk and road south of POD storage area.,JEA DH New concrete walk/road South of POD storage area shuttle run M&O This project is in quote process,https://www.wsboces.org/wp-content/uploads/Feb-13-2024-FULL.pdf,,
Western Suffolk Boces,NCES-3680860,WT MP,interiors,5_bid,True,40000,capital reserve,Replace window treatments Phase 1 of 2,Replace window treatments Phase 1 of 2. This project is in quote process,https://www.wsboces.org/wp-content/uploads/Agenda-Aug-6-2024-FULL.pdf,,
Western Suffolk Boces,NCES-3680860,Republic Hone,interiors,5_bid,True,40000,unknown,"Hone concrete floors of labs, phase 1.",Republic Hone concrete floors of labs phase 1 M&O This project is in quote process,https://www.wsboces.org/wp-content/uploads/Feb-13-2024-FULL.pdf,,
Western Suffolk Boces,NCES-3680860,WT MP,interiors,5_bid,True,36628,unknown,Redesign faculty room.,WT MP Redesign faculty room H2M This project is in quote process,https://www.wsboces.org/wp-content/uploads/Feb-13-2024-FULL.pdf,,
Western Suffolk Boces,NCES-3680860,Taukomas,hvac_mechanical,5_bid,True,36400,unknown,"Upgrade comfort controls and thermostats, phase 1 of 2.",Taukomas Comfort Controls and thermostats upgrades phase 1 of 2 H2M This project is in quote process,https://www.wsboces.org/wp-content/uploads/Feb-13-2024-FULL.pdf,,
Western Suffolk Boces,NCES-3680860,JEA Mel,interiors,5_bid,True,35000,unknown,Restore staff restroom tile and re-glaze.,JEA Mel Staff restroom tile restoration and re-glazing H2M This project is in quote process,https://www.wsboces.org/wp-content/uploads/Feb-13-2024-FULL.pdf,,
Western Suffolk Boces,NCES-3680860,WT MP,plumbing,5_bid,True,30000,capital reserve,Replace lab sinks in 4 locations,Replace lab sinks in 4 locations. This project is in quote process,https://www.wsboces.org/wp-content/uploads/Agenda-Aug-6-2024-FULL.pdf,,
Western Suffolk Boces,NCES-3680860,JEA MEL,interiors,5_bid,True,30000,capital reserve,Replace built-in cabinetry Main office kitchenette and mail area,Work on this project will begin at a date to be set in consultation with contractor,https://www.wsboces.org/wp-content/uploads/Agenda-Aug-6-2024-FULL.pdf,,
Western Suffolk Boces,NCES-3680860,JEA DH,interiors,5_bid,True,30000,capital reserve,Replace built-in cabinetry and appliances Rm 503,Work on this project will begin at a date to be set in consultation with contractor,https://www.wsboces.org/wp-content/uploads/Agenda-Aug-6-2024-FULL.pdf,,
Western Suffolk Boces,NCES-3680860,JEA DH,interiors,5_bid,True,30000,unknown,Replace built-in cabinetry and appliances in science lab room 503.,JEA DH Replace built-in cabinetry and appliances Science lab Rm 503 H2M This project is in quote process,https://www.wsboces.org/wp-content/uploads/Feb-13-2024-FULL.pdf,,
Western Suffolk Boces,NCES-3680860,JEA Mel,interiors,5_bid,True,25000,unknown,"Restore terrazzo floor, phase 2 of 3.",JEA Mel Terrazzo floor restoration Phase 2 of 3 M&O This project is in quote process,https://www.wsboces.org/wp-content/uploads/Feb-13-2024-FULL.pdf,,
Western Suffolk Boces,NCES-3680860,WT DH,interiors,5_bid,True,20000,unknown,Hone concrete floor of auto body shop.,WT DH Hone concrete floor of Auto Body shop M&O This project is in quote process,https://www.wsboces.org/wp-content/uploads/Feb-13-2024-FULL.pdf,,
Western Suffolk Boces,NCES-3680860,Taukomas,hvac_mechanical,5_bid,True,17500,unknown,Replace ductless split A/C in server room.,Taukomas Replace Ductless Split A/C in Server room M&O This project is in quote process,https://www.wsboces.org/wp-content/uploads/Feb-13-2024-FULL.pdf,,
Western Suffolk Boces,NCES-3680860,WT NP,hvac_mechanical,5_bid,True,17000,capital reserve,Replace supplemental A/C unit in Sonography lab,Replace supplemental A/C unit in Sonography lab. This project is in quote process,https://www.wsboces.org/wp-content/uploads/Agenda-Aug-6-2024-FULL.pdf,,
Western Suffolk Boces,NCES-3680860,WT DH,plumbing,5_bid,True,17000,capital reserve,Install commercial washing machine into Culinary Kitchen,Work on this project will begin at a date to be set in consultation with contractor,https://www.wsboces.org/wp-content/uploads/Agenda-Aug-6-2024-FULL.pdf,,
Western Suffolk Boces,NCES-3680860,,interiors,5_bid,True,450,operating budget,Exterior and interior doors and installation through cooperative contract.,participate in Nassau BOCES Contract #19/20-029 Exterior & Interior Doors & Installation,https://www.wsboces.org/wp-content/uploads/Minutes-May-9-2023-FINAL.pdf,,
Western Suffolk Boces,NCES-3680860,,interiors,5_bid,True,450,operating budget,Participate in Nassau BOCES cooperative contract for exterior and interior doors and installation.,participate in Nassau BOCES Contract #19/20-029 Exterior & Interior Doors & Installation,https://www.wsboces.org/wp-content/uploads/REVISED-Agenda-May-10-2022.pdf,,
Western Suffolk Boces,NCES-3680860,,envelope_windows,5_bid,True,450,operating budget,Exterior and interior doors and installation through Nassau BOCES cooperative contract.,participate in Nassau BOCES Contract #19/20-029 Exterior & Interior Doors & Installation,https://www.wsboces.org/wp-content/uploads/Agenda-April-12-2022.pdf,,
Western Suffolk Boces,NCES-3680860,,interiors,5_bid,True,450,unknown,Exterior and interior doors and installation through Nassau BOCES cooperative contract,Participate in Nassau BOCES Contract #19/20-029 Exterior & Interior Doors & Installation,https://www.wsboces.org/wp-content/uploads/Minutes-April-12-2022-Final-1.pdf,,
West Islip Union Free School District,NCES-3630690,,site_athletics,5_bid,False,,unknown,Gates and chain link fencing bid awarded to Ideal Fence Corp.,approve bids for Gates and Chain Link Fencing (Ideal Fence Corp.),https://files.smartsites.parentsquare.com/6796/dec05mins.pdf,2005-12-01,False
West Islip Union Free School District,NCES-3630690,,hvac_mechanical,5_bid,False,,unknown,Boiler maintenance bid awarded to Bain Heating & Plumbing.,approve bids for Gates and Chain Link Fencing (Ideal Fence Corp.) and Boiler Maintenance (Bain Heating & Plumbing).,https://files.smartsites.parentsquare.com/6796/dec05mins.pdf,2005-12-01,False
West Islip Union Free School District,NCES-3630690,,site_athletics,5_bid,False,,unknown,Gates and chain link fencing bid awarded to Ideal Fence Corp at hourly rate.,approve bid for Gates and Chain Link Fencing. Bid was awarded to Ideal Fence Corp for hourly rate of $65.00.,https://files.smartsites.parentsquare.com/6796/oct04min.pdf,2004-10-01,False
West Islip Union Free School District,NCES-3630690,,hvac_mechanical,5_bid,False,,unknown,Boiler maintenance service contract awarded to Bain Heating & Piping Corp.,approve bid for Boiler Maintenance. Bid was awarded to Bain Heating & Piping Corp for hourly rate/mechanic @ $72 and hourly rate/helper @ $35.,https://files.smartsites.parentsquare.com/6796/oct04min.pdf,2004-10-01,False
West Islip Union Free School District,NCES-3630690,,general_construction,5_bid,False,,unknown,General construction work for athletic storage buildings.,approve the following bid: General Construction – Athletic Storage Buildings,https://files.smartsites.parentsquare.com/6796/june_2012_school_board_minutes.pdf,2012-06-01,False
West Islip Union Free School District,NCES-3630690,,hvac_mechanical,5_bid,False,,unknown,Maintenance service for pneumatic and DDC control systems.,Maintenance Service for Pneumatic and DDC Control Systems,https://files.smartsites.parentsquare.com/6796/june_2012_school_board_minutes.pdf,2012-06-01,False
West Islip Union Free School District,NCES-3630690,,life_safety_security,5_bid,False,,unknown,Maintenance service and monitoring for fire alarm and security systems.,Maintenance Service and Monitoring for Fire Alarm and Security Systems,https://files.smartsites.parentsquare.com/6796/june_2012_school_board_minutes.pdf,2012-06-01,False
West Islip Union Free School District,NCES-3630690,,hvac_mechanical,5_bid,False,,unknown,Boiler breeching repair work.,Boiler Breeching Repair Work,https://files.smartsites.parentsquare.com/6796/june_2012_school_board_minutes.pdf,2012-06-01,False
West Islip Union Free School District,NCES-3630690,,hvac_mechanical,5_bid,False,,unknown,Boiler maintenance service.,approve the following bid extensions: Boiler Maintenance,https://files.smartsites.parentsquare.com/6796/june_2012_school_board_minutes.pdf,2012-06-01,False
West Islip Union Free School District,NCES-3630690,,hvac_mechanical,5_bid,False,,operating budget,"Heating, ventilation and air conditioning service contract awarded.","Heating, Ventilation and Air Conditioning Service Contract – awarded to Commercial Instrumentation Services",https://files.smartsites.parentsquare.com/6796/june_2011_school_board_minutes.pdf,2011-06-01,False
West Islip Union Free School District,NCES-3630690,,hvac_mechanical,5_bid,False,,operating budget,Boiler maintenance service contract awarded.,Boiler Maintenance – awarded to Bain Heating and Piping Corp.,https://files.smartsites.parentsquare.com/6796/june_2011_school_board_minutes.pdf,2011-06-01,False
West Islip Union Free School District,NCES-3630690,,hvac_mechanical,5_bid,False,,operating budget,Boiler and breeching cleaning service contract awarded.,"Boiler and Breeching Cleaning – awarded to Thermotec Combustion, Inc.",https://files.smartsites.parentsquare.com/6796/june_2011_school_board_minutes.pdf,2011-06-01,False
West Islip Union Free School District,NCES-3630690,,roofing,5_bid,False,,operating budget,Roof repair services contract awarded.,"Roof Repairs – awarded to DNA Contracting, Inc.",https://files.smartsites.parentsquare.com/6796/june_2011_school_board_minutes.pdf,2011-06-01,False
West Islip Union Free School District,NCES-3630690,,site_athletics,5_bid,False,,operating budget,Gates and chain link fencing contract awarded.,Gates and Chain Link Fencing – awarded to Ideal Fence Corp.,https://files.smartsites.parentsquare.com/6796/june_2011_school_board_minutes.pdf,2011-06-01,False
West Islip Union Free School District,NCES-3630690,,electrical_lighting,5_bid,False,,operating budget,Electrical repair and services work across district facilities.,"Motion was made by George Smith, seconded by Annmarie LaRosa, and carried when all board members present voted in favor to approve the electrical repair and services bid.",https://files.smartsites.parentsquare.com/6796/september__2011_school_board_minutes.pdf,2011-09-01,False
West Islip Union Free School District,NCES-3630690,Boulevard property,general_construction,5_bid,False,,unknown,Property transaction for Boulevard property requiring deed completion.,authorize Board President to sign deed and any other such documents that are needed to complete the transaction for Boulevard property.,https://files.smartsites.parentsquare.com/6796/may06.pdf,2006-05-01,False
West Islip Union Free School District,NCES-3630690,,general_construction,5_bid,False,,bond,Storage buildings for bond project.,"Motion was made by Scott Brady, seconded by Ron Maginniss, and carried when all board members present voted in favor to table a bid for storage buildings – bond project.",https://files.smartsites.parentsquare.com/6796/may_2012_school_board_minutes.pdf,2012-05-01,False
West Islip Union Free School District,NCES-3630690,,electrical_lighting,5_bid,False,,unknown,Electrical Repair and Services bid rejected; re-advertisement ordered with specification modifications.,Bid # 1135 Electrical Repair and Services reject all bids with regard and re-advertise,https://files.smartsites.parentsquare.com/6796/june_2011_school_board_minutes.pdf,2011-06-01,False
West Islip Union Free School District,NCES-3630690,,general_construction,5_bid,False,,unknown,School Construction Consultants contract approved by Board.,approve School Construction Consultants contract,https://files.smartsites.parentsquare.com/6796/september_2009_school_board_minutes2.pdf,2009-10-01,False
West Islip Union Free School District,NCES-3630690,,electrical_lighting,5_bid,False,,operating_budget,Electrical repair and services for the district.,TABLE approval of bid for Electrical Repair and Services.,https://files.smartsites.parentsquare.com/6796/sept07mins.pdf,2007-09-01,False
West Islip Union Free School District,NCES-3630690,,site_athletics,5_bid,False,,unknown,Bleachers bid rejected and re-advertised.,"Motion was made by Mrs. Heine, seconded by Mrs. Bieselin and carried when all board members present voted in favor to reject bid for bleachers, and to re-advertise.",https://files.smartsites.parentsquare.com/6796/oct07mins.pdf,2007-10-01,False
West Islip Union Free School District,NCES-3630690,,electrical_lighting,5_bid,False,,unknown,Electrical repair and services work under bid consideration.,TABLE approval of bid for Electrical Repair and Services.,https://files.smartsites.parentsquare.com/6796/sept07mins.pdf,2007-09-01,False
Western Suffolk Boces,NCES-3680860,"Wilson Tech School - Dix Hills Campus, Jones Hall",envelope_windows,5_bid,True,,unknown,Window replacement at Wilson Tech School Dix Hills Campus Jones Hall.,"Window Replacement at Wilson Tech School -Dix Hills Campus, Jones Hall",https://www.wsboces.org/wp-content/uploads/Agenda-May-12-26-FULL.pdf,,
Western Suffolk Boces,NCES-3680860,,interiors,5_bid,True,,unknown,"Library supplies, furnishings and equipment procurement through cooperative bid.","Resolution to Participate in Southampton UFSD SPS24-001 Library Supplies, Furnishings and Equipment Bid",https://www.wsboces.org/wp-content/uploads/Minutes-Feb-10-2026-FINAL.pdf,,
Western Suffolk Boces,NCES-3680860,Smithtown Central District,plumbing,5_bid,True,,operating_budget,"Underground water distribution system installation, maintenance and repair services.","Participate in Smithtown Central School District Bid for Underground Water Distribution System – Installation, Maintenance & Repair",https://www.wsboces.org/wp-content/uploads/Minutes-Jan-13-2026-final.pdf,,
Western Suffolk Boces,NCES-3680860,Western Suffolk BOCES,maintenance_services,5_bid,True,,operating_budget,Custodial supplies procurement through cooperative bid program.,Participate in Southern Westchester BOCES Bid # SWB-2024-25-C07 for Custodial Supplies,https://www.wsboces.org/wp-content/uploads/Minutes-Jan-13-2026-final.pdf,,
Western Suffolk Boces,NCES-3680860,Western Suffolk BOCES facilities,plumbing,5_bid,True,,operating budget,"Cesspool cleaning and tank pumping maintenance, service and repair contract.","Cesspool Cleaning and Tank Pumping Maintenance, Service and Repair BDP 25-016",https://www.wsboces.org/wp-content/uploads/Agenda-Oct-10-2025-FULL.pdf,,
Western Suffolk Boces,NCES-3680860,Multiple facilities,general_construction,5_bid,True,,capital_reserve,Portfolio of 70 capital projects across the district at various stages of planning and execution.,"20 projects are in design, 21 projects are in the bid process, 24 projects are scheduled to begin shortly",https://www.wsboces.org/wp-content/uploads/MInutes-October-14-2025-final.pdf,,
Western Suffolk Boces,NCES-3680860,Western Suffolk BOCES,plumbing,5_bid,False,,operating budget,"Cesspool cleaning, tank pumping, maintenance, service and repair contract.","Cesspool Cleaning and Tank Pumping Maintenance, Service and Repair BDP 25-016",https://www.wsboces.org/wp-content/uploads/MInutes-October-14-2025-final.pdf,,
Western Suffolk Boces,NCES-3680860,,site_athletics,5_bid,True,,unknown,Participation in Town of Islip contract for playground and play equipment site amenities.,participate in Town of Islip Contract #0223-52 Playground/Play Equipment & Site Amenities Catalogs,https://www.wsboces.org/wp-content/uploads/Minutes-April-8-2025-FINAL.pdf,,
Western Suffolk Boces,NCES-3680860,,maintenance_services,5_bid,True,,unknown,PA and master clock systems equipment repair and service contract participation.,participate in William Floyd Union Free School District Bid #22-23.015 for PA and Master Clock Systems Equipment Repair & Service,https://www.wsboces.org/wp-content/uploads/Minutes-April-8-2025-FINAL.pdf,,
Western Suffolk Boces,NCES-3680860,Bay Shore Union Free School District,"general_construction, site_athletics",5_bid,False,,unknown,"General building maintenance involving new construction, reconstruction and demolition.","General Building Maintenance Involving New Construction, Reconstruction and Demolition Bid",https://www.wsboces.org/wp-content/uploads/Agenda-March-11-2025-FULL.pdf,,
Western Suffolk Boces,NCES-3680860,Western Suffolk BOCES,interiors,5_bid,True,,operating budget,Window treatment installation and repair services through cooperative purchasing.,East Islip UFSD Bid for Window Treatment Installation & Repair Bid #061722-1,https://www.wsboces.org/wp-content/uploads/Minutes-March-11-2025-FINAL.pdf,,
Western Suffolk Boces,NCES-3680860,Bay Shore Union Free School District,general_construction,5_bid,True,,unknown,"General building maintenance involving new construction, reconstruction and demolition services.","General Building Maintenance Involving New Construction, Reconstruction and Demolition",https://www.wsboces.org/wp-content/uploads/Minutes-Feb-11-2025-final.pdf,,
Western Suffolk Boces,NCES-3680860,Southampton UFSD,interiors,5_bid,True,,unknown,"Door, door hardware and door installation services.","Door, Door Hardware and Door Installation Services",https://www.wsboces.org/wp-content/uploads/Minutes-Feb-11-2025-final.pdf,,
Western Suffolk Boces,NCES-3680860,Unspecified (Southampton UFSD),electrical_lighting,5_bid,True,,unknown,Sound system parts and repairs through cooperative purchasing.,Board voted unanimously for Resolution to Participate in Southampton UFSD SPS22-014 Sound System Parts & Repairs,https://www.wsboces.org/wp-content/uploads/Minutes-Nov-12-2024-FINAL.pdf,,
Western Suffolk Boces,NCES-3680860,Western Suffolk BOCES,life_safety_security,5_bid,False,,operating budget,"Security system central station services for 2024/25 school year, no award issued, will be re-bid.","SECURITY SYSTEM CENTRAL STATION #24/25-41SI-E3-CP for the 2024/25 school year were duly received and opened on April 8, 2024",https://www.wsboces.org/wp-content/uploads/Agenda-Aug-6-2024-FULL.pdf,,
Western Suffolk Boces,NCES-3680860,Smithtown Central District,plumbing,5_bid,True,,unknown,"Underground water distribution system installation, maintenance and repair services.","Smithtown Central District Bid for Underground Water Distribution System – Installation, Maintenance & Repair Bid #21/22-14",https://www.wsboces.org/wp-content/uploads/Feb-13-2024-FULL.pdf,,
Western Suffolk Boces,NCES-3680860,Bay Shore Union Free School District,general_construction,5_bid,True,,unknown,"General building maintenance involving new construction, reconstruction, and demolition services.","General Building Maintenance Involving New Construction, Reconstruction, and Demolition",https://www.wsboces.org/wp-content/uploads/Feb-13-2024-FULL.pdf,,
Western Suffolk Boces,NCES-3680860,Bay Shore Union Free School District,"general_construction, maintenance_services",5_bid,True,,unknown,"General building maintenance, new construction, reconstruction and demolition services available through bid contract.","participate in Bay Shore Union Free School District General Building Maintenance Involving New Construction, Reconstruction, and Demolition Services",https://www.wsboces.org/wp-content/uploads/Minutes-Feb-13-2024-final-1.pdf,,
Western Suffolk Boces,NCES-3680860,District-wide (through Smithtown Central District Bid),plumbing,5_bid,True,,operating budget,"Underground water distribution system installation, maintenance and repair.","Smithtown Central School District Bid for underground Water Distribution System – Installation, Maintenance & Repair Bid #21/22-14",https://www.wsboces.org/wp-content/uploads/Minutes-Jan-9-2024-final.pdf,,
Western Suffolk Boces,NCES-3680860,,general_construction,5_bid,True,,unknown,"Door, door hardware and door installation services through cooperative contract.","Southampton UFSD SPS22-010 Door, Door Hardware and Door Installation Services",https://www.wsboces.org/wp-content/uploads/MInutes-October-10-2023-Final.pdf,,
Western Suffolk Boces,NCES-3680860,Western Suffolk BOCES,hvac_mechanical,5_bid,True,,unknown,"Repairs of HVAC motors, pumps, fans, blowers and compressors through participatory contract.","Resolution to Participate in Nassau Community College Contract for Repairs of HVAC Motors, Pumps, Fans, Blowers and Compressors",https://www.wsboces.org/wp-content/uploads/Minutes-Sept-12-2023-FINAL.pdf,,
Western Suffolk Boces,NCES-3680860,Western Suffolk BOCES,site_athletics,5_bid,True,,unknown,Tree pruning and removal services through Suffolk County Water Authority contract.,Resolution to Participate in Suffolk County Water Authority Bid #7667 Tree Pruning and Removal,https://www.wsboces.org/wp-content/uploads/Minutes-Sept-12-2023-FINAL.pdf,,
Western Suffolk Boces,NCES-3680860,Western Suffolk BOCES,maintenance_services,5_bid,True,,unknown,Grounds keeping equipment through Town of Brookhaven contract.,"Resolution to Participate in Town of Brookhaven Contract #20220021 (Bid #P22033), Grounds Keeping Equipment",https://www.wsboces.org/wp-content/uploads/Minutes-Sept-12-2023-FINAL.pdf,,
Western Suffolk Boces,NCES-3680860,,hvac_mechanical,5_bid,True,,operating budget,Automatic temperature control service and repair contract through Three Village Central School District bid.,Participate in Three Village Central School District Bid #B20-003 for Automatic Temperature Control Service & Repair,https://www.wsboces.org/wp-content/uploads/August-8-2023-FULL.pdf,,
Western Suffolk Boces,NCES-3680860,Districtwide,electrical_lighting,5_bid,True,,unknown,Cost of Labor - Electrical.,Facilities Division Cost of Labor- Electrical 23/24-54IE3CP 6/29/2023,https://www.wsboces.org/wp-content/uploads/August-8-2023-FULL.pdf,,
Western Suffolk Boces,NCES-3680860,Districtwide,interiors,5_bid,True,,unknown,Paint & Painting Supplies procurement.,Facilities Division Paint & Painting Supplies 23/24-62CP 7/26/2023,https://www.wsboces.org/wp-content/uploads/August-8-2023-FULL.pdf,,
Western Suffolk Boces,NCES-3680860,Three Village Central School District,hvac_mechanical,5_bid,True,,unknown,Automatic temperature control service and repair contract through cooperative bid.,Resolution to Participate in Three Village Central School District Bid #B20-003 for Automatic Temperature Control Service and Repair,https://www.wsboces.org/wp-content/uploads/Revised-Agenda-July-11-2023.pdf,,
Western Suffolk Boces,NCES-3680860,,site_athletics,5_bid,False,,unknown,Playground and play equipment with site amenities through cooperative catalog contract.,Town of Islip Contract #0223-52 Playground/Play Equipment & Site Amenities Catalogs,https://www.wsboces.org/wp-content/uploads/Minutes-May-9-2023-FINAL.pdf,,
Western Suffolk Boces,NCES-3680860,,hvac_mechanical,5_bid,True,,unknown,"HVAC equipment, installation, service and related products through cooperative contract.","Omnia Partners Contract #R200401 for HVAC Equipment, Installation, Service & Related Products",https://www.wsboces.org/wp-content/uploads/Minutes-May-9-2023-FINAL.pdf,,
Western Suffolk Boces,NCES-3680860,,site_athletics,5_bid,True,,unknown,Tree maintenance including pruning and removal services through cooperative bid.,participate in Amityville Union Free School District Cooperative Bid for Tree Maintenance (Pruning & Removal Services),https://www.wsboces.org/wp-content/uploads/Minutes-May-9-2023-FINAL.pdf,,
Western Suffolk Boces,NCES-3680860,Smithtown Central School District,plumbing,5_bid,True,,unknown,"Underground water distribution system installation, maintenance and repair services.","participate in Smithtown Central School District Bid for underground Water Distribution System – Installation, Maintenance & Repair Bid #21/22-14",https://www.wsboces.org/wp-content/uploads/Minutes-Jan-10-2023-FINAL.pdf,,
Western Suffolk Boces,NCES-3680860,,plumbing,5_bid,True,,unknown,"Participation in Locust Valley Central School District contract for plumbing fixture, parts and supplies.","participate Locust Valley Central School District Contract for Plumbing Fixture, Parts and Supplies Bid",https://www.wsboces.org/wp-content/uploads/REVISED-AGENDA-Dec-13-2022-FULL.pdf,,
Western Suffolk Boces,NCES-3680860,,general_construction,5_bid,True,,unknown,Participation in Town of Huntington bid for general construction requirements contract.,participate in Town of Huntington Bid for General Construction Requirements Contract #ES 2022-04/O-E,https://www.wsboces.org/wp-content/uploads/REVISED-AGENDA-Dec-13-2022-FULL.pdf,,
Western Suffolk Boces,NCES-3680860,Western Suffolk BOCES,hvac_mechanical,5_bid,True,,operating budget,Automatic temperature control service and repair contract through Three Village Central School District bid.,participate in Three Village Central School District Bid #B20-003 for Automatic Temperature Control Service & Repair,https://www.wsboces.org/wp-content/uploads/Agenda-Sept-13-2022-FULL-1.pdf,,
Western Suffolk Boces,NCES-3680860,Western Suffolk BOCES,hvac_mechanical,5_bid,True,,operating budget,"HVAC on-call annual service contract for repair, installation and emergency services.",participate in Byram Hills School District HVAC ON-CALL ANNUAL SERVICE BID#21/22-02,https://www.wsboces.org/wp-content/uploads/Agenda-Sept-13-2022-FULL-1.pdf,,
Western Suffolk Boces,NCES-3680860,District-wide,hvac_mechanical,5_bid,True,,operating budget,Automatic temperature control service and repair through cooperative bid.,participate in Three Village Central School District Bid #B20-003 for Automatic Temperature Control Service & Repair,https://www.wsboces.org/wp-content/uploads/Minutes-Aug-9-2022-Final.pdf,,
Western Suffolk Boces,NCES-3680860,District-wide,hvac_mechanical,5_bid,True,,operating budget,HVAC on-call annual service through cooperative bid.,participate in Byram Hills School District HVAC On-Call Annual Service Bid#21/22-02,https://www.wsboces.org/wp-content/uploads/Minutes-Aug-9-2022-Final.pdf,,
Western Suffolk Boces,NCES-3680860,Western Suffolk BOCES,hvac_mechanical,5_bid,False,,unknown,"Participation in Byram Hills School District HVAC on-call annual service for repair, installation and emergency services.",participate in Byram Hills School District HVAC ON-CALL ANNUAL SERVICE BID#21/22-02,https://www.wsboces.org/wp-content/uploads/Minutes-Aug-9-2022-Final.pdf,,
Western Suffolk Boces,NCES-3680860,,hvac_mechanical,5_bid,True,,unknown,"Repairs of HVAC motors, pumps, fans, blowers and compressors through Nassau Community College bid.","participate in Nassau Community College Bid #PA190037, Repairs of HVAC Motors, Pumps, Fans, Blowers and Compressors",https://www.wsboces.org/wp-content/uploads/Agenda-July-12-2022-full.pdf,,
Western Suffolk Boces,NCES-3680860,Western Suffolk BOCES,hvac_mechanical,5_bid,True,,operating budget,"Repairs of HVAC motors, pumps, fans, blowers and compressors through Nassau Community College contract.","participate in Nassau Community College Bid #PA190037, Repairs of HVAC Motors, Pumps, Fans, Blowers and Compressors",https://www.wsboces.org/wp-content/uploads/REVISED-Agenda-June-14-2022.pdf,,
Western Suffolk Boces,NCES-3680860,,hvac_mechanical,5_bid,False,,operating budget,"Repairs of HVAC motors, pumps, fans, blowers and compressors through cooperative purchasing.","participate in Nassau Community College Bid #PA190037, Repairs of HVAC Motors, Pumps, Fans, Blowers and Compressors",https://www.wsboces.org/wp-content/uploads/Minutes-June-14-2022-final.pdf,,
Western Suffolk Boces,NCES-3680860,,interiors,5_bid,True,,unknown,Exterior and interior doors and installation through cooperative bidding contract.,Participate in Nassau BOCES Contract #19/20-029 for Exterior and Interior Doors and Installation,https://www.wsboces.org/wp-content/uploads/REVISED-Agenda-May-10-2022.pdf,,
Western Suffolk Boces,NCES-3680860,,site_athletics,5_bid,True,,unknown,"Participate in Amityville cooperative contract for tree maintenance, pruning, and tree removal services.",participate in Amityville Union Free School District Cooperative Bid for Tree Maintenance,https://www.wsboces.org/wp-content/uploads/REVISED-Agenda-May-10-2022.pdf,,
Western Suffolk Boces,NCES-3680860,JE Allen Elementary & Wilson Tech Dix Hills,electrical_lighting,5_bid,True,,unknown,Electrical panel replacement at two school buildings.,ELECTRICAL PANEL REPLACEMENT AT JE ALLEN ELEMENTARY & WILSON TECH DIX HILLS (RE-BID),https://www.wsboces.org/wp-content/uploads/REVISED-Agenda-May-10-2022.pdf,,
Western Suffolk Boces,NCES-3680860,Western Suffolk BOCES,electrical_lighting,5_bid,True,,unknown,"Electrical panel replacement at JE Allen Elementary and Wilson Tech, re-bid after initial no award.",ELECTRICAL PANEL REPLACEMENT AT JE ALLEN ELEMENTARY & WILSON TECH DIX HILLS (RE-BID),https://www.wsboces.org/wp-content/uploads/REVISED-Agenda-May-10-2022.pdf,,
Western Suffolk Boces,NCES-3680860,,site_athletics,5_bid,True,,operating budget,Tree maintenance including pruning and removal services through Amityville UFSD cooperative bid.,participate in Amityville Union Free School District Cooperative Bid for Tree Maintenance (Pruning & Removal Services),https://www.wsboces.org/wp-content/uploads/Agenda-April-12-2022.pdf,,
Western Suffolk Boces,NCES-3680860,,site_athletics,5_bid,True,,unknown,Tree maintenance including pruning and tree removal services through Amityville contract,Participate in Amityville Contract for Tree Maintenance (Pruning and Tree Removal Services),https://www.wsboces.org/wp-content/uploads/Minutes-April-12-2022-Final-1.pdf,,
Western Suffolk Boces,NCES-3680860,Amityville Union Free School District,site_athletics,5_bid,False,,operating budget,Tree maintenance including pruning and removal services through cooperative bid.,Cooperative Bid for Tree Maintenance (Pruning & Removal Services),https://www.wsboces.org/wp-content/uploads/Minutes-April-12-2022-Final-1.pdf,,
Western Suffolk Boces,NCES-3680860,Three Village Central School District,hvac_mechanical,5_bid,True,,unknown,Automatic temperature control service and repair contract.,Three Village Central School District Bid #B20-003 for Automatic Temperature Control Service & Repair,https://www.wsboces.org/wp-content/uploads/MInutes-October-12-2021-final.pdf,,
Western Suffolk Boces,NCES-3680860,Western Suffolk BOCES,electrical_lighting,6_award,True,13300000,operating budget,Professional LAN/WAN consulting and audio-visual equipment installation services for schools.,Extended for 2026/27 school year for Professional LAN/WAN Consulting & Audio-Visual Equipment Installation Services.,https://www.wsboces.org/wp-content/uploads/Agenda-May-12-26-FULL.pdf,,
West Islip Union Free School District,NCES-3630690,,site_athletics,6_award,False,1811751,unknown,Site work awarded to contractor in two separate bid packages.,"Site Work – S-1 awarded to Watral Brothers, Inc. for $708,453.00; S-2 awarded to Watral Brothers, Inc. for $1,103,298.00.",https://files.smartsites.parentsquare.com/6796/april_2010_school_board_minutes.pdf,2010-04-01,False
West Islip Union Free School District,NCES-3630690,,site_athletics,6_award,False,1811751,unknown,Site work awarded to contractor in two packages.,"Site Work – S-1 awarded to Watral Brothers, Inc. for $708,453.00; S-2 awarded to Watral Brothers, Inc. for $1,103,298.00",https://files.smartsites.parentsquare.com/6796/april_2010_school_board_minutes.pdf,2010-04-01,False
Western Suffolk Boces,NCES-3680860,Caleb Smith Outdoor Learning Lab,general_construction,6_award,True,1653000,unknown,Modular building addition with on-site work at outdoor learning lab.,"Contract G1 – Modular building work was awarded to Stalco Construction, Inc. on 4/8/2025 for $908,000.00",https://www.wsboces.org/wp-content/uploads/Minutes-May-12-2026-final.pdf,,
Western Suffolk Boces,NCES-3680860,Western Suffolk BOCES District Wide,hvac_mechanical,6_award,True,1381050,operating budget,"District-wide ventilation upgrades, mechanical contract H for HVAC systems.",DISTRICT WIDE VENTILATION UPGRADES BID #21/22-90SI-GK: CONTRACT H be issued to the following lowest bidder,https://www.wsboces.org/wp-content/uploads/Agenda-Special-Board-Meeting-Jan-20-2022.pdf,,
West Islip Union Free School District,NCES-3630690,,hvac_mechanical,6_award,False,1331000,unknown,Boiler replacements awarded to contractor.,"Boiler Replacements – H-4 awarded to Walsh Mechanical Contractors, Inc. for $1,331,000.00.",https://files.smartsites.parentsquare.com/6796/april_2010_school_board_minutes.pdf,2010-04-01,False
West Islip Union Free School District,NCES-3630690,,hvac_mechanical,6_award,False,1331000,unknown,Boiler replacements awarded to contractor.,"Boiler Replacements – H-4 awarded to Walsh Mechanical Contractors, Inc. for $1,331,000.00",https://files.smartsites.parentsquare.com/6796/april_2010_school_board_minutes.pdf,2010-04-01,False
West Islip Union Free School District,NCES-3630690,,general_construction,6_award,False,1223333,unknown,General construction work awarded to contractor.,"General Construction – GC-1 awarded to SMC Construction Corporation for $1,223,333,00.",https://files.smartsites.parentsquare.com/6796/april_2010_school_board_minutes.pdf,2010-04-01,False
West Islip Union Free School District,NCES-3630690,,general_construction,6_award,False,1223333,unknown,General construction work awarded to contractor.,"General Construction – GC-1 awarded to SMC Construction Corporation for $1,223,333,00.",https://files.smartsites.parentsquare.com/6796/april_2010_school_board_minutes.pdf,2010-04-01,False
Western Suffolk Boces,NCES-3680860,"McGuire Hall #1, Wilson Tech Dix Hills",envelope_windows,6_award,True,712740,operating budget,Replace windows at McGuire Hall #1.,WINDOW REPLACEMENT AT THE MCGUIRE HALL #1 #23/24-83SI-AN be issued to the following lowest responsible bidders,https://www.wsboces.org/wp-content/uploads/Feb-13-2024-FULL.pdf,,
West Islip Union Free School District,NCES-3630690,,general_construction,6_award,False,682368.85,bond,"Bond payment to J.D. Posillico, Inc. for construction services.","approve bond payment for $682,368.85 to J.D. Posillico, Inc., as recommended by the Finance Committee.",https://files.smartsites.parentsquare.com/6796/oct04min.pdf,2004-10-01,False
West Islip Union Free School District,NCES-3630690,West Islip High School,"general_construction, interiors",6_award,False,539000,unknown,Pool locker rooms renovation and reconstruction.,"bid award – General Construction: West Islip High School Pool Locker Rooms – WEB Construction Corp. - $539,000",https://files.smartsites.parentsquare.com/6796/march_2012_school_board_minutes.pdf,2012-03-01,False
West Islip Union Free School District,NCES-3630690,West Islip High School,general_construction,6_award,False,539000,unknown,Pool locker rooms renovation project.,"bid award – General Construction: West Islip High School Pool Locker Rooms – WEB Construction Corp. - $539,000",https://files.smartsites.parentsquare.com/6796/march_2012_school_board_minutes.pdf,2012-03-01,False
Western Suffolk Boces,NCES-3680860,Western Suffolk BOCES,life_safety_security,6_award,True,500000,operating budget,Video management software for video surveillance and monitoring systems.,Extended contract for VIDEO MANAGEMENT SOFTWARE for 2026/27 school year.,https://www.wsboces.org/wp-content/uploads/Agenda-May-12-26-FULL.pdf,,
West Islip Union Free School District,NCES-3630690,Captree,hvac_mechanical,6_award,False,400000,unknown,Boiler replacement at Captree building awarded to mechanical contractor.,"Boiler Replacement (Captree). Bid was awarded to Walsh Mechanical Contractors, Inc., $400,000.",https://files.smartsites.parentsquare.com/6796/feb07mins.pdf,2007-02-01,False
West Islip Union Free School District,NCES-3630690,Captree,hvac_mechanical,6_award,False,400000,unknown,Boiler replacement at Captree building.,"Bid for Boiler Replacement (Captree). Bid was awarded to Walsh Mechanical Contractors, Inc., $400,000.",https://files.smartsites.parentsquare.com/6796/feb07mins.pdf,2007-02-01,False
Mount Sinai Union Free School District,NCES-3620040,Mount Sinai Union Free School District,electrical_lighting,6_award,False,399951.89,grant,Technology infrastructure refresh and network upgrades through Smart Schools program.,"awards the Technology Infrastructure Refresh Bid (Smart Schools) to Promenet, Inc., the lowest responsible bidder, in the amount of $399,951.89",https://s3.amazonaws.com/scschoolfiles/4468/april_special_meeting_minutes.pdf,,
Western Suffolk Boces,NCES-3680860,"Wilson Tech School - Dix Hills Campus, Jones Hall #1",envelope_windows,6_award,True,322000,operating budget,Window replacement at Jones Hall #1.,"purchase order for Window Replacement at Wilson Tech School - Dix Hills Campus, Jones Hall #1 Bid #25/26-70SI-CP be issued to the following lowest responsible bidder",https://www.wsboces.org/wp-content/uploads/Agenda-May-12-26-FULL.pdf,,
West Islip Union Free School District,NCES-3630690,,electrical_lighting,6_award,False,318800,unknown,Electrical work awarded to contractor.,"Electrical – EC-1 awarded to ASR Electrical Contracting, Inc. for $318,800.00.",https://files.smartsites.parentsquare.com/6796/april_2010_school_board_minutes.pdf,2010-04-01,False
West Islip Union Free School District,NCES-3630690,,electrical_lighting,6_award,False,318800,unknown,Electrical work awarded to contractor.,"Electrical – EC-1 awarded to ASR Electrical Contracting, Inc. for $318,800.00",https://files.smartsites.parentsquare.com/6796/april_2010_school_board_minutes.pdf,2010-04-01,False
West Islip Union Free School District,NCES-3630690,,site_athletics,6_award,False,289836,unknown,Tennis court construction or reconstruction awarded to contractor.,"Bid for Tennis Court. Bid was awarded to Araz Industries, $289,836.",https://files.smartsites.parentsquare.com/6796/feb07mins.pdf,2007-02-01,False
West Islip Union Free School District,NCES-3630690,,site_athletics,6_award,False,289836,unknown,Tennis court construction or renovation awarded to contractor.,"Bid for Tennis Court. Bid was awarded to Araz Industries, $289,836.",https://files.smartsites.parentsquare.com/6796/feb07mins.pdf,2007-02-01,False
West Islip Union Free School District,NCES-3630690,,site_athletics,6_award,False,245500,unknown,Asphalt pavement reconstruction work,"bid for Asphalt Pavement Reconstruction. Bid was awarded to Laser Industries for $245,500",https://files.smartsites.parentsquare.com/6796/05marchmins.pdf,2005-03-01,False
West Islip Union Free School District,NCES-3630690,,site_athletics,6_award,False,245500,unknown,Asphalt pavement reconstruction project awarded to contractor.,"bid for Asphalt Pavement Reconstruction. Bid was awarded to Laser Industries for $245,500",https://files.smartsites.parentsquare.com/6796/05marchmins.pdf,2005-03-01,False
West Islip Union Free School District,NCES-3630690,Udall and High School,general_construction,6_award,False,230000,unknown,General construction at Udall and High School.,"General Construction at Udall and High School to Stalco Construction, Inc. for $230,000",https://files.smartsites.parentsquare.com/6796/june06mins.pdf,2006-06-01,False
West Islip Union Free School District,NCES-3630690,Udall and High School,general_construction,6_award,False,230000,unknown,General construction contract awarded to Stalco Construction at Udall and High School.,"General Construction at Udall and High School to Stalco Construction, Inc. for $230,000",https://files.smartsites.parentsquare.com/6796/june06mins.pdf,2006-06-01,False
Mount Sinai Union Free School District,NCES-3620040,Mount Sinai Union Free School District,life_safety_security,6_award,True,223487.84,grant,Video camera security system installation and provision funded by Smart Schools.,"selects Intelli-tech Security Services, LLC as the provider of the Video Camera Security System funded by Smart Schools in an amount not to exceed $223,487.84",https://s3.amazonaws.com/scschoolfiles/4468/april_special_meeting_minutes.pdf,,
West Islip Union Free School District,NCES-3630690,,plumbing,6_award,False,212334,unknown,Plumbing work awarded to contractor.,"Plumbing – PC-1 awarded to Advanced Conservations Systems, Inc. for $212,334.00.",https://files.smartsites.parentsquare.com/6796/april_2010_school_board_minutes.pdf,2010-04-01,False
West Islip Union Free School District,NCES-3630690,,plumbing,6_award,False,212334,unknown,Plumbing work awarded to contractor.,"Plumbing – PC-1 awarded to Advanced Conservations Systems, Inc. for $212,334.00",https://files.smartsites.parentsquare.com/6796/april_2010_school_board_minutes.pdf,2010-04-01,False
Western Suffolk Boces,NCES-3680860,JE Allen Alternative,hvac_mechanical,6_award,True,211410,operating budget,Replace roof top units and unit ventilators at JE Allen Alternative school building.,ROOF TOP UNIT & UNIT VENTILATOR REPLACEMENT AT JE ALLEN ALTERNATIVE BID #21/22-98SI-GK,https://www.wsboces.org/wp-content/uploads/Agenda-April-12-2022.pdf,,
West Islip Union Free School District,NCES-3630690,District,general_construction,6_award,False,207035,unknown,General construction reconstruction work.,"Contract No. 1 General Construction to Stalco Construction, Inc. $207,035",https://files.smartsites.parentsquare.com/6796/june06mins.pdf,2006-06-01,False
West Islip Union Free School District,NCES-3630690,Multiple,general_construction,6_award,False,207035,unknown,General construction contract awarded to Stalco Construction.,"Contract No. 1 General Construction to Stalco Construction, Inc. $207,035",https://files.smartsites.parentsquare.com/6796/june06mins.pdf,2006-06-01,False
West Islip Union Free School District,NCES-3630690,not specified,general_construction,6_award,False,207035,unknown,General construction work contracted to Stalco Construction.,"Contract No. 1 General Construction to Stalco Construction, Inc. $207,035",https://files.smartsites.parentsquare.com/6796/june06mins.pdf,2006-06-01,False
West Islip Union Free School District,NCES-3630690,,hvac_mechanical,6_award,False,206000,unknown,Mechanical work awarded to contractor.,"Mechanical – MC-1 awarded to Ultimate Power for $206,000.00.",https://files.smartsites.parentsquare.com/6796/april_2010_school_board_minutes.pdf,2010-04-01,False
West Islip Union Free School District,NCES-3630690,,hvac_mechanical,6_award,False,206000,unknown,Mechanical work awarded to contractor.,"Mechanical – MC-1 awarded to Ultimate Power for $206,000.00",https://files.smartsites.parentsquare.com/6796/april_2010_school_board_minutes.pdf,2010-04-01,False
West Islip Union Free School District,NCES-3630690,districtwide,envelope_windows,6_award,False,170845,capital reserve,Replacement of exterior doors across all district buildings.,"Bid was awarded to C & M Door Controls, Port Reading, New Jersey in the amount of $170,845.",https://files.smartsites.parentsquare.com/6796/jan04mins.pdf,2004-01-01,False
West Islip Union Free School District,NCES-3630690,districtwide,envelope_windows,6_award,False,170845,capital reserve,Replacement of exterior doors throughout the district.,"Bid was awarded to C & M Door Controls, Port Reading, New Jersey in the amount of $170,845.",https://files.smartsites.parentsquare.com/6796/jan04mins.pdf,2004-01-01,False
West Islip Union Free School District,NCES-3630690,Library,interiors,6_award,False,167164,unknown,Library construction or renovation with change orders to two contractors.,"Library Change Orders, as recommended by Finance Committee: $152,000 to LouGene Inc.; $15,164 to Hirsch & Co. LLC.",https://files.smartsites.parentsquare.com/6796/nov03minutes.pdf,2003-11-01,False
West Islip Union Free School District,NCES-3630690,Library,interiors,6_award,False,167164,operating budget,Library change orders for construction or renovation work.,"Library Change Orders: $152,000 to LouGene Inc.; $15,164 to Hirsch & Co. LLC.",https://files.smartsites.parentsquare.com/6796/nov03minutes.pdf,2003-11-01,False
West Islip Union Free School District,NCES-3630690,High School,site_athletics,6_award,False,163636,unknown,Track and field reconstruction project awarded to contractor.,"award of Contract No. 2: Track and Field Reconstruction to Araz Industries, Base Bid-High School $163,636",https://files.smartsites.parentsquare.com/6796/nov04mins.pdf,2004-11-01,False
West Islip Union Free School District,NCES-3630690,High School,site_athletics,6_award,False,163636,bond,Track and field reconstruction at high school,"award of Contract No. 2: Track and Field Reconstruction to Araz Industries, Base Bid-High School $163,636",https://files.smartsites.parentsquare.com/6796/nov04mins.pdf,2004-11-01,False
West Islip Union Free School District,NCES-3630690,High School,site_athletics,6_award,False,163636,unknown,Track and field reconstruction with turf donation from LandTek Group,award of Contract No. 2: Track and Field Reconstruction to Araz Industries,https://files.smartsites.parentsquare.com/6796/nov04mins.pdf,2004-11-01,False
Western Suffolk Boces,NCES-3680860,Western Suffolk BOCES District Wide,"hvac_mechanical, electrical_lighting",6_award,True,151097,operating budget,"District-wide ventilation upgrades, electrical contract E including installation and controls.",DISTRICT WIDE VENTILATION UPGRADES BID #21/22-90SI-GK: CONTRACT E be issued to the following lowest bidder,https://www.wsboces.org/wp-content/uploads/Agenda-Special-Board-Meeting-Jan-20-2022.pdf,,
West Islip Union Free School District,NCES-3630690,West Islip High School,"plumbing, interiors",6_award,False,128000,unknown,Cafeteria toilet renovation and replacement.,"bid award - General Construction: West Islip High School Cafeteria Toilets – Pella General Construction Corp. - $128,000",https://files.smartsites.parentsquare.com/6796/march_2012_school_board_minutes.pdf,2012-03-01,False
West Islip Union Free School District,NCES-3630690,West Islip High School,plumbing,6_award,False,128000,unknown,Cafeteria toilets renovation project.,"bid award - General Construction: West Islip High School Cafeteria Toilets – Pella General Construction Corp. - $128,000",https://files.smartsites.parentsquare.com/6796/march_2012_school_board_minutes.pdf,2012-03-01,False
West Islip Union Free School District,NCES-3630690,High School,general_construction,6_award,False,110700.5,bond,Bond issue construction work performed at High School.,"bond issue change order, as approved by Finance Committee: Stalco Construction $110,700.50 for work performed at High School.",https://files.smartsites.parentsquare.com/6796/dec03minutes.pdf,2003-12-01,False
West Islip Union Free School District,NCES-3630690,High School,general_construction,6_award,False,110700.5,bond,Work performed at High School under bond issue.,"bond issue change order, as approved by Finance Committee: Stalco Construction $110,700.50 for work performed at High School.",https://files.smartsites.parentsquare.com/6796/dec03minutes.pdf,2003-12-01,False
West Islip Union Free School District,NCES-3630690,,interiors,6_award,False,90000,unknown,FRP doors settlement and credit change order with Quad Construction.,"credit change order for $90,000 with Quad Construction (PAV-LAK) for FRP Doors",https://files.smartsites.parentsquare.com/6796/june03mins.pdf,2004-06-01,False
West Islip Union Free School District,NCES-3630690,,interiors,6_award,False,90000,unknown,FRP doors settlement and credit change order with construction contractor.,"credit change order for $90,000 with Quad Construction (PAV-LAK) for FRP Doors",https://files.smartsites.parentsquare.com/6796/june03mins.pdf,2004-06-01,False
West Islip Union Free School District,NCES-3630690,,maintenance_services,6_award,False,89693.35,operating budget,Refuse removal service contract.,"approve bid for refuse removal. Bid was awarded to Island Waste Services, $89,693.35",https://files.smartsites.parentsquare.com/6796/may04mins.pdf,2004-05-01,False
West Islip Union Free School District,NCES-3630690,,maintenance_services,6_award,False,89693.35,operating budget,Refuse removal service contract awarded.,"Bid was awarded to Island Waste Services, $89,693.35",https://files.smartsites.parentsquare.com/6796/may04mins.pdf,2004-05-01,False
West Islip Union Free School District,NCES-3630690,District,"interiors, abatement",6_award,False,75060,unknown,Flooring replacement and asbestos removal.,"Flooring Replacement and Asbestos Removal awarded to Country Carpet Distributors $75,060",https://files.smartsites.parentsquare.com/6796/june06mins.pdf,2006-06-01,False
West Islip Union Free School District,NCES-3630690,Multiple,"interiors, abatement",6_award,False,75060,unknown,Flooring replacement and asbestos removal contract awarded.,"Flooring Replacement and Asbestos Removal. Bid was awarded to Country Carpet Distributors, Inc. $75,060",https://files.smartsites.parentsquare.com/6796/june06mins.pdf,2006-06-01,False
West Islip Union Free School District,NCES-3630690,,general_construction,6_award,False,72835,bond,Bond issue change order allowance authorization for construction work.,"approve the following bond issue change order: allowance authorization for Watral Brothers - $72,835",https://files.smartsites.parentsquare.com/6796/august_2010_school_board_minutes.pdf,2010-08-01,False
West Islip Union Free School District,NCES-3630690,,general_construction,6_award,False,72835,bond,Bond issue work with allowance authorization for contractor.,"bond issue change order: allowance authorization for Watral Brothers - $72,835",https://files.smartsites.parentsquare.com/6796/august_2010_school_board_minutes.pdf,2010-08-01,False
West Islip Union Free School District,NCES-3630690,"Oquenock School, Westbrook",abatement,6_award,False,65340,operating_budget,Asbestos abatement work at multiple school buildings.,"Bid for Asbestos Abatement. Bid was awarded to JBH Environmental, Inc. in the following amounts: Oquenock School $51,369; Westbrook $13,971; total at all schools $65,340.",https://files.smartsites.parentsquare.com/6796/july05minutes.pdf,2005-07-01,False
West Islip Union Free School District,NCES-3630690,"Oquenock School, Westbrook",abatement,6_award,False,65340,operating budget,Asbestos abatement work at multiple school locations.,"approve bid for Asbestos Abatement. Bid was awarded to JBH Environmental, Inc. in the following amounts: Oquenock School $51,369; Westbrook $13,971",https://files.smartsites.parentsquare.com/6796/july05minutes.pdf,2005-07-01,False
West Islip Union Free School District,NCES-3630690,,site_athletics,6_award,False,62400,bond,Athletic field renovation project awarded.,"Bid was awarded to Custom Clay, Inc. for $62,400.",https://files.smartsites.parentsquare.com/6796/oct07mins.pdf,2007-10-01,False
West Islip Union Free School District,NCES-3630690,,site_athletics,6_award,False,62400,unknown,Athletic field renovation project bid awarded.,"Bid was awarded to Custom Clay, Inc. for $62,400.",https://files.smartsites.parentsquare.com/6796/oct07mins.pdf,2007-10-01,False
West Islip Union Free School District,NCES-3630690,,site_athletics,6_award,False,62400,unknown,Athletic field renovation project awarded.,"Bid was awarded to Custom Clay, Inc. for $62,400.",https://files.smartsites.parentsquare.com/6796/oct07mins.pdf,2007-10-01,False
West Islip Union Free School District,NCES-3630690,,abatement,6_award,False,62073,capital reserve,Asbestos abatement project awarded to environmental contractor.,"approve requisition for $62,073 for asbestos abatement to JBH Environmental, Inc.",https://files.smartsites.parentsquare.com/6796/nov05minutes.pdf,2005-11-01,False
West Islip Union Free School District,NCES-3630690,,abatement,6_award,False,62073,capital reserve,Asbestos abatement work requisitioned from environmental contractor.,"requisition for $62,073 for asbestos abatement to JBH Environmental, Inc.",https://files.smartsites.parentsquare.com/6796/nov05minutes.pdf,2005-11-01,False
West Islip Union Free School District,NCES-3630690,District,hvac_mechanical,6_award,False,62000,unknown,HVAC reconstruction.,"Contract No. 3 HVAC Reconstruction to Ultimate Power $62,000",https://files.smartsites.parentsquare.com/6796/june06mins.pdf,2006-06-01,False
West Islip Union Free School District,NCES-3630690,Multiple,hvac_mechanical,6_award,False,62000,unknown,HVAC reconstruction contract awarded.,"Contract No. 3 HVAC Reconstruction to Ultimate Power $62,000",https://files.smartsites.parentsquare.com/6796/june06mins.pdf,2006-06-01,False
West Islip Union Free School District,NCES-3630690,not specified,hvac_mechanical,6_award,False,62000,unknown,HVAC reconstruction work awarded to Ultimate Power.,"Contract No. 3 HVAC Reconstruction to Ultimate Power $62,000",https://files.smartsites.parentsquare.com/6796/june06mins.pdf,2006-06-01,False
West Islip Union Free School District,NCES-3630690,,general_construction,6_award,False,60000,unknown,Change order for Land Tek Group construction work.,"approve change order – Land Tek Group for $60,000.00",https://files.smartsites.parentsquare.com/6796/september_2009_school_board_minutes.pdf,2009-09-01,False
West Islip Union Free School District,NCES-3630690,,general_construction,6_award,False,60000,unknown,Change order for Land Tek Group construction work,"change order – Land Tek Group for $60,000.00",https://files.smartsites.parentsquare.com/6796/september_2009_school_board_minutes.pdf,2009-09-01,False
West Islip Union Free School District,NCES-3630690,,general_construction,6_award,False,60000,unknown,Change order for Land Tek Group construction work.,"approve change order – Land Tek Group for $60,000.00",https://files.smartsites.parentsquare.com/6796/september_2009_school_board_minutes2.pdf,2009-10-01,False
Western Suffolk Boces,NCES-3680860,Western Suffolk BOCES,hvac_mechanical,6_award,False,55000,operating budget,"Kitchen equipment maintenance, service and repairs for the 2023/24 school year.","KITCHEN EQUIPMENT – MAINTENANCE, SERVICE & REPAIRS BID#22/23-36IE2-GK hereby be extended for the 2023/24 school year",https://www.wsboces.org/wp-content/uploads/Agenda-March-14-2023-FULL.pdf,,
Western Suffolk Boces,NCES-3680860,Western Suffolk BOCES,maintenance_services,6_award,True,55000,operating budget,"Kitchen equipment maintenance, service and repairs for the district.","purchase orders for KITCHEN EQUIPMENT – MAINTENANCE, SERVICE & REPAIRS BID #22/23-36IE2-GK be issued",https://www.wsboces.org/wp-content/uploads/REVISED-Agenda-May-10-2022.pdf,,
West Islip Union Free School District,NCES-3630690,Library,general_construction,6_award,False,53615.77,bond,Library bond issue construction work with change order to general contractor.,"approve library bond issue change orders: $53,615.77 to Hirsch & Co., LLC",https://files.smartsites.parentsquare.com/6796/march04mins.pdf,2004-03-01,False
West Islip Union Free School District,NCES-3630690,Library (bond issue project),general_construction,6_award,False,53615.77,bond,General construction or site work for library bond issue project.,"$53,615.77 to Hirsch & Co., LLC",https://files.smartsites.parentsquare.com/6796/march04mins.pdf,2004-03-01,False
Western Suffolk Boces,NCES-3680860,Western Suffolk BOCES,electrical_lighting,6_award,True,47904.93,operating budget,Electrical equipment and supplies for BOCES and municipal organizations for 2026/27 school year.,purchase orders for Electrical Equipment & Supplies Bid #26/27-16KM be issued to the following lowest responsible bidders,https://www.wsboces.org/wp-content/uploads/Agenda-August-4-2026-FULL.pdf,,
West Islip Union Free School District,NCES-3630690,,maintenance_services,6_award,False,44804.36,operating budget,District maintenance vehicle purchase awarded to vendor.,"Bid was awarded to Stevens Ford for $44,804.36.",https://files.smartsites.parentsquare.com/6796/march06mins.pdf,2006-03-01,False
West Islip Union Free School District,NCES-3630690,,maintenance_services,6_award,False,44804.36,operating budget,Maintenance vehicle purchase,"Bid was awarded to Stevens Ford for $44,804.36.",https://files.smartsites.parentsquare.com/6796/march06mins.pdf,2006-03-01,False
West Islip Union Free School District,NCES-3630690,Bayview,abatement,6_award,False,30249,unknown,Asbestos abatement.,"Asbestos Abatement at Bayview awarded to Milburn Sales Co. for $30,249",https://files.smartsites.parentsquare.com/6796/june06mins.pdf,2006-06-01,False
West Islip Union Free School District,NCES-3630690,Bayview,abatement,6_award,False,30249,unknown,Asbestos abatement contract awarded at Bayview.,"Asbestos Abatement at Bayview. Bid was awarded to Milburn Sales Co. for $30,249",https://files.smartsites.parentsquare.com/6796/june06mins.pdf,2006-06-01,False
West Islip Union Free School District,NCES-3630690,West Islip Public Library,general_construction,6_award,False,29839.8,unknown,Construction or renovation change order approved.,"West Islip Public Library change order - Lougene Inc. $29,839.80.",https://files.smartsites.parentsquare.com/6796/nov06mins.pdf,2006-11-01,False
West Islip Union Free School District,NCES-3630690,West Islip Public Library,general_construction,6_award,False,29839.8,unknown,Construction or renovation change order for West Islip Public Library.,"West Islip Public Library change order - Lougene Inc. $29,839.80",https://files.smartsites.parentsquare.com/6796/nov06mins.pdf,2006-11-01,False
West Islip Union Free School District,NCES-3630690,Captree,electrical_lighting,6_award,False,29100,unknown,Electrical reconstruction at Captree building awarded to electrical contractor.,"Electrical Reconstruction (Captree). Bid was awarded to Palace Electrical contractors, $29,100.",https://files.smartsites.parentsquare.com/6796/feb07mins.pdf,2007-02-01,False
West Islip Union Free School District,NCES-3630690,Captree,electrical_lighting,6_award,False,29100,unknown,Electrical reconstruction at Captree building.,"Bid for Electrical Reconstruction (Captree). Bid was awarded to Palace Electrical contractors, $29,100.",https://files.smartsites.parentsquare.com/6796/feb07mins.pdf,2007-02-01,False
West Islip Union Free School District,NCES-3630690,High School,general_construction,6_award,False,29000,unknown,Masonry reconstruction work including elevation repairs at high school.,"award of Contract No. 3: Masonry Reconstruction to Paza Construction, Base Bid-High School $23,000, Alternate No. 1 $6,400; total award $29,000",https://files.smartsites.parentsquare.com/6796/nov04mins.pdf,2004-11-01,False
West Islip Union Free School District,NCES-3630690,High School,interiors,6_award,False,29000,bond,Masonry reconstruction at high school,"award of Contract No. 3: Masonry Reconstruction to Paza Construction, Base Bid-High School $23,000, Alternate No. 1 $6,400; total award $29,000",https://files.smartsites.parentsquare.com/6796/nov04mins.pdf,2004-11-01,False
Western Suffolk Boces,NCES-3680860,21st Century School,site_athletics,6_award,True,26150,operating budget,Furnish and install interactive playground gym equipment.,FURNISH AND INSTALL LU (OR EQUAL) INTERACTIVE PLAYGROUND – GYM FOR THE 21ST CENTURY SCHOOL,https://www.wsboces.org/wp-content/uploads/REVISED-AGENDA-Dec-13-2022-FULL.pdf,,
Western Suffolk Boces,NCES-3680860,Western Suffolk BOCES,hvac_mechanical,6_award,False,25375,operating budget,Purchase of iConnect training unit multi-head mini split heat pump trainer for CTE curriculum.,"TECHNICAL TRAINING LABS INC awarded 1 item at $25,375.00",https://www.wsboces.org/wp-content/uploads/Agenda-Nov-23-FULL.pdf,,
Western Suffolk Boces,NCES-3680860,Western Suffolk BOCES,life_safety_security,6_award,True,25000,operating budget,Mobotix equipment installation and repairs contract extension for 2022/23 school year.,"contract for MOBOTIX EQUIPMENT, INSTALLATION & REPAIRS hereby be extended for the 2022/23 school year",https://www.wsboces.org/wp-content/uploads/REVISED-Agenda-May-10-2022.pdf,,
West Islip Union Free School District,NCES-3630690,,hvac_mechanical,6_award,False,24389,operating budget,Maintenance service for pneumatic and DDC control systems.,"Bid was awarded to County Pneumatic Controls, Inc. for total-contract + approximate labor $24,389.00.",https://files.smartsites.parentsquare.com/6796/dec06mins.pdf,2006-12-01,False
West Islip Union Free School District,NCES-3630690,,hvac_mechanical,6_award,False,24389,operating budget,Maintenance service for pneumatic and DDC control systems.,"Bid was awarded to County Pneumatic Controls, Inc. for total-contract + approximate labor $24,389.00.",https://files.smartsites.parentsquare.com/6796/dec06mins.pdf,2006-12-01,False
Western Suffolk Boces,NCES-3680860,Western Suffolk BOCES,electrical_lighting,6_award,False,23742.94,operating budget,Purchase of electrical equipment and supplies for the 2024/25 school year from multiple vendors.,purchase orders for ELECTRICAL EQUIPMENT & SUPPLIES BID #24/25-36KM be issued to the following lowest responsible bidders,https://www.wsboces.org/wp-content/uploads/Agenda-Aug-6-2024-FULL.pdf,,
Western Suffolk Boces,NCES-3680860,Western Suffolk BOCES,hvac_mechanical,6_award,False,22126.43,operating budget,HVAC equipment and supplies for the 2022/23 school year.,purchase orders for HVAC EQUIPMENT & SUPPLIES BID #22/23-27GK be issued to the following lowest responsible bidders,https://www.wsboces.org/wp-content/uploads/REVISED-Agenda-June-14-2022.pdf,,
West Islip Union Free School District,NCES-3630690,,plumbing,6_award,False,21482.35,bond,Bond payment to ARA Plumbing Corp for completed plumbing work.,"approve bond payment for $21,482.35 to ARA Plumbing Corp., as recommended by the Finance Committee.",https://files.smartsites.parentsquare.com/6796/oct04min.pdf,2004-10-01,False
West Islip Union Free School District,NCES-3630690,,hvac_mechanical,6_award,False,20460,operating budget,HVAC services contract with labor rate for repairs.,"approve bid for Heating, Ventilation and Air Conditioning Services. Bid was awarded to Sav More Mechanical Corp.",https://files.smartsites.parentsquare.com/6796/nov05minutes.pdf,2005-11-01,False
West Islip Union Free School District,NCES-3630690,,hvac_mechanical,6_award,False,20460,operating budget,"Heating, ventilation and air conditioning services contract awarded with hourly labor rate for repairs.","approve bid for Heating, Ventilation and Air Conditioning Services. Bid was awarded to Sav More Mechanical Corp.",https://files.smartsites.parentsquare.com/6796/nov05minutes.pdf,2005-11-01,False
West Islip Union Free School District,NCES-3630690,High School,electrical_lighting,6_award,False,20135,unknown,Electrical reconstruction at High School.,"Electrical Reconstruction at High School awarded to Roland's Electric for $20,135",https://files.smartsites.parentsquare.com/6796/june06mins.pdf,2006-06-01,False
West Islip Union Free School District,NCES-3630690,High School,electrical_lighting,6_award,False,20135,unknown,Electrical reconstruction contract awarded at High School.,"Electrical Reconstruction at High School. Bid was awarded to Roland's Electric for $20,135",https://files.smartsites.parentsquare.com/6796/june06mins.pdf,2006-06-01,False
Western Suffolk Boces,NCES-3680860,Western Suffolk BOCES,maintenance_services,6_award,False,20000,operating budget,Pest control and integrated pest management services for the 2023/24 school year.,contract for PEST CONTROL SERVICE BID#22/23-16IE2-GK hereby be extended for the 2023/24 school year,https://www.wsboces.org/wp-content/uploads/Agenda-March-14-2023-FULL.pdf,,
West Islip Union Free School District,NCES-3630690,,life_safety_security,6_award,False,19788,operating budget,Fire Alarm System Maintenance contract awarded.,"Fire Alarm System Maintenance: awarded to Electronic Systems, Inc. for $19,788.",https://files.smartsites.parentsquare.com/6796/may06.pdf,2006-05-01,False
West Islip Union Free School District,NCES-3630690,,life_safety_security,6_award,False,19788,operating budget,Fire alarm system maintenance annual contract.,"Fire Alarm System Maintenance: awarded to Electronic Systems, Inc. for $19,788.",https://files.smartsites.parentsquare.com/6796/may06.pdf,2006-05-01,False
West Islip Union Free School District,NCES-3630690,,general_construction,6_award,False,19095,bond,"Site work, surveying and land-related project management services continuation.","bond issue change order: Land Tek Group # 5 - $19,095.00",https://files.smartsites.parentsquare.com/6796/february_2010_school_board_minutes.pdf,2010-02-01,False
West Islip Union Free School District,NCES-3630690,Library,hvac_mechanical,6_award,False,18515.4,bond,HVAC work as part of library bond issue project with change order.,"approve library bond issue change orders: $18,515.40 to All Weather Temperature Control",https://files.smartsites.parentsquare.com/6796/march04mins.pdf,2004-03-01,False
West Islip Union Free School District,NCES-3630690,Library (bond issue project),hvac_mechanical,6_award,False,18515.4,bond,HVAC and temperature control work for library bond issue project.,"$18,515.40 to All Weather Temperature Control",https://files.smartsites.parentsquare.com/6796/march04mins.pdf,2004-03-01,False
Western Suffolk Boces,NCES-3680860,Western Suffolk BOCES,maintenance_services,6_award,True,18000,operating budget,Elevator and dumbwaiter maintenance and repair contract extension for 2022/23 school year.,contract for ELEVATOR & DUMBWAITER MAINTENANCE & REPAIR hereby be extended for the 2022/23 school year,https://www.wsboces.org/wp-content/uploads/REVISED-Agenda-May-10-2022.pdf,,
Western Suffolk Boces,NCES-3680860,Western Suffolk BOCES,hvac_mechanical,6_award,True,18000,operating budget,"Burner and boiler maintenance, repair, and fuel oil tank monitoring contract extension for 2022/23 school year.",contract for BURNER & BOILER MAINTENANCE & REPAIR & FUEL OIL TANK MONITORING hereby be extended for the 2022/23 school year,https://www.wsboces.org/wp-content/uploads/REVISED-Agenda-May-10-2022.pdf,,
Western Suffolk Boces,NCES-3680860,Western Suffolk BOCES,general_construction,6_award,False,17036.55,operating budget,Purchase of welding equipment and supplies for the 2024/25 school year from multiple vendors.,purchase orders for WELDING EQUIPMENT & SUPPLIES BID #24/25-18AN be issued to the following lowest responsible bidders,https://www.wsboces.org/wp-content/uploads/Agenda-Aug-6-2024-FULL.pdf,,
West Islip Union Free School District,NCES-3630690,District,electrical_lighting,6_award,False,15680,unknown,Electrical reconstruction.,"Contract No. 4 Electrical Reconstruction $15,680",https://files.smartsites.parentsquare.com/6796/june06mins.pdf,2006-06-01,False
West Islip Union Free School District,NCES-3630690,Multiple,electrical_lighting,6_award,False,15680,unknown,Electrical reconstruction contract awarded.,"Contract No. 4 Electrical Reconstruction $15,680",https://files.smartsites.parentsquare.com/6796/june06mins.pdf,2006-06-01,False
West Islip Union Free School District,NCES-3630690,not specified,electrical_lighting,6_award,False,15680,unknown,Electrical reconstruction work awarded.,"Contract No. 4 Electrical Reconstruction $15,680",https://files.smartsites.parentsquare.com/6796/june06mins.pdf,2006-06-01,False
West Islip Union Free School District,NCES-3630690,,site_athletics,6_award,False,15146,operating budget,Purchase and installation of an infield groomer for athletic field.,"Bid was awarded to Storr Tractor for $15,146.",https://files.smartsites.parentsquare.com/6796/jan04mins.pdf,2004-01-01,False
West Islip Union Free School District,NCES-3630690,,site_athletics,6_award,False,15146,operating budget,Purchase and installation of an infield groomer for athletic field maintenance.,"Bid was awarded to Storr Tractor for $15,146.",https://files.smartsites.parentsquare.com/6796/jan04mins.pdf,2004-01-01,False
Western Suffolk Boces,NCES-3680860,Western Suffolk BOCES,life_safety_security,6_award,True,15000,operating budget,"Door access control systems installation, maintenance and repair contract extension for 2022/23 school year.","contract for DOOR ACCESS CONTROL SYSTEMS INSTALLATION, MAINTENANCE & REPAIR hereby be extended for the 2022/23 school year",https://www.wsboces.org/wp-content/uploads/REVISED-Agenda-May-10-2022.pdf,,
West Islip Union Free School District,NCES-3630690,,hvac_mechanical,6_award,False,14118,operating budget,Refrigeration repair and service contract awarded.,"Bid was awarded to Long Island Equipment Service, Inc. with an estimated cost of labor of $14,118.",https://files.smartsites.parentsquare.com/6796/oct07mins.pdf,2007-10-01,False
West Islip Union Free School District,NCES-3630690,,hvac_mechanical,6_award,False,14118,operating budget,Refrigeration repair and service contract awarded.,"Bid was awarded to Long Island Equipment Service, Inc. with an estimated cost of labor of $14,118.",https://files.smartsites.parentsquare.com/6796/oct07mins.pdf,2007-10-01,False
West Islip Union Free School District,NCES-3630690,,hvac_mechanical,6_award,False,14118,operating budget,Refrigeration repair and service contract awarded.,"Bid was awarded to Long Island Equipment Service, Inc. with an estimated cost of labor of $14,118.",https://files.smartsites.parentsquare.com/6796/oct07mins.pdf,2007-10-01,False
West Islip Union Free School District,NCES-3630690,,general_construction,6_award,False,13905,bond,"Site work, surveying and land-related project management services.","bond issue change order: Land Tek Group # 4 - $13,905.00",https://files.smartsites.parentsquare.com/6796/february_2010_school_board_minutes.pdf,2010-02-01,False
West Islip Union Free School District,NCES-3630690,District,plumbing,6_award,False,13717,unknown,Plumbing reconstruction.,"Contract No. 2 Plumbing Reconstruction to ARA Plumbing $13,717",https://files.smartsites.parentsquare.com/6796/june06mins.pdf,2006-06-01,False
West Islip Union Free School District,NCES-3630690,Multiple,plumbing,6_award,False,13717,unknown,Plumbing reconstruction contract awarded.,"Contract No. 2 Plumbing Reconstruction to ARA Plumbing $13,717",https://files.smartsites.parentsquare.com/6796/june06mins.pdf,2006-06-01,False
West Islip Union Free School District,NCES-3630690,not specified,plumbing,6_award,False,13717,unknown,Plumbing reconstruction work awarded to ARA Plumbing.,"Contract No. 2 Plumbing Reconstruction to ARA Plumbing $13,717",https://files.smartsites.parentsquare.com/6796/june06mins.pdf,2006-06-01,False
Western Suffolk Boces,NCES-3680860,Western Suffolk BOCES,hvac_mechanical,6_award,True,13621.19,operating budget,HVAC equipment and supplies for BOCES and municipal organizations for 2026/27 school year.,purchase orders for HVAC Equipment & Supplies Bid #26-2710CP be issued to the following lowest responsible bidders,https://www.wsboces.org/wp-content/uploads/Agenda-August-4-2026-FULL.pdf,,
West Islip Union Free School District,NCES-3630690,,life_safety_security,6_award,False,13300,operating budget,Central Station Monitoring of Security and Fire Alarm Systems annual contract awarded.,"Central Station Monitoring of Security and Fire Alarm Systems: awarded to Advanced Systems Monitoring for annual contract price of $13,300.",https://files.smartsites.parentsquare.com/6796/may06.pdf,2006-05-01,False
West Islip Union Free School District,NCES-3630690,,life_safety_security,6_award,False,13300,operating budget,Central station monitoring of security and fire alarm systems annual contract.,"Central Station Monitoring of Security and Fire Alarm Systems: awarded to Advanced Systems Monitoring for annual contract price of $13,300.",https://files.smartsites.parentsquare.com/6796/may06.pdf,2006-05-01,False
Western Suffolk Boces,NCES-3680860,Western Suffolk BOCES,interiors,6_award,False,12445,operating budget,Furnish and install food service equipment,FURNISH & INSTALL FOOD SERVICE EQUIPMENT BID #21/22-93I-KM,https://www.wsboces.org/wp-content/uploads/Agenda-March-8-2022-1.pdf,,
West Islip Union Free School District,NCES-3630690,High School,abatement,6_award,False,12399,unknown,Asbestos abatement work at High School awarded to environmental contractor.,"Asbestos Abatement for High School. Bid was awarded to JBH Environmental, Inc., $12,399.",https://files.smartsites.parentsquare.com/6796/feb07mins.pdf,2007-02-01,False
West Islip Union Free School District,NCES-3630690,High School,abatement,6_award,False,12399,unknown,Asbestos abatement project at high school.,"Bid for Asbestos Abatement for High School. Bid was awarded to JBH Environmental, Inc., $12,399.",https://files.smartsites.parentsquare.com/6796/feb07mins.pdf,2007-02-01,False
Western Suffolk Boces,NCES-3680860,Western Suffolk BOCES,maintenance_services,6_award,True,10609.49,operating budget,Paint and painting supplies for facilities maintenance.,PAINT & PAINTING SUPPLIES BID #22/23-85WC purchase orders be issued,https://www.wsboces.org/wp-content/uploads/REVISED-AGENDA-Dec-13-2022-FULL.pdf,,
West Islip Union Free School District,NCES-3630690,High School,electrical_lighting,6_award,False,10277.26,bond,Electrical contracting work with change order adjustments.,"A.S.R. Electrical Contracting Inc. – Change Order #1 (High School) = ($10,277.26)",https://files.smartsites.parentsquare.com/6796/june_2011_school_board_minutes.pdf,2011-06-01,False
Western Suffolk Boces,NCES-3680860,Western Suffolk BOCES,life_safety_security,6_award,False,10000,operating budget,"Mobotix equipment, installation and repairs for video security systems.","Mobotix equipment, installation and repairs for Western Suffolk BOCES for the 2025/26 school year.",https://www.wsboces.org/wp-content/uploads/Agenda-June-24-2025-FULL.pdf,,
Western Suffolk Boces,NCES-3680860,Western Suffolk BOCES,electrical_lighting,6_award,False,10000,operating budget,Electrical labor services for the district.,purchase order for COST OF LABOR - ELECTRICAL BID #23/24-54IE3CP be issued to the following lowest bidders,https://www.wsboces.org/wp-content/uploads/August-8-2023-FULL.pdf,,
Western Suffolk Boces,NCES-3680860,Western Suffolk BOCES,life_safety_security,6_award,False,10000,operating budget,Security system central station monitoring and service for the 2023/24 school year.,SECURITY SYSTEM CENTRAL STATION MONITORING & SERVICE BID#22/23-54SIE3-WC hereby be extended for the 2023/24 school year,https://www.wsboces.org/wp-content/uploads/Agenda-March-14-2023-FULL.pdf,,
Western Suffolk Boces,NCES-3680860,Western Suffolk BOCES,electrical_lighting,6_award,True,10000,operating budget,Electrical labor services for the district.,purchase order for COST OF LABOR - ELECTRICAL #22/23-29IE3-GK be issued to the following lowest bidders,https://www.wsboces.org/wp-content/uploads/REVISED-Agenda-May-10-2022.pdf,,
West Islip Union Free School District,NCES-3630690,,hvac_mechanical,6_award,False,9240,operating budget,Boiler and breeching cleaning contract awarded on yearly base contract.,"Bid was awarded to Cunningham Duct Cleaning Co., Inc. with a yearly base contract price of $9,240.",https://files.smartsites.parentsquare.com/6796/oct07mins.pdf,2007-10-01,False
West Islip Union Free School District,NCES-3630690,,hvac_mechanical,6_award,False,9240,operating budget,Boiler and breeching cleaning annual contract awarded.,"Bid was awarded to Cunningham Duct Cleaning Co., Inc. with a yearly base contract price of $9,240.",https://files.smartsites.parentsquare.com/6796/oct07mins.pdf,2007-10-01,False
West Islip Union Free School District,NCES-3630690,,hvac_mechanical,6_award,False,9240,operating budget,Boiler and breeching cleaning contract awarded with yearly base price.,"Bid was awarded to Cunningham Duct Cleaning Co., Inc. with a yearly base contract price of $9,240.",https://files.smartsites.parentsquare.com/6796/oct07mins.pdf,2007-10-01,False
West Islip Union Free School District,NCES-3630690,,general_construction,6_award,False,9200,bond,Bond issue change order credit with Paza Contracting.,"approve bond issue change orders, as recommended by Finance Committee: credit of $9,200.00 to Paza Contracting",https://files.smartsites.parentsquare.com/6796/may05minutes.pdf,2005-05-01,False
West Islip Union Free School District,NCES-3630690,,general_construction,6_award,False,6940.22,bond,Library bond issue change orders for construction work.,"approve library bond issue change orders, pending receipt of signed documents: $2,633.47 and $4,306.75 to A.R. Kropp Co. & Sons",https://files.smartsites.parentsquare.com/6796/aug04.pdf,2004-08-01,False
West Islip Union Free School District,NCES-3630690,Library,general_construction,6_award,False,6940.22,bond,Library bond issue change order payments to contractor for completed work.,"approve library bond issue change orders, pending receipt of signed documents: $2,633.47 and $4,306.75 to A.R. Kropp Co. & Sons",https://files.smartsites.parentsquare.com/6796/aug04.pdf,2004-08-01,False
West Islip Union Free School District,NCES-3630690,,life_safety_security,6_award,False,6800,operating budget,Maintenance and repair of security alarm systems.,"Bid was awarded to Protective Management Systems, Inc. for base contract cost $6,800.",https://files.smartsites.parentsquare.com/6796/dec06mins.pdf,2006-12-01,False
West Islip Union Free School District,NCES-3630690,,life_safety_security,6_award,False,6800,operating budget,Maintenance and repair of security alarm systems.,"Bid was awarded to Protective Management Systems, Inc. for base contract cost $6,800.",https://files.smartsites.parentsquare.com/6796/dec06mins.pdf,2006-12-01,False
Western Suffolk Boces,NCES-3680860,Western Suffolk BOCES,electrical_lighting,6_award,True,6313.91,operating budget,Electrical equipment and supplies for the 2022/23 school year.,purchase orders for ELECTRICAL EQUIPMENT & SUPPLIES BID #22/23-26GK be issued to the following lowest responsible bidders,https://www.wsboces.org/wp-content/uploads/REVISED-Agenda-June-14-2022.pdf,,
West Islip Union Free School District,NCES-3630690,Beach Street,electrical_lighting,6_award,False,5564.32,bond,Electrical contracting work with change order adjustments.,"A.S.R. Electrical Contracting Inc. – Change Order #1 (Beach Street) = ($5,564.32)",https://files.smartsites.parentsquare.com/6796/june_2011_school_board_minutes.pdf,2011-06-01,False
West Islip Union Free School District,NCES-3630690,,general_construction,6_award,True,5500,bond,Bond issue construction work with change order processed.,"approve the following bond issue change order: Change Order # 3 – Baruti Construction, Corp. – $5,500.00",https://files.smartsites.parentsquare.com/6796/march_2010_school_board_minutes.pdf,2010-03-01,False
West Islip Union Free School District,NCES-3630690,,plumbing,6_award,False,5000,unknown,Plumbing work change order approved.,"Change order #1: ARA Plumbing Corp. ($5,000.)",https://files.smartsites.parentsquare.com/6796/nov06mins.pdf,2006-11-01,False
West Islip Union Free School District,NCES-3630690,Captree,electrical_lighting,6_award,False,5000,bond,"Ultimate Power electrical work with $5,000 credit change order.","bond issue change orders: HBAC $5,000. credit (Captree) Ultimate Power.",https://files.smartsites.parentsquare.com/6796/feb07mins.pdf,2007-02-01,False
West Islip Union Free School District,NCES-3630690,,plumbing,6_award,False,5000,unknown,Plumbing change order for ARA Plumbing Corp.,"Change order #1: ARA Plumbing Corp. ($5,000.)",https://files.smartsites.parentsquare.com/6796/nov06mins.pdf,2006-11-01,False
West Islip Union Free School District,NCES-3630690,,life_safety_security,6_award,False,4860,operating budget,Central Station Monitoring of Security and Fire Alarm Systems annual contract.,"approve bid for Central Station Monitoring of Security and Fire Alarm Systems. Bid was awarded to Protective Management Systems, for annual contract price of $4,860.",https://files.smartsites.parentsquare.com/6796/may2007.pdf,2007-05-01,False
West Islip Union Free School District,NCES-3630690,,life_safety_security,6_award,False,4860,operating budget,Central Station Monitoring of Security and Fire Alarm Systems annual contract.,"bid for Central Station Monitoring of Security and Fire Alarm Systems. Bid was awarded to Protective Management Systems, for annual contract price of $4,860.",https://files.smartsites.parentsquare.com/6796/may2007.pdf,2007-05-01,False
West Islip Union Free School District,NCES-3630690,,life_safety_security,6_award,False,4860,operating budget,Central station monitoring of security and fire alarm systems.,"bid for Central Station Monitoring of Security and Fire Alarm Systems. Bid was awarded to Protective Management Systems, for annual contract price of $4,860.",https://files.smartsites.parentsquare.com/6796/may2007.pdf,2007-05-01,False
Western Suffolk Boces,NCES-3680860,Western Suffolk BOCES,maintenance_services,6_award,True,4844.97,operating budget,Custodial equipment and supplies for recurring maintenance.,CUSTODIAL EQUIPMENT & SUPPLIES (RE-BID) purchase orders be issued,https://www.wsboces.org/wp-content/uploads/REVISED-AGENDA-Dec-13-2022-FULL.pdf,,
West Islip Union Free School District,NCES-3630690,not specified,interiors,6_award,False,4500,bond,Carpet distribution change order with cost reduction.,"Country Carpet Dist. – total deduct $4,500",https://files.smartsites.parentsquare.com/6796/march08mins.pdf,2008-03-01,False
West Islip Union Free School District,NCES-3630690,District (multiple locations),interiors,6_award,False,4500,bond,Carpet installation project with deduct change order.,"bond issue change orders: Country Carpet Dist. – total deduct $4,500",https://files.smartsites.parentsquare.com/6796/march08mins.pdf,2008-03-01,False
West Islip Union Free School District,NCES-3630690,,general_construction,6_award,False,3943.2,bond,Bond payment to CBS Whitcom for construction or project services.,"approve bond payment for $3,943.20 to CBS Whitcom, as recommended by the Finance Committee.",https://files.smartsites.parentsquare.com/6796/oct04min.pdf,2004-10-01,False
West Islip Union Free School District,NCES-3630690,,maintenance_services,6_award,False,3900,operating budget,Maintenance and Service Master/Secondary Clock Systems contract awarded.,"Maintenance and Service Master/Secondary Clock Systems: awarded to Electronic Systems, Inc. for $3,900.",https://files.smartsites.parentsquare.com/6796/may06.pdf,2006-05-01,False
West Islip Union Free School District,NCES-3630690,,maintenance_services,6_award,False,3900,operating budget,Maintenance and service for master/secondary clock systems annual contract.,"Maintenance and Service Master/Secondary Clock Systems: awarded to Electronic Systems, Inc. for $3,900.",https://files.smartsites.parentsquare.com/6796/may06.pdf,2006-05-01,False
West Islip Union Free School District,NCES-3630690,not specified,hvac_mechanical,6_award,False,3600,bond,Mechanical system change order with cost reduction.,"Walsh Mechanical – total deduct $3,600",https://files.smartsites.parentsquare.com/6796/march08mins.pdf,2008-03-01,False
West Islip Union Free School District,NCES-3630690,District (multiple locations),hvac_mechanical,6_award,False,3600,bond,HVAC mechanical work with deduct change order.,"bond issue change orders: Country Carpet Dist. – total deduct $4,500; and Walsh Mechanical – total deduct $3,600",https://files.smartsites.parentsquare.com/6796/march08mins.pdf,2008-03-01,False
West Islip Union Free School District,NCES-3630690,,site_athletics,6_award,False,3490,grant,Portable backstop and pitching machine for softball and baseball programs.,"approve donation, with thanks, of $3,490 for portable backstop and pitching machine for the softball and baseball programs, from West Islip Remembers.",https://files.smartsites.parentsquare.com/6796/aug05mins.pdf,2005-08-01,False
West Islip Union Free School District,NCES-3630690,,site_athletics,6_award,False,2755,donation,Bleachers purchase for athletic facilities.,"donation from West Islip Baseball Boosters Club: purchase of bleachers $2,755",https://files.smartsites.parentsquare.com/6796/may04mins.pdf,2004-05-01,False
West Islip Union Free School District,NCES-3630690,,site_athletics,6_award,False,2755,donation,Purchase of bleachers for athletic facilities funded by donation.,"donation, with thanks, from West Islip Baseball Boosters Club: purchase of bleachers $2,755.",https://files.smartsites.parentsquare.com/6796/may04mins.pdf,2004-05-01,False
West Islip Union Free School District,NCES-3630690,,electrical_lighting,6_award,False,2500,unknown,Change order credit with electrical contractor.,"change order # 1 – Locust Valley Electric (credit = $2,500)",https://files.smartsites.parentsquare.com/6796/june_2010_school_board_minutes.pdf,2010-06-01,False
Western Suffolk Boces,NCES-3680860,Western Suffolk BOCES,general_construction,6_award,False,1850.78,operating_budget,Welding equipment and supplies for 2022/23 school year.,purchase orders for WELDING EQUIPMENT & SUPPLIES (RE-BID) BID #22/23-66AN be issued to the following lowest responsible bidders,https://www.wsboces.org/wp-content/uploads/Agenda-Sept-13-2022-FULL-1.pdf,,
West Islip Union Free School District,NCES-3630690,,electrical_lighting,6_award,False,1785,bond,Bond issue change order credit for electrical work.,"approve bond issue change order, capital improvement: Credit $1,785 for Palace Electrical",https://files.smartsites.parentsquare.com/6796/may08mins.pdf,2008-05-01,False
West Islip Union Free School District,NCES-3630690,,electrical_lighting,6_award,False,1785,bond,Bond issue change order credit for electrical work.,"approve bond issue change order, capital improvement: Credit $1,785 for Palace Electrical",https://files.smartsites.parentsquare.com/6796/may08mins.pdf,2008-05-01,False
West Islip Union Free School District,NCES-3630690,Paul J. Bellew School,abatement,6_award,False,1500,bond,Additional abatement work via change order,"bond issue change order: $1500 to Boyle Services, Inc. for additional abatement work",https://files.smartsites.parentsquare.com/6796/05marchmins.pdf,2005-03-01,False
West Islip Union Free School District,NCES-3630690,Paul J. Bellew School,abatement,6_award,False,1500,bond,Additional asbestos or environmental abatement work.,"bond issue change order: $1500 to Boyle Services, Inc. for additional abatement work",https://files.smartsites.parentsquare.com/6796/05marchmins.pdf,2005-03-01,False
Western Suffolk Boces,NCES-3680860,Western Suffolk BOCES,hvac_mechanical,6_award,True,1137,operating budget,HVAC equipment and supplies for recurring maintenance.,HVAC EQUIPMENT & SUPPLIES (RE-BID) #22/23-87WC purchase orders be issued,https://www.wsboces.org/wp-content/uploads/REVISED-AGENDA-Dec-13-2022-FULL.pdf,,
West Islip Union Free School District,NCES-3630690,Udall Road M.S.,general_construction,6_award,False,1050,donation,Purchase of portable scoreboard for athletic facility.,"WI Coaches Association $2700. and Udall Road M.S. Activities Fund $1,050. for purchase of portable scoreboard at Udall",https://files.smartsites.parentsquare.com/6796/dec07mins.pdf,2007-12-01,False
West Islip Union Free School District,NCES-3630690,Udall Road,electrical_lighting,6_award,False,313.37,bond,Electrical contracting work with change order adjustments.,A.S.R. Electrical Contracting Inc. – Change Order #1 (Udall Road) = ($313.37),https://files.smartsites.parentsquare.com/6796/june_2011_school_board_minutes.pdf,2011-06-01,False
West Islip Union Free School District,NCES-3630690,,site_athletics,6_award,False,65,unknown,Gates and chain link fencing bid awarded to Ideal Fence Corp.,approve bid for Gates and Chain Link Fencing. Bid was awarded to Ideal Fence Corp. for hourly rate of $65.00,https://files.smartsites.parentsquare.com/6796/oct04min.pdf,2004-10-01,False
West Islip Union Free School District,NCES-3630690,,life_safety_security,6_award,False,,operating budget,Extension of contract for Fire Alarm System maintenance and Security Alarm System repair awarded to World Wide Security.,Maintenance and Repair of Security Alarm Systems and Central Station Monitoring awarded to World Wide Security.,https://files.smartsites.parentsquare.com/6796/june_2009_school_board_minutes.pdf,2009-06-01,False
West Islip Union Free School District,NCES-3630690,,electrical_lighting,6_award,False,,operating budget,Electrical Repair and Services contract awarded to Dennis Bott Electrical.,Electrical Repair and Services – awarded to Dennis Bott Electrical,https://files.smartsites.parentsquare.com/6796/june_2009_school_board_minutes.pdf,2009-06-01,False
West Islip Union Free School District,NCES-3630690,,general_construction,6_award,True,,unknown,Construction project with bids approved by the board.,"Motion was made by Mrs. LaRosa, seconded by Mr. Gellar, and carried when all board members present voted in favor to approve construction bids.",https://files.smartsites.parentsquare.com/6796/june_2009_school_board_minutes.pdf,2009-06-01,False
West Islip Union Free School District,NCES-3630690,,hvac_mechanical,6_award,False,,operating budget,"Heating, ventilation and air conditioning service contract.","approve bid for Heating, Ventilation and Air Conditioning Service Contract. Bid was awarded to One Source Energy Services, Inc.",https://files.smartsites.parentsquare.com/6796/nov07mins.pdf,2007-11-01,False
West Islip Union Free School District,NCES-3630690,,electrical_lighting,6_award,False,,operating budget,Electrical repairs and services.,approve bid for Electrical Repairs and Services. Bid was awarded to Dennis Bott Electrical Contracting Corp.,https://files.smartsites.parentsquare.com/6796/nov07mins.pdf,2007-11-01,False
West Islip Union Free School District,NCES-3630690,,site_athletics,6_award,False,,operating budget,Exterior bleacher installation.,approve bid for Exterior Bleacher installation. Bid was awarded to Frendolph Construction Corp.,https://files.smartsites.parentsquare.com/6796/nov07mins.pdf,2007-11-01,False
West Islip Union Free School District,NCES-3630690,,abatement,6_award,False,,operating budget,Asbestos abatement.,"approve bid for Asbestos Abatement. Bid was awarded to Boyle Services, Inc.",https://files.smartsites.parentsquare.com/6796/nov07mins.pdf,2007-11-01,False
West Islip Union Free School District,NCES-3630690,,plumbing,6_award,False,,operating budget,Plumbing reconstruction.,"approve bid for Plumbing Reconstruction. Bid was awarded to Valco, Inc.",https://files.smartsites.parentsquare.com/6796/nov07mins.pdf,2007-11-01,False
West Islip Union Free School District,NCES-3630690,,electrical_lighting,6_award,False,,operating budget,Electrical reconstruction.,approve bid for Electrical Reconstruction. Bid was awarded to Locust Valley Electric.,https://files.smartsites.parentsquare.com/6796/nov07mins.pdf,2007-11-01,False
West Islip Union Free School District,NCES-3630690,,site_athletics,6_award,False,,unknown,Gates and chain link fencing project awarded to contractor.,Motion was made...to approve bid for Gates and Chain Link Fencing. Bid was awarded to Ideal Fence.,https://files.smartsites.parentsquare.com/6796/dec07mins.pdf,2007-12-01,False
West Islip Union Free School District,NCES-3630690,,hvac_mechanical,6_award,False,,operating budget,Boiler maintenance contract awarded to Bain Heating and Piping Corp.,approve bid for Boiler Maintenance. Bid was awarded to Bain Heating and Piping Corp.,https://files.smartsites.parentsquare.com/6796/feb08mins.pdf,2008-02-01,False
West Islip Union Free School District,NCES-3630690,,roofing,6_award,False,,operating budget,"Roof repairs contract awarded to Best Roofing of NJ, Inc.","approve bid for Roof Repairs. Bid was awarded to Best Roofing of NJ, Inc.",https://files.smartsites.parentsquare.com/6796/feb08mins.pdf,2008-02-01,False
West Islip Union Free School District,NCES-3630690,,plumbing,6_award,False,,operating budget,Cleaning of closed drainage systems contract awarded to National Water Main Cleaning Co.,approve bid for Cleaning of Closed Drainage Systems. Bid was awarded to National Water Main Cleaning Co.,https://files.smartsites.parentsquare.com/6796/feb08mins.pdf,2008-02-01,False
West Islip Union Free School District,NCES-3630690,,life_safety_security,6_award,False,,operating budget,Fire alarm system maintenance and repair contract extended to World Wide Security.,Maintenance and Service of Fire Alarm Systems...awarded to World Wide Security.,https://files.smartsites.parentsquare.com/6796/june_2009_school_board_minutes.pdf,2009-06-01,False
West Islip Union Free School District,NCES-3630690,Not specified,general_construction,6_award,False,,bond,"Bond issue project change orders approved, including carpet and mechanical work.","approve bond issue change orders: Country Carpet Dist. – total deduct $4,500; and Walsh Mechanical – total deduct $3,600.",https://files.smartsites.parentsquare.com/6796/march08mins.pdf,2008-03-01,False
West Islip Union Free School District,NCES-3630690,,electrical_lighting,6_award,False,,unknown,Electrical repair and services contract awarded to Dennis Bott Electrical Contracting.,"approve bid for Electrical Repair and Services. Bid was awarded to Dennis Bott Electrical Contracting, Corp.",https://files.smartsites.parentsquare.com/6796/aug06mins.pdf,2006-08-01,False
West Islip Union Free School District,NCES-3630690,,hvac_mechanical,6_award,False,,operating budget,Boiler breaching repair work awarded to contractor.,Boiler Breaching Repair Work—awarded to Boilermatic Corp,https://files.smartsites.parentsquare.com/6796/oct06mins.pdf,2006-10-01,False
West Islip Union Free School District,NCES-3630690,,general_construction,6_award,True,,unknown,Construction bids were approved by the board.,"Motion was made by Mrs. LaRosa, seconded by Mr. Gellar, and carried when all board members present voted in favor to approve construction bids.",https://files.smartsites.parentsquare.com/6796/june_2009_school_board_minutes.pdf,2009-06-01,False
West Islip Union Free School District,NCES-3630690,,life_safety_security,6_award,False,,unknown,"Portable two-way radio, intercom, audio repair and soundfield system repairs awarded to Associated Audio Service.","bid for Portable Two-Way Radio, Intercom, Audio Repair and Soundfield System Repairs. Bid was awarded to Associated Audio Service.",https://files.smartsites.parentsquare.com/6796/feb07mins.pdf,2007-02-01,False
West Islip Union Free School District,NCES-3630690,,electrical_lighting,6_award,False,,operating_budget,Electrical repair and services contract awarded.,"Bid for Electrical Repair and Services. Bid was awarded to Dennis Bott Electrical Contracting, Corp.",https://files.smartsites.parentsquare.com/6796/july05minutes.pdf,2005-07-01,False
West Islip Union Free School District,NCES-3630690,,life_safety_security,6_award,False,,operating budget,Settlement agreement with Commercial Door System authorized for signature.,approve resolution authorizing Board of Education President signing settlement agreement with Commercial Door System.,https://files.smartsites.parentsquare.com/6796/may06.pdf,2006-05-01,False
West Islip Union Free School District,NCES-3630690,Library,interiors,6_award,False,,bond,Library bond issue change orders approved by Finance Committee.,"approve Library bond issue change orders, as recommended by Finance Committee.",https://files.smartsites.parentsquare.com/6796/june03mins.pdf,2004-06-01,False
West Islip Union Free School District,NCES-3630690,Udall Road Middle School,site_athletics,6_award,False,,donation,Installation of pavers at courtyard,donation of labor for installation of pavers at Udall Road Middle School courtyard,https://files.smartsites.parentsquare.com/6796/05marchmins.pdf,2005-03-01,False
West Islip Union Free School District,NCES-3630690,,site_athletics,6_award,False,,operating budget,Tree pruning and care services.,approved bid for Tree Pruning and Care Services. Bid was awarded to Stapleton Tree and Landscape Service.,https://files.smartsites.parentsquare.com/6796/sept2006mins.pdf,2006-09-01,False
West Islip Union Free School District,NCES-3630690,,maintenance_services,6_award,False,,operating budget,Fire alarm and security alarm systems maintenance and monitoring contract extended to World Wide Security.,Maintenance and Repair of Security Alarm Systems and Central Station Monitoring...awarded to World Wide Security.,https://files.smartsites.parentsquare.com/6796/june_2009_school_board_minutes.pdf,2009-06-01,False
West Islip Union Free School District,NCES-3630690,,site_athletics,6_award,False,,operating budget,Snow removal and ice control services for district facilities.,approved bid for Snow Removal and Ice Control. Bid was awarded to Quintal Contracting Corp.,https://files.smartsites.parentsquare.com/6796/sept2006mins.pdf,2006-09-01,False
West Islip Union Free School District,NCES-3630690,,site_athletics,6_award,False,,operating budget,Tree pruning and care services for district properties.,approve bid for Tree Pruning and Care Services. Bid was awarded to Stapleton Tree and Landscape Service.,https://files.smartsites.parentsquare.com/6796/sept2006mins.pdf,2006-09-01,False
West Islip Union Free School District,NCES-3630690,,maintenance_services,6_award,False,,operating budget,Tree pruning and care services contract extended to Stapleton Tree & Landscape.,Tree Pruning and Care Services – awarded to Stapleton Tree & Landscape.,https://files.smartsites.parentsquare.com/6796/june_2009_school_board_minutes.pdf,2009-06-01,False
West Islip Union Free School District,NCES-3630690,,maintenance_services,6_award,False,,operating budget,Refrigeration repair and service contract awarded to Commercial Instrumentation Services.,approve bid for Refrigeration Repair and Service. Bid was awarded to Commercial Instrumentation Services.,https://files.smartsites.parentsquare.com/6796/aug05mins.pdf,2005-08-01,False
West Islip Union Free School District,NCES-3630690,,maintenance_services,6_award,False,,operating budget,Tree pruning and care services for district properties.,approve bid for Tree Pruning and Care Services. Bid was awarded to Asplundh Tree Expert Company.,https://files.smartsites.parentsquare.com/6796/sept05mins.pdf,2005-09-01,False
West Islip Union Free School District,NCES-3630690,,maintenance_services,6_award,False,,operating budget,Snow removal and ice control services for district properties.,approve bid for Snow Removal and Ice Control. Bid was awarded to Stang Landscaping.,https://files.smartsites.parentsquare.com/6796/sept05mins.pdf,2005-09-01,False
West Islip Union Free School District,NCES-3630690,,maintenance_services,6_award,False,,operating budget,Boiler breeching and repair work bid extension awarded.,"Boiler Breeching and Repair Work – awarded to Ultimate Power, Inc.",https://files.smartsites.parentsquare.com/6796/may_2011_school_board_minutes.pdf,2011-05-01,False
West Islip Union Free School District,NCES-3630690,,maintenance_services,6_award,False,,unknown,Maintenance and service contract for pneumatic and DDC control systems bid extension awarded.,"Maintenance and Service Pneumatic and DDC Control Systems – awarded to Cardinal Control Systems, Inc.",https://files.smartsites.parentsquare.com/6796/july_2009_school_board_minutes.pdf,2009-07-01,False
West Islip Union Free School District,NCES-3630690,,site_athletics,6_award,False,,unknown,Snow removal and ice control bid extension awarded to Stang Landscaping Corp.,Snow Removal and Ice Control – awarded to Stang Landscaping Corp.,https://files.smartsites.parentsquare.com/6796/july_2009_school_board_minutes.pdf,2009-07-01,False
West Islip Union Free School District,NCES-3630690,District,site_athletics,6_award,False,,operating budget,Snow removal and ice control services.,approved bid for Snow Removal and Ice Control. Bid was awarded to Quintal Contracting Corp.,https://files.smartsites.parentsquare.com/6796/sept2006mins.pdf,2006-09-01,False
West Islip Union Free School District,NCES-3630690,,site_athletics,6_award,False,,operating budget,Tree pruning and care services for district properties.,approve bid for Tree Pruning and Care Services. Bid was awarded to Asplundh Tree Expert Company.,https://files.smartsites.parentsquare.com/6796/sept05mins.pdf,2005-09-01,False
West Islip Union Free School District,NCES-3630690,,site_athletics,6_award,False,,operating budget,Snow removal and ice control services for district properties.,approve bid for Snow Removal and Ice Control. Bid was awarded to Stang Landscaping.,https://files.smartsites.parentsquare.com/6796/sept05mins.pdf,2005-09-01,False
West Islip Union Free School District,NCES-3630690,,maintenance_services,6_award,False,,unknown,Settlement agreement with Commercial Door System regarding door systems.,approve resolution authorizing Board of Education President signing settlement agreement with Commercial Door System.,https://files.smartsites.parentsquare.com/6796/may06.pdf,2006-05-01,False
West Islip Union Free School District,NCES-3630690,,maintenance_services,6_award,False,,unknown,Snow removal and ice control bid extension awarded to Stang Landscaping Corp.,Snow Removal and Ice Control – awarded to Stang Landscaping Corp.,https://files.smartsites.parentsquare.com/6796/july_2009_school_board_minutes.pdf,2009-07-01,False
West Islip Union Free School District,NCES-3630690,,maintenance_services,6_award,False,,unknown,Maintenance and service of pneumatic and DDC control systems bid extension awarded.,"Maintenance and Service Pneumatic and DDC Control Systems – awarded to Cardinal Control Systems, Inc.",https://files.smartsites.parentsquare.com/6796/july_2009_school_board_minutes.pdf,2009-07-01,False
West Islip Union Free School District,NCES-3630690,,maintenance_services,6_award,False,,operating budget,Boiler breeching and repair work contract awarded.,"Boiler Breeching and Repair Work – awarded to Ultimate Power, Inc.",https://files.smartsites.parentsquare.com/6796/may_2011_school_board_minutes.pdf,2011-05-01,False
West Islip Union Free School District,NCES-3630690,,maintenance_services,6_award,False,,operating budget,Bid award for boiler breeching and repair work,"Boiler Breeching and Repair Work – awarded to Ultimate Power, Inc.",https://files.smartsites.parentsquare.com/6796/may_2011_school_board_minutes.pdf,2011-05-01,False
West Islip Union Free School District,NCES-3630690,,maintenance_services,6_award,False,,operating budget,Bid award for maintenance and service of pneumatic and DDC control systems,"Maintenance and Service for Pneumatic and DDC Control Systems – awarded to Cardinal Control Systems, Inc.",https://files.smartsites.parentsquare.com/6796/may_2011_school_board_minutes.pdf,2011-05-01,False
West Islip Union Free School District,NCES-3630690,Unknown,maintenance_services,6_award,False,,operating budget,Maintenance service for pneumatic and DDC control systems awarded,"Maintenance Service for Pneumatic and DDC Control Systems – awarded to Cardinal Control Systems, Inc.",https://files.smartsites.parentsquare.com/6796/june_2010_school_board_minutes.pdf,2010-06-01,False
West Islip Union Free School District,NCES-3630690,,site_athletics,6_award,False,,operating_budget,Snow removal and ice control services for the district.,approve bid for Snow Removal and Ice Control. Bid was awarded to Stang Landscaping Corp.,https://files.smartsites.parentsquare.com/6796/sept07mins.pdf,2007-09-01,False
West Islip Union Free School District,NCES-3630690,,site_athletics,6_award,False,,operating budget,Site improvements and landscaping maintenance including tree pruning and care services,Tree Pruning and Care Services – awarded to Asplundh Tree Expert Company,https://files.smartsites.parentsquare.com/6796/june_2010_school_board_minutes.pdf,2010-06-01,False
West Islip Union Free School District,NCES-3630690,High School,site_athletics,6_award,False,,unknown,Pole vault mat and weather cover bid awarded.,Pole Vault Mat and Weather Cover for Pole Vault Pit awarded to VS Athletics,https://files.smartsites.parentsquare.com/6796/november_2010_school_board_minutes.pdf,2010-11-01,False
West Islip Union Free School District,NCES-3630690,VS Athletics,site_athletics,6_award,False,,unknown,Pole vault mat and weather cover bid approval.,VS Athletics – 1 Pole Vault Mat (Gill #656) and Weather Cover,https://files.smartsites.parentsquare.com/6796/november_2010_school_board_minutes.pdf,2010-11-01,False
West Islip Union Free School District,NCES-3630690,,maintenance_services,6_award,False,,operating budget,Snow removal and ice control services,Snow Removal and Ice Control – awarded to Stang Landscaping Corp.,https://files.smartsites.parentsquare.com/6796/june_2010_school_board_minutes.pdf,2010-06-01,False
West Islip Union Free School District,NCES-3630690,,site_athletics,6_award,True,,operating budget,Snow removal and ice control services for the district.,approve bid for Snow Removal and Ice Control. Bid was awarded to Stang Landscaping Corp.,https://files.smartsites.parentsquare.com/6796/sept07mins.pdf,2007-09-01,False
West Islip Union Free School District,NCES-3630690,,hvac_mechanical,6_award,False,,operating budget,Maintenance and service for pneumatic and DDC control systems bid extension.,"Maintenance and Service for Pneumatic and DDC Control Systems – awarded to Cardinal Control Systems, Inc.",https://files.smartsites.parentsquare.com/6796/may_2011_school_board_minutes.pdf,2011-05-01,False
West Islip Union Free School District,NCES-3630690,,envelope_windows,6_award,False,,unknown,Windows bid awarded to Arrow Steel Window Corp.,approve the following bid: Windows – awarded to Arrow Steel Window Corp.,https://files.smartsites.parentsquare.com/6796/july_2009_school_board_minutes.pdf,2009-07-01,False
West Islip Union Free School District,NCES-3630690,Paul J. Bellew School,site_athletics,6_award,False,,bond,Site improvements Phase 1 Part 2 project awarded to contractor.,Site Improvements – Phase 1/Part 2 – Paul J. Bellew School – awarded to Ruttura & Sons,https://files.smartsites.parentsquare.com/6796/june_2010_school_board_minutes.pdf,2010-06-01,False
West Islip Union Free School District,NCES-3630690,,general_construction,6_award,False,,bond,Bond-funded construction change orders requiring board approval.,time sensitive bond change orders,https://files.smartsites.parentsquare.com/6796/may_2009_school_board_minutes.pdf,2009-05-01,False
West Islip Union Free School District,NCES-3630690,,hvac_mechanical,6_award,False,,operating budget,"Heating, Ventilation and Air Conditioning Service Contract","approve bid for Heating, Ventilation and Air Conditioning Service Contract. Bid was awarded to One Source Energy Services, Inc.",https://files.smartsites.parentsquare.com/6796/nov07mins.pdf,2007-11-01,False
West Islip Union Free School District,NCES-3630690,,electrical_lighting,6_award,False,,operating budget,Electrical Repairs and Services,approve bid for Electrical Repairs and Services. Bid was awarded to Dennis Bott Electrical Contracting Corp.,https://files.smartsites.parentsquare.com/6796/nov07mins.pdf,2007-11-01,False
West Islip Union Free School District,NCES-3630690,,site_athletics,6_award,False,,operating budget,Exterior Bleacher installation,approve bid for Exterior Bleacher installation. Bid was awarded to Frendolph Construction Corp.,https://files.smartsites.parentsquare.com/6796/nov07mins.pdf,2007-11-01,False
West Islip Union Free School District,NCES-3630690,,site_athletics,6_award,False,,unknown,Gates and chain link fencing installation.,approve bid for Gates and Chain Link Fencing. Bid was awarded to Ideal Fence.,https://files.smartsites.parentsquare.com/6796/dec07mins.pdf,2007-12-01,False
West Islip Union Free School District,NCES-3630690,,abatement,6_award,False,,operating budget,Asbestos Abatement,"approve bid for Asbestos Abatement. Bid was awarded to Boyle Services, Inc.",https://files.smartsites.parentsquare.com/6796/nov07mins.pdf,2007-11-01,False
West Islip Union Free School District,NCES-3630690,,plumbing,6_award,False,,operating budget,Plumbing Reconstruction,"approve bid for Plumbing Reconstruction. Bid was awarded to Valco, Inc.",https://files.smartsites.parentsquare.com/6796/nov07mins.pdf,2007-11-01,False
West Islip Union Free School District,NCES-3630690,,electrical_lighting,6_award,False,,operating budget,Electrical Reconstruction,approve bid for Electrical Reconstruction. Bid was awarded to Locust Valley Electric.,https://files.smartsites.parentsquare.com/6796/nov07mins.pdf,2007-11-01,False
West Islip Union Free School District,NCES-3630690,,hvac_mechanical,6_award,False,,operating budget,Boiler maintenance services contract awarded to vendor.,approve bid for Boiler Maintenance. Bid was awarded to Bain Heating and Piping Corp.,https://files.smartsites.parentsquare.com/6796/feb08mins.pdf,2008-02-01,False
West Islip Union Free School District,NCES-3630690,,roofing,6_award,False,,operating budget,Roof repairs contract awarded to vendor.,"approve bid for Roof Repairs. Bid was awarded to Best Roofing of NJ, Inc.",https://files.smartsites.parentsquare.com/6796/feb08mins.pdf,2008-02-01,False
West Islip Union Free School District,NCES-3630690,,plumbing,6_award,False,,operating budget,Closed drainage systems cleaning contract awarded to vendor.,approve bid for Cleaning of Closed Drainage Systems. Bid was awarded to National Water Main Cleaning Co.,https://files.smartsites.parentsquare.com/6796/feb08mins.pdf,2008-02-01,False
West Islip Union Free School District,NCES-3630690,,site_athletics,6_award,False,,operating budget,Snow removal and ice control services.,approved bid for Snow Removal and Ice Control. Bid was awarded to Quintal Contracting Corp.,https://files.smartsites.parentsquare.com/6796/sept2006mins.pdf,2006-09-01,False
West Islip Union Free School District,NCES-3630690,,electrical_lighting,6_award,False,,operating budget,Electrical repair and services contract awarded to Dennis Bott Electrical Contracting.,"approve bid for Electrical Repair and Services. Bid was awarded to Dennis Bott Electrical Contracting, Corp.",https://files.smartsites.parentsquare.com/6796/aug06mins.pdf,2006-08-01,False
West Islip Union Free School District,NCES-3630690,,hvac_mechanical,6_award,False,,operating budget,Boiler breaching repair work awarded to contractor.,Boiler Breaching Repair Work—awarded to Boilermatic Corp,https://files.smartsites.parentsquare.com/6796/oct06mins.pdf,2006-10-01,False
West Islip Union Free School District,NCES-3630690,,life_safety_security,6_award,False,,operating budget,"Portable two-way radio, intercom, audio repair and soundfield system repairs.",Bid was awarded to Associated Audio Service.,https://files.smartsites.parentsquare.com/6796/feb07mins.pdf,2007-02-01,False
West Islip Union Free School District,NCES-3630690,,electrical_lighting,6_award,False,,operating budget,Electrical repair and services contract awarded.,"approve bid for Electrical Repair and Services. Bid was awarded to Dennis Bott Electrical Contracting, Corp.",https://files.smartsites.parentsquare.com/6796/july05minutes.pdf,2005-07-01,False
West Islip Union Free School District,NCES-3630690,,hvac_mechanical,6_award,False,,operating budget,Refrigeration repair and service contract awarded.,approve bid for Refrigeration Repair and Service. Bid was awarded to Commercial Instrumentation Services.,https://files.smartsites.parentsquare.com/6796/aug05mins.pdf,2005-08-01,False
West Islip Union Free School District,NCES-3630690,,site_athletics,6_award,False,,unknown,Gates and chain link fencing installation.,approve bids for Gates and Chain Link Fencing (Ideal Fence Corp.),https://files.smartsites.parentsquare.com/6796/dec05mins.pdf,2005-12-01,False
West Islip Union Free School District,NCES-3630690,,hvac_mechanical,6_award,False,,unknown,Boiler maintenance services.,approve bids for Gates and Chain Link Fencing (Ideal Fence Corp.) and Boiler Maintenance (Bain Heating & Plumbing).,https://files.smartsites.parentsquare.com/6796/dec05mins.pdf,2005-12-01,False
West Islip Union Free School District,NCES-3630690,,hvac_mechanical,6_award,False,,unknown,Boiler maintenance bid awarded to Bain Heating & Piping Corp.,approve bid for Boiler Maintenance. Bid was awarded to Bain Heating & Piping Corp. for hourly rate,https://files.smartsites.parentsquare.com/6796/oct04min.pdf,2004-10-01,False
West Islip Union Free School District,NCES-3630690,Library,general_construction,6_award,False,,bond,Library bond issue change orders approved by Finance Committee.,"approve Library bond issue change orders, as recommended by Finance Committee",https://files.smartsites.parentsquare.com/6796/june03mins.pdf,2004-06-01,False
West Islip Union Free School District,NCES-3630690,,general_construction,6_award,False,,unknown,General construction for athletic storage buildings.,approve the following bid: General Construction – Athletic Storage Buildings.,https://files.smartsites.parentsquare.com/6796/june_2012_school_board_minutes.pdf,2012-06-01,False
West Islip Union Free School District,NCES-3630690,Masera Learning Center,plumbing,6_award,False,,unknown,Phase II Part 2 sewer work contract awarded to All Island Plumbing.,Phase II – Part 2 Sewer Work at the Masera Learning Center awarded to All Island Plumbing,https://files.smartsites.parentsquare.com/6796/july_2010_school_board_minutes.pdf,2010-07-01,False
West Islip Union Free School District,NCES-3630690,,hvac_mechanical,6_award,False,,unknown,Boiler breeching repair work.,Boiler Breeching Repair Work,https://files.smartsites.parentsquare.com/6796/june_2012_school_board_minutes.pdf,2012-06-01,False
West Islip Union Free School District,NCES-3630690,High School,site_athletics,6_award,False,,unknown,Pole vault mat and weather cover for pole vault pit awarded to vendor.,Pole Vault Mat and Weather Cover for Pole Vault Pit awarded to VS Athletics,https://files.smartsites.parentsquare.com/6796/november_2010_school_board_minutes.pdf,2010-11-01,False
West Islip Union Free School District,NCES-3630690,,hvac_mechanical,6_award,False,,unknown,Maintenance service for pneumatic and DDC control systems.,Maintenance Service for Pneumatic and DDC Control Systems,https://files.smartsites.parentsquare.com/6796/june_2012_school_board_minutes.pdf,2012-06-01,False
West Islip Union Free School District,NCES-3630690,,life_safety_security,6_award,False,,unknown,Fire alarm and security systems maintenance and monitoring.,Maintenance Service and Monitoring for Fire Alarm and Security Systems,https://files.smartsites.parentsquare.com/6796/june_2012_school_board_minutes.pdf,2012-06-01,False
West Islip Union Free School District,NCES-3630690,,hvac_mechanical,6_award,False,,unknown,Boiler maintenance service extension.,approve the following bid extensions: Boiler Maintenance,https://files.smartsites.parentsquare.com/6796/june_2012_school_board_minutes.pdf,2012-06-01,False
West Islip Union Free School District,NCES-3630690,Udall Road,electrical_lighting,6_award,False,,bond,Electrical contracting work with change order adjustment,A.S.R. Electrical Contracting Inc. – Change Order #1 (Udall Road),https://files.smartsites.parentsquare.com/6796/june_2011_school_board_minutes.pdf,2011-06-01,False
West Islip Union Free School District,NCES-3630690,High School,electrical_lighting,6_award,False,,bond,Electrical contracting work with change order adjustment,A.S.R. Electrical Contracting Inc. – Change Order #1 (High School),https://files.smartsites.parentsquare.com/6796/june_2011_school_board_minutes.pdf,2011-06-01,False
West Islip Union Free School District,NCES-3630690,Beach Street,electrical_lighting,6_award,False,,bond,Electrical contracting work with change order adjustment,A.S.R. Electrical Contracting Inc. – Change Order #1 (Beach Street),https://files.smartsites.parentsquare.com/6796/june_2011_school_board_minutes.pdf,2011-06-01,False
West Islip Union Free School District,NCES-3630690,,hvac_mechanical,6_award,False,,unknown,"Heating, Ventilation and Air Conditioning Service Contract awarded.","Heating, Ventilation and Air Conditioning Service Contract – awarded to Commercial Instrumentation Services",https://files.smartsites.parentsquare.com/6796/june_2011_school_board_minutes.pdf,2011-06-01,False
West Islip Union Free School District,NCES-3630690,,hvac_mechanical,6_award,False,,unknown,Boiler Maintenance service contract awarded.,Boiler Maintenance – awarded to Bain Heating and Piping Corp.,https://files.smartsites.parentsquare.com/6796/june_2011_school_board_minutes.pdf,2011-06-01,False
West Islip Union Free School District,NCES-3630690,,hvac_mechanical,6_award,False,,unknown,Boiler and Breeching Cleaning service contract awarded.,"Boiler and Breeching Cleaning – awarded to Thermotec Combustion, Inc.",https://files.smartsites.parentsquare.com/6796/june_2011_school_board_minutes.pdf,2011-06-01,False
West Islip Union Free School District,NCES-3630690,,roofing,6_award,False,,unknown,Roof Repairs service contract awarded.,"Roof Repairs – awarded to DNA Contracting, Inc.",https://files.smartsites.parentsquare.com/6796/june_2011_school_board_minutes.pdf,2011-06-01,False
West Islip Union Free School District,NCES-3630690,,site_athletics,6_award,False,,unknown,Gates and Chain Link Fencing bid awarded.,Gates and Chain Link Fencing – awarded to Ideal Fence Corp.,https://files.smartsites.parentsquare.com/6796/june_2011_school_board_minutes.pdf,2011-06-01,False
West Islip Union Free School District,NCES-3630690,,envelope_windows,6_award,False,,unknown,Windows bid awarded to Arrow Steel Window Corp.,Windows – awarded to Arrow Steel Window Corp.,https://files.smartsites.parentsquare.com/6796/july_2009_school_board_minutes.pdf,2009-07-01,False
West Islip Union Free School District,NCES-3630690,,site_athletics,6_award,False,,unknown,Athletic uniforms bid awarded to Port Jefferson Sports.,Athletic Uniforms – awarded to Port Jefferson Sports.,https://files.smartsites.parentsquare.com/6796/july_2009_school_board_minutes.pdf,2009-07-01,False
West Islip Union Free School District,NCES-3630690,,envelope_windows,6_award,False,,unknown,Windows bid awarded to Arrow Steel Window Corp.,Windows – awarded to Arrow Steel Window Corp.,https://files.smartsites.parentsquare.com/6796/july_2009_school_board_minutes.pdf,2009-07-01,False
West Islip Union Free School District,NCES-3630690,,hvac_mechanical,6_award,False,,unknown,Maintenance and service of pneumatic and DDC control systems bid extension awarded.,"Maintenance and Service Pneumatic and DDC Control Systems – awarded to Cardinal Control Systems, Inc.",https://files.smartsites.parentsquare.com/6796/july_2009_school_board_minutes.pdf,2009-07-01,False
West Islip Union Free School District,NCES-3630690,,hvac_mechanical,6_award,False,,operating budget,Maintenance and service for pneumatic and DDC control systems.,"Maintenance and Service for Pneumatic and DDC Control Systems – awarded to Cardinal Control Systems, Inc.",https://files.smartsites.parentsquare.com/6796/may_2011_school_board_minutes.pdf,2011-05-01,False
West Islip Union Free School District,NCES-3630690,,general_construction,6_award,False,,,School construction consultant contract approved by board.,approve School Construction Consultants contract,https://files.smartsites.parentsquare.com/6796/september_2009_school_board_minutes.pdf,2009-09-01,False
West Islip Union Free School District,NCES-3630690,,life_safety_security,6_award,False,,operating budget,"Fire alarm, security alarm maintenance, repair, and monitoring services.",Maintenance and Repair of Security Alarm Systems and Central Station Monitoring – awarded to World Wide Security,https://files.smartsites.parentsquare.com/6796/may_2011_school_board_minutes.pdf,2011-05-01,False
West Islip Union Free School District,NCES-3630690,,life_safety_security,6_award,False,,operating budget,Bid award for fire alarm system maintenance and security alarm system repair and monitoring,Maintenance and Repair of Security Alarm Systems and Central Station Monitoring – awarded to World Wide Security,https://files.smartsites.parentsquare.com/6796/may_2011_school_board_minutes.pdf,2011-05-01,False
West Islip Union Free School District,NCES-3630690,Unknown,roofing,6_award,False,,operating budget,Roof repair services awarded under ongoing maintenance contract,Roof Repairs – awarded to Saracino Construction Corp.,https://files.smartsites.parentsquare.com/6796/june_2010_school_board_minutes.pdf,2010-06-01,False
West Islip Union Free School District,NCES-3630690,Unknown,hvac_mechanical,6_award,False,,operating budget,HVAC maintenance services awarded under ongoing contract extension,HVAC – awarded to Inter-County Mechanical Corp.,https://files.smartsites.parentsquare.com/6796/june_2010_school_board_minutes.pdf,2010-06-01,False
West Islip Union Free School District,NCES-3630690,Unknown,plumbing,6_award,False,,operating budget,Boiler maintenance services awarded under ongoing contract extension,Boiler Maintenance – awarded to Bain Heating & Piping Corp.,https://files.smartsites.parentsquare.com/6796/june_2010_school_board_minutes.pdf,2010-06-01,False
West Islip Union Free School District,NCES-3630690,Unknown,electrical_lighting,6_award,False,,operating budget,Electrical repair services awarded under ongoing contract extension,Electrical Repairs – awarded to Dennis Bott Electrical Contracting Corp.,https://files.smartsites.parentsquare.com/6796/june_2010_school_board_minutes.pdf,2010-06-01,False
West Islip Union Free School District,NCES-3630690,Unknown,hvac_mechanical,6_award,False,,operating budget,Boiler breeching and cleaning services awarded under ongoing contract extension,Boiler/Breeching Cleaning – awarded to Cunningham Duct Cleaning Company,https://files.smartsites.parentsquare.com/6796/june_2010_school_board_minutes.pdf,2010-06-01,False
West Islip Union Free School District,NCES-3630690,Unknown,hvac_mechanical,6_award,False,,operating budget,Boiler breeching and repair work services awarded,"Boiler Breeching and Repair Work – awarded to Ultimate Power, Inc.",https://files.smartsites.parentsquare.com/6796/june_2010_school_board_minutes.pdf,2010-06-01,False
West Islip Union Free School District,NCES-3630690,Unknown,life_safety_security,6_award,False,,operating budget,"Fire alarm and security alarm systems maintenance, repair and monitoring services awarded","Maintenance and Service of Fire Alarm Systems, the Maintenance and Repair of Security Alarm Systems",https://files.smartsites.parentsquare.com/6796/june_2010_school_board_minutes.pdf,2010-06-01,False
West Islip Union Free School District,NCES-3630690,,roofing,6_award,False,,operating budget,Roof repairs maintenance and repair services,Roof Repairs – awarded to Saracino Construction Corp.,https://files.smartsites.parentsquare.com/6796/june_2010_school_board_minutes.pdf,2010-06-01,False
West Islip Union Free School District,NCES-3630690,,hvac_mechanical,6_award,False,,operating budget,HVAC maintenance service contract extension,HVAC – awarded to Inter-County Mechanical Corp.,https://files.smartsites.parentsquare.com/6796/june_2010_school_board_minutes.pdf,2010-06-01,False
West Islip Union Free School District,NCES-3630690,,electrical_lighting,6_award,False,,operating budget,Electrical repairs maintenance service contract extension,Electrical Repairs – awarded to Dennis Bott Electrical Contracting Corp.,https://files.smartsites.parentsquare.com/6796/june_2010_school_board_minutes.pdf,2010-06-01,False
West Islip Union Free School District,NCES-3630690,,hvac_mechanical,6_award,False,,unknown,Contract amendment with mechanical systems provider.,contract amendment with Johnson Controls,https://files.smartsites.parentsquare.com/6796/june_2010_school_board_minutes.pdf,2010-06-01,False
West Islip Union Free School District,NCES-3630690,,hvac_mechanical,6_award,False,,operating budget,HVAC service contract awarded to Inter County Mechanical Corp.,"Heating, Ventilation and Air Conditioning Service Contract – awarded to Inter County Mechanical Corp.",https://files.smartsites.parentsquare.com/6796/june_2009_school_board_minutes.pdf,2009-06-01,False
West Islip Union Free School District,NCES-3630690,,hvac_mechanical,6_award,False,,operating budget,Boiler and breeching cleaning service awarded to Cunningham Duct Cleaning Company.,"Boiler and Breeching Cleaning – awarded to Cunningham Duct Cleaning Company, Inc.",https://files.smartsites.parentsquare.com/6796/june_2009_school_board_minutes.pdf,2009-06-01,False
West Islip Union Free School District,NCES-3630690,,hvac_mechanical,6_award,False,,operating budget,Boiler maintenance service awarded to Bain Heating and Piping Corp.,Boiler Maintenance – awarded to Bain Heating and Piping Corp.,https://files.smartsites.parentsquare.com/6796/june_2009_school_board_minutes.pdf,2009-06-01,False
West Islip Union Free School District,NCES-3630690,,general_construction,6_award,False,,bond,Bond-funded construction change orders requiring board approval.,time sensitive bond change orders,https://files.smartsites.parentsquare.com/6796/may_2009_school_board_minutes.pdf,2009-05-01,False
West Islip Union Free School District,NCES-3630690,,life_safety_security,6_award,False,,operating budget,Fire alarm and security alarm systems maintenance and central station monitoring,"Maintenance and Service of Fire Alarm Systems, Maintenance and Repair of Security Alarm",https://files.smartsites.parentsquare.com/6796/june_2010_school_board_minutes.pdf,2010-06-01,False
West Islip Union Free School District,NCES-3630690,,hvac_mechanical,6_award,False,,operating budget,Boiler maintenance service contract extension,Boiler Maintenance – awarded to Bain Heating & Piping Corp.,https://files.smartsites.parentsquare.com/6796/june_2010_school_board_minutes.pdf,2010-06-01,False
West Islip Union Free School District,NCES-3630690,,hvac_mechanical,6_award,False,,operating budget,Boiler breeching cleaning service contract extension,Boiler/Breeching Cleaning – awarded to Cunningham Duct Cleaning Company,https://files.smartsites.parentsquare.com/6796/june_2010_school_board_minutes.pdf,2010-06-01,False
West Islip Union Free School District,NCES-3630690,,hvac_mechanical,6_award,False,,operating budget,Boiler breeching and repair work,"Boiler Breeching and Repair Work – awarded to Ultimate Power, Inc.",https://files.smartsites.parentsquare.com/6796/june_2010_school_board_minutes.pdf,2010-06-01,False
West Islip Union Free School District,NCES-3630690,,hvac_mechanical,6_award,False,,operating budget,Maintenance service for pneumatic and DDC control systems,Maintenance Service for Pneumatic and DDC Control Systems – awarded to Cardinal Control,https://files.smartsites.parentsquare.com/6796/june_2010_school_board_minutes.pdf,2010-06-01,False
West Islip Union Free School District,NCES-3630690,,roofing,6_award,False,,operating budget,Roof repairs service awarded to Saracino Construction Corporation.,Roof Repairs – awarded to Saracino Construction Corporation.,https://files.smartsites.parentsquare.com/6796/june_2009_school_board_minutes.pdf,2009-06-01,False
West Islip Union Free School District,NCES-3630690,,hvac_mechanical,6_award,False,,operating budget,"Heating, Ventilation and Air Conditioning Service Contract awarded to Inter County Mechanical Corp.","Heating, Ventilation and Air Conditioning Service Contract – awarded to Inter County Mechanical Corp.",https://files.smartsites.parentsquare.com/6796/june_2009_school_board_minutes.pdf,2009-06-01,False
West Islip Union Free School District,NCES-3630690,,roofing,6_award,False,,operating budget,Roof Repairs contract awarded to Saracino Construction Corporation.,Roof Repairs – awarded to Saracino Construction Corporation,https://files.smartsites.parentsquare.com/6796/june_2009_school_board_minutes.pdf,2009-06-01,False
West Islip Union Free School District,NCES-3630690,,hvac_mechanical,6_award,False,,unknown,Contract amendment with mechanical systems contractor.,contract amendment with Johnson Controls,https://files.smartsites.parentsquare.com/6796/june_2010_school_board_minutes.pdf,2010-06-01,False
West Islip Union Free School District,NCES-3630690,,electrical_lighting,6_award,False,,operating budget,Electrical repair and services contract awarded to Dennis Bott Electrical.,Electrical Repair and Services – awarded to Dennis Bott Electrical.,https://files.smartsites.parentsquare.com/6796/june_2009_school_board_minutes.pdf,2009-06-01,False
West Islip Union Free School District,NCES-3630690,,site_athletics,6_award,False,,operating budget,Gates and chain link fencing contract awarded to Ideal Fence Corp.,Gates and Chain Link Fencing – awarded to Ideal Fence Corp.,https://files.smartsites.parentsquare.com/6796/june_2009_school_board_minutes.pdf,2009-06-01,False
Brentwood Union Free School District,NCES-3605280,District facilities,"general_construction, maintenance_services",6_award,False,,operating budget,"General building services for maintenance, new construction, reconstruction and demolition services awarded to Belfor Long Island.","Board of Education hereby accepts the proposal of Belfor Long Island, LLC and awards a contract for General Building Services","https://www.bufsd.org/uploaded/BOE/2025-2026/3_Minute/June_18,_2026_Meeting_Minutes_Approved_.pdf",,
Brentwood Union Free School District,NCES-3605280,District,general_construction,6_award,True,,unknown,Architectural services contract awarded.,Board of Education hereby accepts the proposal of H2M and awards a contract for Architectural Services,"https://www.bufsd.org/uploaded/BOE/2026-2027/3_Minutes/August_20,_2026_Meeting_Minutes_Approved_.pdf",,
Brentwood Union Free School District,NCES-3605280,District-wide,general_construction,6_award,True,,unknown,"General building services involving maintenance, new construction, reconstruction and demolition.","Board of Education hereby amends the previously approved resolution awarding the contract to Belfor Long Island, LLC","https://www.bufsd.org/uploaded/BOE/2026-2027/3_Minutes/August_20,_2026_Meeting_Minutes_Approved_.pdf",,
West Islip Union Free School District,NCES-3630690,Not specified,interiors,6_award,True,,unknown,Settlement payment to replace FRP doors,"authorize Guercio & Guercio to settle the Pav-lak matter, cost to replace the FRP doors",https://files.smartsites.parentsquare.com/6796/july03mins.pdf,,
West Islip Union Free School District,NCES-3630690,,interiors,6_award,True,,settlement,Replace FRP doors after Pav-lak settlement matter.,authorize Guercio & Guercio to settle the Pav-lak matter...to replace the FRP doors,https://files.smartsites.parentsquare.com/6796/july03mins.pdf,,
Western Suffolk Boces,NCES-3680860,,,6_award,True,,unknown,Board approved bid awards to lowest responsible bidders meeting specifications.,Board voted unanimously to approve awards to the lowest bidders meeting specifications,https://www.wsboces.org/wp-content/uploads/Minutes-Nov-12-2025-final.pdf,,
Western Suffolk Boces,NCES-3680860,,general_construction,6_award,True,,unknown,Bid awards approved to lowest bidders meeting specifications.,Board voted to approve awards to the lowest bidders meeting specifications as listed on the schedule,https://www.wsboces.org/wp-content/uploads/Minutes-Sept-9-2025-final.pdf,,
Western Suffolk Boces,NCES-3680860,,general_construction,6_award,False,,unknown,Price increases and contract term extension for RFP #22/23-04P-IE5-LH vendors due to documented hardships and unforeseen conditions.,approves price increases for affected vendors under RFP #22/23-04P-IE5-LH in accordance with documented hardships,https://www.wsboces.org/wp-content/uploads/Minutes-June-10-2025-final.pdf,,
Western Suffolk Boces,NCES-3680860,Smithtown Central School District (participating entity),plumbing,6_award,True,,operating_budget,"Underground water distribution system installation, maintenance and repair services.","participate in Smithtown Central School District Bid for underground Water Distribution System – Installation, Maintenance & Repair",https://www.wsboces.org/wp-content/uploads/Minutes-Jan-14-2025-final.pdf,,
Western Suffolk Boces,NCES-3680860,,hvac_mechanical,6_award,True,,operating_budget,Automatic temperature control service and repair through participated bid contract.,Resolution to Participate in Three Village Central School District Bid #B20-003 for Automatic Temperature Control Service and Repair,https://www.wsboces.org/wp-content/uploads/Minutes-July-11-2023-FINAL.pdf,,
Western Suffolk Boces,NCES-3680860,,general_construction,6_award,True,,unknown,Board approval of bid awards for unspecified projects or purchases.,Approval of Bid Awards,https://www.wsboces.org/wp-content/uploads/Revised-Agenda-June-13-2023.pdf,,
Western Suffolk Boces,NCES-3680860,Three Village Central School District,hvac_mechanical,6_award,False,,unknown,Automatic temperature control service and repair contract.,participate in Three Village Central School District Bid #B20-003 for Automatic Temperature Control Service & Repair,https://www.wsboces.org/wp-content/uploads/Agenda-Aug-9-2022-REVISED-full.pdf,,
Western Suffolk Boces,NCES-3680860,Byram Hills School District,hvac_mechanical,6_award,False,,unknown,"HVAC on-call annual service for repair, installation and emergency services.",participate in Byram Hills School District HVAC ON-CALL ANNUAL SERVICE BID#21/22-02 for maintenance,https://www.wsboces.org/wp-content/uploads/Agenda-Aug-9-2022-REVISED-full.pdf,,
Western Suffolk Boces,NCES-3680860,Western Suffolk BOCES,life_safety_security,6_award,True,,operating budget,"Door access control systems installation, maintenance and repair services.","Door Access Control Systems Installation, Maintenance & Repair",https://www.wsboces.org/wp-content/uploads/REVISED-Agenda-May-10-2022.pdf,,
Western Suffolk Boces,NCES-3680860,Western Suffolk BOCES,maintenance_services,6_award,True,,operating budget,Elevator and dumbwaiter maintenance services.,Elevator/Dumbwaiter Maintenance,https://www.wsboces.org/wp-content/uploads/REVISED-Agenda-May-10-2022.pdf,,
Western Suffolk Boces,NCES-3680860,Western Suffolk BOCES,hvac_mechanical,6_award,True,,operating budget,Burner and boiler maintenance and repair services.,Burner & Boiler Maintenance & Repair,https://www.wsboces.org/wp-content/uploads/REVISED-Agenda-May-10-2022.pdf,,
Western Suffolk Boces,NCES-3680860,Western Suffolk BOCES,site_athletics,6_award,True,,operating budget,Asphalt repairs and maintenance.,Asphalt Repairs & Maintenance,https://www.wsboces.org/wp-content/uploads/REVISED-Agenda-May-10-2022.pdf,,
Western Suffolk Boces,NCES-3680860,Western Suffolk BOCES,plumbing,6_award,True,,operating budget,Sanitary system maintenance services.,Sanitary System Maintenance,https://www.wsboces.org/wp-content/uploads/REVISED-Agenda-May-10-2022.pdf,,
Western Suffolk Boces,NCES-3680860,,,6_award,True,,unknown,"Multiple bid awards to lowest qualified bidders per January 20, 2022 schedule.",Board voted unanimously to approve awards to the lowest bidders meeting specifications,https://www.wsboces.org/wp-content/uploads/Minutes-Special-Mtg-Jan-20-2022-FINAL-1.pdf,,
Western Suffolk Boces,NCES-3680860,,hvac_mechanical,6_award,True,,operating_budget,Automatic temperature control service and repair contract through Three Village Central School District bid.,Resolution to Participate in Three Village Central School District Bid #B20-003 for: Automatic Temperature Control Service and Repair,https://www.wsboces.org/wp-content/uploads/MInutes-October-12-2021-final.pdf,,
West Islip Union Free School District,NCES-3630690,Udall Road,electrical_lighting,6_award,False,-313.37,bond,Electrical work change order at Udall Road location.,A.S.R. Electrical Contracting Inc. – Change Order #1 (Udall Road) = ($313.37),https://files.smartsites.parentsquare.com/6796/june_2011_school_board_minutes.pdf,2011-06-01,False
West Islip Union Free School District,NCES-3630690,,electrical_lighting,6_award,False,-2500,unknown,"Electrical work change order providing a $2,500 credit.","change order # 1 – Locust Valley Electric (credit = $2,500)",https://files.smartsites.parentsquare.com/6796/june_2010_school_board_minutes.pdf,2010-06-01,False
West Islip Union Free School District,NCES-3630690,Beach Street,electrical_lighting,6_award,False,-5564.32,bond,Electrical work change order at Beach Street location.,"A.S.R. Electrical Contracting Inc. – Change Order #1 (Beach Street) = ($5,564.32)",https://files.smartsites.parentsquare.com/6796/june_2011_school_board_minutes.pdf,2011-06-01,False
West Islip Union Free School District,NCES-3630690,High School,electrical_lighting,6_award,False,-10277.26,bond,Electrical work change order at High School location.,"A.S.R. Electrical Contracting Inc. – Change Order #1 (High School) = ($10,277.26)",https://files.smartsites.parentsquare.com/6796/june_2011_school_board_minutes.pdf,2011-06-01,False
West Islip Union Free School District,NCES-3630690,West Islip Union Free School District facilities,general_construction,7_construction,False,22700000,bond,"Ongoing bond issue construction project with authority to approve change orders up to $10,000.","West Islip Union Free School District is in the process of a $22,700,000 bond issue construction project.",https://files.smartsites.parentsquare.com/6796/june_2009_school_board_minutes.pdf,2009-06-01,False
West Islip Union Free School District,NCES-3630690,West Islip Union Free School District,"hvac_mechanical, roofing, life_safety_security",7_construction,False,22700000,bond,Bond issue construction project with authorization for change orders and construction alternates.,"West Islip Union Free School District is in the process of a $22,700,000 bond issue construction project.",https://files.smartsites.parentsquare.com/6796/june_2009_school_board_minutes.pdf,2009-06-01,False
Mount Sinai Union Free School District,NCES-3620040,Mount Sinai High School,site_athletics,7_construction,True,1972567.2,capital reserve,"Bleachers, press box, fencing, backstop by varsity baseball field, parking lot cut-through, and related site work.","increases the amount awarded to Landtek Group by $1,972,567.20 to include the completion of the bleachers and press box, fencing and backstop",https://s3.amazonaws.com/scschoolfiles/4468/february_minutes_2019.pdf,,
West Islip Union Free School District,NCES-3630690,,general_construction,7_construction,False,682368.85,bond,"Bond payment to J.D. Posillico, Inc. for construction work.","approve bond payment for $682,368.85 to J.D. Posillico, Inc., as recommended by the Finance Committee",https://files.smartsites.parentsquare.com/6796/oct04min.pdf,2004-10-01,False
Western Suffolk Boces,NCES-3680860,Western Suffolk BOCES,interiors,7_construction,False,425000,operating budget,Audio visual equipment and whiteboard installation services for 2022/23 school year.,audio visual equipment and whiteboard installation services for 2022/23 school year,https://www.wsboces.org/wp-content/uploads/REVISED-Agenda-May-10-2022.pdf,,
Western Suffolk Boces,NCES-3680860,WT MP,interiors,7_construction,True,200000,capital reserve,Setup dental assistant program space,Setup dental assistant program space. Work in progress,https://www.wsboces.org/wp-content/uploads/Agenda-Aug-6-2024-FULL.pdf,,
Western Suffolk Boces,NCES-3680860,Western Suffolk BOCES,site_athletics,7_construction,False,150000,operating_budget,Snow removal service for the 2023/24 school year.,contract for SNOW REMOVAL SERVICE (RE-BID) #21/22-81SIE4-GK hereby be extended for the 2023/24 school year,https://www.wsboces.org/wp-content/uploads/Agenda-April-13-2023-FULL.pdf,,
Western Suffolk Boces,NCES-3680860,Western Suffolk BOCES,general_construction,7_construction,False,150000,operating budget,Environmental consulting services for facilities and component school districts for 2022/23.,extending environmental consulting engineer contract for 2022/23 school year,https://www.wsboces.org/wp-content/uploads/REVISED-Agenda-May-10-2022.pdf,,
Western Suffolk Boces,NCES-3680860,Admin,site_athletics,7_construction,True,125000,capital reserve,Retaining wall replacement North and South elevations,Retaining wall replacement North and South elevations. Work substantially complete,https://www.wsboces.org/wp-content/uploads/Agenda-Aug-6-2024-FULL.pdf,,
West Islip Union Free School District,NCES-3630690,,site_athletics,7_construction,False,100000,bond,Pav-Lak paving work with settlement and credit change order.,"approve credit change order for Pav-Lak in the amount of $100,000",https://files.smartsites.parentsquare.com/6796/aug03mins1.pdf,2003-08-01,False
West Islip Union Free School District,NCES-3630690,,site_athletics,7_construction,False,100000,bond,Pav-Lak stipulation of settlement with credit change order approved.,"approve credit change order for Pav-Lak in the amount of $100,000.",https://files.smartsites.parentsquare.com/6796/aug03mins1.pdf,2003-08-01,False
Western Suffolk Boces,NCES-3680860,JEA DH,site_athletics,7_construction,True,100000,capital reserve,Remove perimeter beds of building Phase 1 of 3,Remove perimeter beds of building Phase 1 of 3. Work substantially complete,https://www.wsboces.org/wp-content/uploads/Agenda-Aug-6-2024-FULL.pdf,,
Western Suffolk Boces,NCES-3680860,WT MP,interiors,7_construction,True,93500,capital,"Replace Carpets & Tile in Rooms 112, 114, 216-219, Main & Admin Office.","Replace Carpets & Tile in Rms 112,114, & 216-219. Work in progress",https://www.wsboces.org/wp-content/uploads/August-8-2023-FULL.pdf,,
West Islip Union Free School District,NCES-3630690,,general_construction,7_construction,False,86400,unknown,School construction consulting services contract addendum.,"contract addendum with School Construction Consultants, Inc. in the amount of $86,400",https://files.smartsites.parentsquare.com/6796/april_2011_school_board_minutes.pdf,2011-04-01,False
West Islip Union Free School District,NCES-3630690,,general_construction,7_construction,False,86400,bond,School construction consulting services contract addendum.,"contract addendum with School Construction Consultants, Inc. in the amount of $86,400",https://files.smartsites.parentsquare.com/6796/april_2011_school_board_minutes.pdf,2011-04-01,False
Brentwood Union Free School District,NCES-3605280,BHS – Sonderling Center,"general_construction, life_safety_security, interiors",7_construction,True,84802.84,unknown,"Reconstruction work including fireproofing, kitchen plumbing, and extended waste line for culinary arts building.","Change Orders for Ashlar Contracting, BHS – Sonderling Center Reconstruction General Work – ACT & Fireproofing, GC4-Kitchen Plumbing and Extended Waste Line","https://www.bufsd.org/uploaded/BOE/2026-2027/3_Minutes/August_20,_2026_Meeting_Minutes_Approved_.pdf",,
Western Suffolk Boces,NCES-3680860,Western Suffolk BOCES,site_athletics,7_construction,False,80000,operating_budget,Asphalt repairs and maintenance services for the 2023/24 school year.,contract for ASPHALT REPAIRS & MAINTENANCE (RE-BID) #21/22-64E3SI-GK hereby be extended for the 2023/24 school year,https://www.wsboces.org/wp-content/uploads/Agenda-April-13-2023-FULL.pdf,,
Western Suffolk Boces,NCES-3680860,Western Suffolk BOCES,site_athletics,7_construction,False,80000,operating budget,Asphalt repairs and maintenance services for the 2022/23 school year.,extending contract for asphalt repairs & maintenance for 2022/23 school year,https://www.wsboces.org/wp-content/uploads/REVISED-Agenda-May-10-2022.pdf,,
Western Suffolk Boces,NCES-3680860,JEA DH,life_safety_security,7_construction,True,75000,capital reserve,Replace interior door hardware with lockdown levers,Replace interior door hardware with lockdown levers. Work substantially complete,https://www.wsboces.org/wp-content/uploads/Agenda-Aug-6-2024-FULL.pdf,,
Western Suffolk Boces,NCES-3680860,JEA DH,interiors,7_construction,True,75000,unknown,Replace interior door hardware with lockdown levers.,Replace interior door hardware with lockdown levers,https://www.wsboces.org/wp-content/uploads/August-8-2023-FULL.pdf,,
West Islip Union Free School District,NCES-3630690,,electrical_lighting,7_construction,False,68953.27,unknown,Electrical power work with change orders for Ultimate Power and Cooper Power and Lighting.,"approve change orders: Ultimate Power, Inc. - #2R for $14,655.00; Ultimate Power, Inc. - #3R for $6,573.80; Cooper Power and Lighting Corp. - #3 for $18,482.84; Cooper Power and Lighting Corp. - #4 for $9,686.15; Cooper Power and Lighting Corp. - #5 for $19,555.48.",https://files.smartsites.parentsquare.com/6796/december_2010_school_board_minutes.pdf,2010-12-01,False
Western Suffolk Boces,NCES-3680860,Brennan,life_safety_security,7_construction,True,62500,capital reserve,Replace door knobs with lever handles,Replace door knobs with lever handles. Work is substantially complete,https://www.wsboces.org/wp-content/uploads/Agenda-Aug-6-2024-FULL.pdf,,
West Islip Union Free School District,NCES-3630690,,general_construction,7_construction,False,60000,unknown,Change order for construction work by Land Tek Group.,"approve change order – Land Tek Group for $60,000.00",https://files.smartsites.parentsquare.com/6796/september_2009_school_board_minutes2.pdf,2009-10-01,False
West Islip Union Free School District,NCES-3630690,,general_construction,7_construction,False,60000,unknown,Change order for Land Tek Group construction services.,"approve change order – Land Tek Group for $60,000.00",https://files.smartsites.parentsquare.com/6796/september_2009_school_board_minutes.pdf,2009-09-01,False
West Islip Union Free School District,NCES-3630690,,general_construction,7_construction,False,60000,unknown,Change order for Land Tek Group construction work.,"approve change order – Land Tek Group for $60,000.00",https://files.smartsites.parentsquare.com/6796/september_2009_school_board_minutes2.pdf,2009-10-01,False
Brentwood Union Free School District,NCES-3605280,BHS – Ross Center,hvac_mechanical,7_construction,True,57398.6,unknown,Mechanical work for rooftop gas revisions.,"Eastern Industrial Services MC3-01 $57,398.60 BHS – Ross Center Mechanical Work MC3 Rooftop Gas Revisions","https://www.bufsd.org/uploaded/BOE/2026-2027/3_Minutes/August_20,_2026_Meeting_Minutes_Approved_.pdf",,
Western Suffolk Boces,NCES-3680860,Western Suffolk BOCES,life_safety_security,7_construction,True,54500,operating budget,"Fire alarm panel maintenance, repairs, annual inspection and testing for 2022/23 school year.",Fire Alarm Annual Inspection and Testing for Western Suffolk BOCES for 2022/23 school year.,https://www.wsboces.org/wp-content/uploads/Agenda-Sept-13-2022-FULL-1.pdf,,
Western Suffolk Boces,NCES-3680860,WT DH,hvac_mechanical,7_construction,True,50000,capital reserve,Reorient classroom vs. lab in D2 (HVAC),Reorient classroom vs. lab in D2 (HVAC). Work in progress,https://www.wsboces.org/wp-content/uploads/Agenda-Aug-6-2024-FULL.pdf,,
Western Suffolk Boces,NCES-3680860,Brennan,interiors,7_construction,True,50000,capital,Replace HS Main Office 114 Doors.,Replace HS Main Office 114 Doors. Work in progress,https://www.wsboces.org/wp-content/uploads/August-8-2023-FULL.pdf,,
West Islip Union Free School District,NCES-3630690,Library,general_construction,7_construction,False,48267,bond,Library bond issue construction work with credit change order to LouGene.,"$48,267 to LouGene, Inc.",https://files.smartsites.parentsquare.com/6796/aug03mins1.pdf,2003-08-01,False
Western Suffolk Boces,NCES-3680860,JEA DH,site_athletics,7_construction,True,43000,capital reserve,New concrete walk/road South of POD storage area shuttle run,New concrete walk/road South of POD storage area. Work substantially complete,https://www.wsboces.org/wp-content/uploads/Agenda-Aug-6-2024-FULL.pdf,,
Western Suffolk Boces,NCES-3680860,Republic,interiors,7_construction,True,40000,capital reserve,Hone concrete floors of labs phase 1,Hone concrete floors of labs phase 1. Work is substantially complete,https://www.wsboces.org/wp-content/uploads/Agenda-Aug-6-2024-FULL.pdf,,
Western Suffolk Boces,NCES-3680860,Taukomas,hvac_mechanical,7_construction,True,40000,capital reserve,Comfort Controls and thermostats upgrades phase 1 of 2,Comfort Controls and thermostats upgrades phase 1 of 2. Work substantially complete,https://www.wsboces.org/wp-content/uploads/Agenda-Aug-6-2024-FULL.pdf,,
West Islip Union Free School District,NCES-3630690,,interiors,7_construction,False,37989,bond,Library bond issue change order for work by Lougene.,"library bond issue change order: $37,989.00 to Lougene",https://files.smartsites.parentsquare.com/6796/apr04mins.pdf,2004-04-01,False
West Islip Union Free School District,NCES-3630690,,interiors,7_construction,False,37989,bond,Library bond issue change order for work or materials.,"approve library bond issue change order: $37,989.00 to Lougene",https://files.smartsites.parentsquare.com/6796/apr04mins.pdf,2004-04-01,False
West Islip Union Free School District,NCES-3630690,Udall,general_construction,7_construction,False,37292.0,bond,Construction work at Udall Road Middle School with change orders.,"SMC Construction, Corp. (Udall) #2 = $18,632.00; #1 = $18,660.00",https://files.smartsites.parentsquare.com/6796/april_2011_school_board_minutes.pdf,2011-04-01,False
West Islip Union Free School District,NCES-3630690,Oquenock,general_construction,7_construction,False,37000,bond,Construction work completed at Oquenock Elementary School.,"$37,000 for work performed at Oquenock",https://files.smartsites.parentsquare.com/6796/aug03mins1.pdf,2003-08-01,False
West Islip Union Free School District,NCES-3630690,Oquenock,general_construction,7_construction,False,37000,bond,Construction work performed at Oquenock with credit change order approved.,"Quad Construction: $37,000 for work performed at Oquenock",https://files.smartsites.parentsquare.com/6796/aug03mins1.pdf,2003-08-01,False
Western Suffolk Boces,NCES-3680860,JEA MEL,interiors,7_construction,True,35000,capital reserve,Staff restroom tile restoration and re-glazing,Work on this project will begin after 8/16,https://www.wsboces.org/wp-content/uploads/Agenda-Aug-6-2024-FULL.pdf,,
West Islip Union Free School District,NCES-3630690,,plumbing,7_construction,False,31000,unknown,Plumbing work change order approved.,"All Island Plumbing – Change Order #1 for $31,000.00",https://files.smartsites.parentsquare.com/6796/november_2010_school_board_minutes.pdf,2010-11-01,False
West Islip Union Free School District,NCES-3630690,,plumbing,7_construction,False,31000,unknown,Plumbing work change order during construction.,"Approval of Change orders Number 1 – All Island Plumbing $31,000.00",https://files.smartsites.parentsquare.com/6796/november_2010_school_board_minutes.pdf,2010-11-01,False
West Islip Union Free School District,NCES-3630690,,plumbing,7_construction,False,31000,unknown,Plumbing work change order approved for thirty-one thousand dollars.,"All Island Plumbing – Change Order #1 for $31,000.00",https://files.smartsites.parentsquare.com/6796/november_2010_school_board_minutes.pdf,2010-11-01,False
West Islip Union Free School District,NCES-3630690,,plumbing,7_construction,False,31000,unknown,Plumbing work change order number 1,"Approval of Change orders Number 1 – All Island Plumbing $31,000.00",https://files.smartsites.parentsquare.com/6796/november_2010_school_board_minutes.pdf,2010-11-01,False
West Islip Union Free School District,NCES-3630690,High School,site_athletics,7_construction,False,29776.73,bond,Parking lot reconstruction with unexpected groundwater level encountered.,"bond issue change order: $29,776.73 to JD Posillico, Inc. (for unexpected groundwater level found when reconstruction of the parking lot began at the High School)",https://files.smartsites.parentsquare.com/6796/feb05mins.pdf,2005-02-01,False
West Islip Union Free School District,NCES-3630690,High School,site_athletics,7_construction,False,29776.73,bond,Parking lot reconstruction with unexpected groundwater level encountered during construction.,"bond issue change order: $29,776.73 to JD Posillico, Inc. (for unexpected groundwater level found when reconstruction of the parking lot began at the High School)",https://files.smartsites.parentsquare.com/6796/feb05mins.pdf,2005-02-01,False
West Islip Union Free School District,NCES-3630690,Bayview,general_construction,7_construction,False,29500,bond,Construction work completed at Bayview Elementary School.,"Quad Construction: $29,500 for work performed at Bayview",https://files.smartsites.parentsquare.com/6796/aug03mins1.pdf,2003-08-01,False
West Islip Union Free School District,NCES-3630690,Bayview,general_construction,7_construction,False,29500,bond,Construction work performed at Bayview with credit change order approved.,"Quad Construction: $29,500 for work performed at Bayview",https://files.smartsites.parentsquare.com/6796/aug03mins1.pdf,2003-08-01,False
West Islip Union Free School District,NCES-3630690,Beach,general_construction,7_construction,False,26153.5,bond,Construction work at Beach school with multiple change orders issued.,"SMC Construction, Corp. (Beach) #1 = $4,535.00; #2 = $18,745.50; #3 = $2,873.00",https://files.smartsites.parentsquare.com/6796/april_2011_school_board_minutes.pdf,2011-04-01,False
West Islip Union Free School District,NCES-3630690,High School,general_construction,7_construction,False,25765.0,bond,Construction work at High School with multiple change orders.,"SMC Construction, Corp. (H.S.) #2 = $12,994.00; #1 = $12,771.00",https://files.smartsites.parentsquare.com/6796/april_2011_school_board_minutes.pdf,2011-04-01,False
West Islip Union Free School District,NCES-3630690,,electrical_lighting,7_construction,False,25000,unknown,Electrical or power work with change order for additional scope.,"approve the following change order: Ultimate Power #1 for $25,000.00",https://files.smartsites.parentsquare.com/6796/november_2009_school_board_minutes.pdf,2009-11-01,False
West Islip Union Free School District,NCES-3630690,,electrical_lighting,7_construction,False,25000,unknown,Electrical power work with change order from Ultimate Power.,"approve the following change order: Ultimate Power #1 for $25,000.00",https://files.smartsites.parentsquare.com/6796/november_2009_school_board_minutes.pdf,2009-11-01,False
Western Suffolk Boces,NCES-3680860,JEA MEL,interiors,7_construction,True,25000,capital reserve,Terrazzo floor restoration Phase 2 of 3,Terrazzo floor restoration Phase 2 of 3. Work is substantially complete,https://www.wsboces.org/wp-content/uploads/Agenda-Aug-6-2024-FULL.pdf,,
Western Suffolk Boces,NCES-3680860,Western Suffolk BOCES,plumbing,7_construction,False,25000,operating_budget,Sanitary system maintenance services for the 2023/24 school year.,contract for SANITARY SYSTEM MAINTENANCE #21/22-67E3I-GK hereby be extended for the 2023/24 school year,https://www.wsboces.org/wp-content/uploads/Agenda-April-13-2023-FULL.pdf,,
Western Suffolk Boces,NCES-3680860,Western Suffolk BOCES,plumbing,7_construction,False,25000,operating budget,Sanitary system maintenance services for the 2022/23 school year.,extending contract for sanitary system maintenance for 2022/23 school year,https://www.wsboces.org/wp-content/uploads/REVISED-Agenda-May-10-2022.pdf,,
Western Suffolk Boces,NCES-3680860,WT MP,site_athletics,7_construction,True,24500,unknown,New prefab storage barn.,WT MP New Prefab Storage Barn H2M Sheds Unlimited This project is complete,https://www.wsboces.org/wp-content/uploads/Feb-13-2024-FULL.pdf,,
Western Suffolk Boces,NCES-3680860,WT MP,general_construction,7_construction,True,24500,capital,New Prefab Storage Barn construction.,New Prefab Storage Barn. Work is substantially complete,https://www.wsboces.org/wp-content/uploads/August-8-2023-FULL.pdf,,
West Islip Union Free School District,NCES-3630690,,electrical_lighting,7_construction,False,22985.85,bond,Electrical work under library bond issue change order.,"library bond issue change orders: S.J. Electric $22,985.85",https://files.smartsites.parentsquare.com/6796/may04mins.pdf,2004-05-01,False
West Islip Union Free School District,NCES-3630690,Library,electrical_lighting,7_construction,False,22985.85,bond,Electrical work change order for library bond issue project.,"approve library bond issue change orders, as recommended by Finance Committee: S.J. Electric $22,985.85.",https://files.smartsites.parentsquare.com/6796/may04mins.pdf,2004-05-01,False
West Islip Union Free School District,NCES-3630690,Bellew,general_construction,7_construction,False,22500,bond,Construction work completed at Bellew Elementary School.,"$22,500 for work performed at Bellew",https://files.smartsites.parentsquare.com/6796/aug03mins1.pdf,2003-08-01,False
West Islip Union Free School District,NCES-3630690,Bellew,general_construction,7_construction,False,22500,bond,Construction work performed at Bellew with credit change order approved.,"Quad Construction: $22,500 for work performed at Bellew",https://files.smartsites.parentsquare.com/6796/aug03mins1.pdf,2003-08-01,False
West Islip Union Free School District,NCES-3630690,,plumbing,7_construction,False,21482.35,bond,Bond payment to ARA Plumbing Corp. for plumbing work.,"approve bond payment for $21,482.35 to ARA Plumbing Corp., as recommended by the Finance Committee",https://files.smartsites.parentsquare.com/6796/oct04min.pdf,2004-10-01,False
Western Suffolk Boces,NCES-3680860,James E. Allen Alternative-Taukomas School,"general_construction, plumbing, interiors",7_construction,False,20000,operating budget,Emergency repairs and restoration following flood damage to school building.,"The estimation of work received to date for the repairs and restoration is approximately $20,000.",https://www.wsboces.org/wp-content/uploads/Agenda-September-10-2024-FULL.pdf,,
Western Suffolk Boces,NCES-3680860,James E. Allen Alternative-Taukomas School,general_construction,7_construction,False,20000,operating budget,Emergency flood repairs and restoration at school building following unforeseen flooding event.,flood occurred and caused an immediate danger to the school building and persons using the building,https://www.wsboces.org/wp-content/uploads/Minutes-August-27-2024-final-for-Sept.pdf,,
Western Suffolk Boces,NCES-3680860,WT DH,interiors,7_construction,True,20000,capital reserve,Hone concrete floor of Auto Body shop,Hone concrete floor of Auto Body shop. Work is substantially complete,https://www.wsboces.org/wp-content/uploads/Agenda-Aug-6-2024-FULL.pdf,,
West Islip Union Free School District,NCES-3630690,,general_construction,7_construction,False,19700,unknown,Construction work with change order for additional scope.,"approve the following change order: Baruti Construction Corp. - #1 for $19,700.00",https://files.smartsites.parentsquare.com/6796/november_2009_school_board_minutes.pdf,2009-11-01,False
West Islip Union Free School District,NCES-3630690,,general_construction,7_construction,False,19700,unknown,Construction work with change order from Baruti Construction Corp.,"approve the following change order: Baruti Construction Corp. - #1 for $19,700.00",https://files.smartsites.parentsquare.com/6796/november_2009_school_board_minutes.pdf,2009-11-01,False
West Islip Union Free School District,NCES-3630690,,electrical_lighting,7_construction,False,19428,unknown,Electrical work change order for additional costs.,"Cooper Power & Lighting Corp. - #1 for $19,428.00",https://files.smartsites.parentsquare.com/6796/september_2010_school_board_minutes.pdf,2010-09-01,False
West Islip Union Free School District,NCES-3630690,,site_athletics,7_construction,False,19095,bond,Land survey and site work change order.,"bond issue change order: Land Tek Group # 5 - $19,095.00",https://files.smartsites.parentsquare.com/6796/february_2010_school_board_minutes.pdf,2010-02-01,False
West Islip Union Free School District,NCES-3630690,,general_construction,7_construction,False,19046.68,unknown,Construction change order for additional project costs.,"Stalco Construction, Inc. - #4 for $19,046.68",https://files.smartsites.parentsquare.com/6796/september_2010_school_board_minutes.pdf,2010-09-01,False
West Islip Union Free School District,NCES-3630690,High School,general_construction,7_construction,False,18108,unknown,Construction or repair work performed by contractor at the High School,"change orders: Watral Brothers, Inc. - #1 at the High School for $18,108.00",https://files.smartsites.parentsquare.com/6796/january_2011_school_board_minutes.pdf,2011-01-01,False
West Islip Union Free School District,NCES-3630690,High School,general_construction,7_construction,False,18108,unknown,"Change order work at the High School by Watral Brothers, Inc.","Watral Brothers, Inc. - #1 at the High School for $18,108.00",https://files.smartsites.parentsquare.com/6796/january_2011_school_board_minutes.pdf,2011-01-01,False
Western Suffolk Boces,NCES-3680860,Western Suffolk BOCES,maintenance_services,7_construction,False,18000,operating_budget,Elevator and dumbwaiter maintenance and repair services for the 2023/24 school year.,contract for ELEVATOR & DUMBWAITER MAINTENANCE & REPAIR #21/22-10SIE3-GK hereby be extended for the 2023/24 school year,https://www.wsboces.org/wp-content/uploads/Agenda-April-13-2023-FULL.pdf,,
Western Suffolk Boces,NCES-3680860,Taukomas,hvac_mechanical,7_construction,True,17500,capital reserve,Replace Ductless Split A/C in Server room,Replace Ductless Split A/C in Server room. Work in progress,https://www.wsboces.org/wp-content/uploads/Agenda-Aug-6-2024-FULL.pdf,,
Brentwood Union Free School District,NCES-3605280,BHS - Sonderling Center,plumbing,7_construction,True,17171.41,unknown,Plumbing work for culinary arts building.,Plumbing Work – Culinary Arts Building,"https://www.bufsd.org/uploaded/BOE/2026-2027/3_Minutes/August_20,_2026_Meeting_Minutes_Approved_.pdf",,
West Islip Union Free School District,NCES-3630690,Oquenock,general_construction,7_construction,False,16766.0,bond,"Bond issue construction work with change order credit from Ultimate Power, Inc.","bond issue change order: #1 – Ultimate Power, Inc. (Oquenock) for $16,766.00 credit.",https://files.smartsites.parentsquare.com/6796/july_2010_school_board_minutes.pdf,2010-07-01,False
West Islip Union Free School District,NCES-3630690,Oquenock,electrical_lighting,7_construction,False,16766.0,bond,Bond issue electrical work with change order credit.,"bond issue change order: #1 – Ultimate Power, Inc. (Oquenock) for $16,766.00 credit.",https://files.smartsites.parentsquare.com/6796/july_2010_school_board_minutes.pdf,2010-07-01,False
West Islip Union Free School District,NCES-3630690,,site_athletics,7_construction,False,13905,bond,Land survey and site work change orders.,"bond issue change order: Land Tek Group # 4 - $13,905.00",https://files.smartsites.parentsquare.com/6796/february_2010_school_board_minutes.pdf,2010-02-01,False
West Islip Union Free School District,NCES-3630690,Westbrook,general_construction,7_construction,False,13126.37,bond,"Bond issue construction work with change order credit from Ultimate Power, Inc.","bond issue change order: #1 – Ultimate Power, Inc. (Westbrook) for $13,126.37 credit.",https://files.smartsites.parentsquare.com/6796/july_2010_school_board_minutes.pdf,2010-07-01,False
West Islip Union Free School District,NCES-3630690,Westbrook,electrical_lighting,7_construction,False,13126.37,bond,Bond issue electrical work with change order credit.,"bond issue change order: #1 – Ultimate Power, Inc. (Westbrook) for $13,126.37 credit.",https://files.smartsites.parentsquare.com/6796/july_2010_school_board_minutes.pdf,2010-07-01,False
West Islip Union Free School District,NCES-3630690,,general_construction,7_construction,False,12500,unknown,Construction work with second change order for additional scope.,"approve the following change order: Baruti Construction Corp. - #2 for $12,500.00",https://files.smartsites.parentsquare.com/6796/november_2009_school_board_minutes.pdf,2009-11-01,False
West Islip Union Free School District,NCES-3630690,,general_construction,7_construction,False,12500,unknown,Construction work with second change order from Baruti Construction Corp.,"approve the following change order: Baruti Construction Corp. - #2 for $12,500.00",https://files.smartsites.parentsquare.com/6796/november_2009_school_board_minutes.pdf,2009-11-01,False
West Islip Union Free School District,NCES-3630690,Library,electrical_lighting,7_construction,True,12246.34,bond,Electrical work change order for library bond issue project.,"library bond issue change orders, as recommended by Finance Committee: SJ Electric - $12,246.34",https://files.smartsites.parentsquare.com/6796/feb04mins.pdf,2004-02-01,False
West Islip Union Free School District,NCES-3630690,Library,electrical_lighting,7_construction,False,12246.34,bond,Electrical work change order during library bond project construction.,"library bond issue change orders, as recommended by Finance Committee: SJ Electric - $12,246.34",https://files.smartsites.parentsquare.com/6796/feb04mins.pdf,2004-02-01,False
West Islip Union Free School District,NCES-3630690,Multiple buildings,general_construction,7_construction,False,11950,bond,Bond-funded construction work with contractor change orders.,"bond issue change order: Baruti Construction Corp. – Change Order # 4 for $5,550.00",https://files.smartsites.parentsquare.com/6796/june_2010_school_board_minutes.pdf,2010-06-01,False
West Islip Union Free School District,NCES-3630690,,electrical_lighting,7_construction,False,11911,unknown,Electrical work change order for additional costs.,"Cooper Power & Lighting Corp. - #2 for $11,911.00",https://files.smartsites.parentsquare.com/6796/september_2010_school_board_minutes.pdf,2010-09-01,False
West Islip Union Free School District,NCES-3630690,,envelope_windows,7_construction,False,11111.23,unknown,Window replacement or repair work with change orders from Arrow Steel Window Corp.,"approve the following change order: Arrow Steel Window Corp. # 1 for $3,060.76",https://files.smartsites.parentsquare.com/6796/october_2010_school_board_minutes.pdf,2010-10-01,False
West Islip Union Free School District,NCES-3630690,Library,general_construction,7_construction,False,10000,bond,Library bond issue construction work with credit change orders approved.,"Library bond issue change orders: credit of $10,000 to LouGene, Inc.",https://files.smartsites.parentsquare.com/6796/aug03mins1.pdf,2003-08-01,False
West Islip Union Free School District,NCES-3630690,High School,general_construction,7_construction,False,10000.0,bond,Bond issue change order for construction work.,"bond issue change order: SMC Construction, Corp. - #4 (High School) = $10,000.00.",https://files.smartsites.parentsquare.com/6796/may_2011_school_board_minutes.pdf,2011-05-01,False
West Islip Union Free School District,NCES-3630690,High School,general_construction,7_construction,False,10000.0,bond,Change order to construction project.,"SMC Construction, Corp. - #4 (High School) = $10,000.00.",https://files.smartsites.parentsquare.com/6796/may_2011_school_board_minutes.pdf,2011-05-01,False
West Islip Union Free School District,NCES-3630690,High School,general_construction,7_construction,False,10000.0,bond,Change order for construction work at High School,"bond issue change order: SMC Construction, Corp. - #4 (High School) = $10,000.00",https://files.smartsites.parentsquare.com/6796/may_2011_school_board_minutes.pdf,2011-05-01,False
West Islip Union Free School District,NCES-3630690,,general_construction,7_construction,False,9200,bond,Bond issue change order processing for ongoing construction work.,"approve bond issue change orders, as recommended by Finance Committee: credit of $9,200.00 to Paza Contracting",https://files.smartsites.parentsquare.com/6796/may05minutes.pdf,2005-05-01,False
West Islip Union Free School District,NCES-3630690,,general_construction,7_construction,False,8830.0,unknown,"Construction work with change order from Stalco Construction, Inc.","approve the following change order: Stalco Construction, Inc. # 5 for $8,830.00",https://files.smartsites.parentsquare.com/6796/october_2010_school_board_minutes.pdf,2010-10-01,False
West Islip Union Free School District,NCES-3630690,,general_construction,7_construction,False,8830.0,unknown,"Change order for general construction work from Stalco Construction, Inc.","approve the following change order: Stalco Construction, Inc. # 5 for $8,830.00",https://files.smartsites.parentsquare.com/6796/october_2010_school_board_minutes.pdf,2010-10-01,False
West Islip Union Free School District,NCES-3630690,Masera,general_construction,7_construction,False,8280.55,bond,Bond issue change order for construction work.,"bond issue change order: Snow Industries, Inc. - #1 (Masera) = ($8,280.55).",https://files.smartsites.parentsquare.com/6796/may_2011_school_board_minutes.pdf,2011-05-01,False
West Islip Union Free School District,NCES-3630690,Masera,general_construction,7_construction,False,8280.55,bond,Change order for construction work at Masera building,"bond issue change order: Snow Industries, Inc. - #1 (Masera) = ($8,280.55)",https://files.smartsites.parentsquare.com/6796/may_2011_school_board_minutes.pdf,2011-05-01,False
West Islip Union Free School District,NCES-3630690,Masera,general_construction,7_construction,False,8280.55,bond,Change order to construction project.,"Snow Industries, Inc. -#1 (Masera) = ($8,280.55).",https://files.smartsites.parentsquare.com/6796/may_2011_school_board_minutes.pdf,2011-05-01,False
West Islip Union Free School District,NCES-3630690,,envelope_windows,7_construction,False,8050.47,unknown,Second change order for window work from Arrow Steel Window Corp.,"approve the following change order: Arrow Steel Window Corp. # 2 for $8,050.47",https://files.smartsites.parentsquare.com/6796/october_2010_school_board_minutes.pdf,2010-10-01,False
West Islip Union Free School District,NCES-3630690,Westbrook,general_construction,7_construction,False,7824,unknown,"Change order work at Westbrook by Watral Brothers, Inc.","Watral Brothers, Inc. - #1 at Westbrook for $7,824.00",https://files.smartsites.parentsquare.com/6796/january_2011_school_board_minutes.pdf,2011-01-01,False
West Islip Union Free School District,NCES-3630690,,general_construction,7_construction,False,6656,bond,Bond issue change order for construction work.,"bond issue change order: $6,656.00 to Stalco Construction",https://files.smartsites.parentsquare.com/6796/apr04mins.pdf,2004-04-01,False
West Islip Union Free School District,NCES-3630690,,general_construction,7_construction,False,6656,bond,Bond issue change order for construction work.,"approve bond issue change order: $6,656.00 to Stalco Construction",https://files.smartsites.parentsquare.com/6796/apr04mins.pdf,2004-04-01,False
West Islip Union Free School District,NCES-3630690,Unknown,general_construction,7_construction,False,6400,bond,Bond issue change order for construction work already in progress,"Baruti Construction Corp. – Change Order # 5 for $6,400.00",https://files.smartsites.parentsquare.com/6796/june_2010_school_board_minutes.pdf,2010-06-01,False
West Islip Union Free School District,NCES-3630690,,general_construction,7_construction,False,6400,bond,Change order for bond issue construction work,"Baruti Construction Corp. – Change Order # 5 for $6,400.00",https://files.smartsites.parentsquare.com/6796/june_2010_school_board_minutes.pdf,2010-06-01,False
West Islip Union Free School District,NCES-3630690,,electrical_lighting,7_construction,False,6000,bond,Electrical power work with change order approval.,"Change Order # 4 – Ultimate Power for $6,000.00.",https://files.smartsites.parentsquare.com/6796/march_2011_school_board_minutes.pdf,2011-03-01,False
West Islip Union Free School District,NCES-3630690,,electrical_lighting,7_construction,False,6000,bond,Electrical work change order from Ultimate Power.,"Change Order # 4 – Ultimate Power for $6,000.00.",https://files.smartsites.parentsquare.com/6796/march_2011_school_board_minutes.pdf,2011-03-01,False
West Islip Union Free School District,NCES-3630690,,envelope_windows,7_construction,False,5630,unknown,Window work change order approved.,"Arrow Steel Window Corp. #3 for $5,630.00",https://files.smartsites.parentsquare.com/6796/november_2010_school_board_minutes.pdf,2010-11-01,False
West Islip Union Free School District,NCES-3630690,,envelope_windows,7_construction,False,5630,unknown,Window replacement change order during construction.,"Number 2 – Arrow Steel Window Corp. $ 5,630.00",https://files.smartsites.parentsquare.com/6796/november_2010_school_board_minutes.pdf,2010-11-01,False
West Islip Union Free School District,NCES-3630690,,envelope_windows,7_construction,False,5630,unknown,Window and glazing work change order approved for fifty-six hundred thirty dollars.,"Arrow Steel Window Corp. #3 for $5,630.00",https://files.smartsites.parentsquare.com/6796/november_2010_school_board_minutes.pdf,2010-11-01,False
West Islip Union Free School District,NCES-3630690,,envelope_windows,7_construction,False,5630,unknown,Window replacement change order number 2,"Number 2 – Arrow Steel Window Corp. $ 5,630.00",https://files.smartsites.parentsquare.com/6796/november_2010_school_board_minutes.pdf,2010-11-01,False
West Islip Union Free School District,NCES-3630690,Unknown,general_construction,7_construction,False,5550,bond,Bond issue change order for construction work already in progress,"Baruti Construction Corp. – Change Order # 4 for $5,550.00",https://files.smartsites.parentsquare.com/6796/june_2010_school_board_minutes.pdf,2010-06-01,False
West Islip Union Free School District,NCES-3630690,,general_construction,7_construction,False,5550,bond,Change order for bond issue construction work,"Baruti Construction Corp. – Change Order # 4 for $5,550.00",https://files.smartsites.parentsquare.com/6796/june_2010_school_board_minutes.pdf,2010-06-01,False
West Islip Union Free School District,NCES-3630690,,general_construction,7_construction,False,5500,bond,Bond issue construction project with change order approval.,"bond issue change order: Change Order # 3 – Baruti Construction, Corp. – $5,500.00",https://files.smartsites.parentsquare.com/6796/march_2010_school_board_minutes.pdf,2010-03-01,False
West Islip Union Free School District,NCES-3630690,Captree,electrical_lighting,7_construction,False,5000,bond,Ultimate Power electrical work with bond issue change order credit.,"bond issue change orders: HBAC $5,000. credit (Captree) Ultimate Power.",https://files.smartsites.parentsquare.com/6796/feb07mins.pdf,2007-02-01,False
West Islip Union Free School District,NCES-3630690,,general_construction,7_construction,False,3943.2,bond,Bond payment to CBS Whitcom for construction work.,"approve bond payment for $3,943.20 to CBS Whitcom, as recommended by the Finance Committee",https://files.smartsites.parentsquare.com/6796/oct04min.pdf,2004-10-01,False
West Islip Union Free School District,NCES-3630690,,site_athletics,7_construction,False,3490,donation,Portable backstop and pitching machine installation for softball and baseball programs.,"donation of $3,490 for portable backstop and pitching machine for the softball and baseball programs",https://files.smartsites.parentsquare.com/6796/aug05mins.pdf,2005-08-01,False
West Islip Union Free School District,NCES-3630690,Library,general_construction,7_construction,False,3175,bond,Library bond issue construction work with credit change order to A.R. Kropp.,"$3,175. to A.R. Kropp Co. & Sons.",https://files.smartsites.parentsquare.com/6796/aug03mins1.pdf,2003-08-01,False
West Islip Union Free School District,NCES-3630690,,envelope_windows,7_construction,False,3060.76,unknown,Window replacement or modification work with change orders from Arrow Steel Window Corp.,"approve the following change order: Arrow Steel Window Corp. # 1 for $3,060.76",https://files.smartsites.parentsquare.com/6796/october_2010_school_board_minutes.pdf,2010-10-01,False
West Islip Union Free School District,NCES-3630690,Oquenock Elementary School,site_athletics,7_construction,False,2500,donation,Purchase and installation of backstop,"donation of $2,500. from West Islip Little League for purchase and installation of backstop",https://files.smartsites.parentsquare.com/6796/05marchmins.pdf,2005-03-01,False
West Islip Union Free School District,NCES-3630690,Oquenock Elementary School,site_athletics,7_construction,False,2500,unknown,Purchase and installation of a backstop at the elementary school.,West Islip Little League for the purchase and installation of a backstop,https://files.smartsites.parentsquare.com/6796/05marchmins.pdf,2005-03-01,False
West Islip Union Free School District,NCES-3630690,Udall,general_construction,7_construction,False,1898.4,bond,Bond issue change order for construction work.,"bond issue change orders: SMC Construction, Corp. - #3 (Udall) = ($1,898.40);",https://files.smartsites.parentsquare.com/6796/may_2011_school_board_minutes.pdf,2011-05-01,False
West Islip Union Free School District,NCES-3630690,High School,general_construction,7_construction,False,1898.4,bond,Bond issue change order for construction work.,"SMC Construction, Corp. - #3 (High School) = ($1,898.40);",https://files.smartsites.parentsquare.com/6796/may_2011_school_board_minutes.pdf,2011-05-01,False
West Islip Union Free School District,NCES-3630690,Beach,general_construction,7_construction,False,1898.4,bond,Bond issue change order for construction work.,"SMC Construction, Corp. - #4 (Beach) = ($1,898.40).",https://files.smartsites.parentsquare.com/6796/may_2011_school_board_minutes.pdf,2011-05-01,False
West Islip Union Free School District,NCES-3630690,Udall,general_construction,7_construction,False,1898.4,bond,Change order for construction work at Udall school,"bond issue change orders: SMC Construction, Corp. - #3 (Udall) = ($1,898.40)",https://files.smartsites.parentsquare.com/6796/may_2011_school_board_minutes.pdf,2011-05-01,False
West Islip Union Free School District,NCES-3630690,Udall,general_construction,7_construction,False,1898.4,bond,Change order to construction project.,"SMC Construction, Corp. - #3 (Udall) = ($1,898.40)",https://files.smartsites.parentsquare.com/6796/may_2011_school_board_minutes.pdf,2011-05-01,False
West Islip Union Free School District,NCES-3630690,High School,general_construction,7_construction,False,1898.4,bond,Change order to construction project.,"SMC Construction, Corp. - #3 (High School) = ($1,898.40)",https://files.smartsites.parentsquare.com/6796/may_2011_school_board_minutes.pdf,2011-05-01,False
West Islip Union Free School District,NCES-3630690,Beach,general_construction,7_construction,False,1898.4,bond,Change order to construction project.,"SMC Construction, Corp. - #4 (Beach) = ($1,898.40).",https://files.smartsites.parentsquare.com/6796/may_2011_school_board_minutes.pdf,2011-05-01,False
West Islip Union Free School District,NCES-3630690,High School,general_construction,7_construction,False,1898.4,bond,Change order for construction work at High School,"bond issue change orders: SMC Construction, Corp. - #3 (High School) = ($1,898.40)",https://files.smartsites.parentsquare.com/6796/may_2011_school_board_minutes.pdf,2011-05-01,False
West Islip Union Free School District,NCES-3630690,Beach,general_construction,7_construction,False,1898.4,bond,Change order for construction work at Beach school,"bond issue change orders: SMC Construction, Corp. - #4 (Beach) = ($1,898.40)",https://files.smartsites.parentsquare.com/6796/may_2011_school_board_minutes.pdf,2011-05-01,False
West Islip Union Free School District,NCES-3630690,Library,general_construction,7_construction,False,,bond,Library bond issue construction work with credit change orders.,"Library bond issue change orders: credit of $10,000 to LouGene, Inc.; $48,267 to LouGene, Inc.; $3,175 to A.R. Kropp Co. & Sons",https://files.smartsites.parentsquare.com/6796/aug03mins1.pdf,2003-08-01,False
West Islip Union Free School District,NCES-3630690,,maintenance_services,7_construction,False,,unknown,Amended contract with service provider Top Grade.,approve amended contract with Top Grade.,https://files.smartsites.parentsquare.com/6796/december_2010_school_board_minutes.pdf,2010-12-01,False
West Islip Union Free School District,NCES-3630690,,hvac_mechanical,7_construction,False,,bond,HVAC mechanical work with multiple credit change orders reducing contract costs.,"bond issue change order: # 1 - Walsh Mechanical Contractors, Inc. (credit - $35,000.00)",https://files.smartsites.parentsquare.com/6796/july_2011_school_board_minutes.pdf,2011-07-01,False
West Islip Union Free School District,NCES-3630690,,general_construction,7_construction,False,,bond,General construction work with change orders showing cost adjustments.,"bond issue change order: # 5 – SMC Construction, Corp. $9,050.00",https://files.smartsites.parentsquare.com/6796/july_2011_school_board_minutes.pdf,2011-07-01,False
West Islip Union Free School District,NCES-3630690,District,general_construction,7_construction,False,,bond,Various bond-funded construction and improvement work performed in the district.,School Construction Consultants and BBS Architects gave a presentation about the bond work performed in the district.,https://files.smartsites.parentsquare.com/6796/february_2011_school_board_minutes.pdf,2011-02-01,False
West Islip Union Free School District,NCES-3630690,"Bayview, Kirdahy and Manetuck",general_construction,7_construction,False,,unknown,Change order work at multiple school buildings.,"approve the following change order: Laser Industries - #1 (Bayview, Kirdahy and Manetuck).",https://files.smartsites.parentsquare.com/6796/december_2009_school_board_minutes.pdf,2009-12-01,False
West Islip Union Free School District,NCES-3630690,West Islip High School,general_construction,7_construction,False,,unknown,Change order work at West Islip High School.,"approve the following change order: The Land Tek Group, Inc. - #3 (West Islip High School).",https://files.smartsites.parentsquare.com/6796/december_2009_school_board_minutes.pdf,2009-12-01,False
West Islip Union Free School District,NCES-3630690,,general_construction,7_construction,False,,unknown,Construction project with approved change order.,"approve the following change order: The Land Tek Group, Inc. #2",https://files.smartsites.parentsquare.com/6796/november_2009_school_board_minutes.pdf,2009-11-01,False
West Islip Union Free School District,NCES-3630690,High School,site_athletics,7_construction,False,,unknown,Tennis court installation project with change order approved.,"approve change order #1, re: tennis court installation",https://files.smartsites.parentsquare.com/6796/july07minutes.pdf,2007-07-01,False
West Islip Union Free School District,NCES-3630690,West Islip UFSD,hvac_mechanical,7_construction,False,,bond,"HVAC mechanical work change orders with Walsh Mechanical Contractors, Inc.","bond issue change order: # 1 - Walsh Mechanical Contractors, Inc. (credit - $35,000.00)",https://files.smartsites.parentsquare.com/6796/july_2011_school_board_minutes.pdf,2011-07-01,False
West Islip Union Free School District,NCES-3630690,West Islip UFSD,general_construction,7_construction,False,,bond,"General construction change orders with SMC Construction, Corp.","bond issue change order: # 5 – SMC Construction, Corp. $9,050.00",https://files.smartsites.parentsquare.com/6796/july_2011_school_board_minutes.pdf,2011-07-01,False
West Islip Union Free School District,NCES-3630690,District-wide,site_athletics,7_construction,False,,unknown,District irrigation system start-up in progress.,start-up of the district's irrigation system and bond projects,https://files.smartsites.parentsquare.com/6796/april_2012_school_board_minutes.pdf,2012-04-01,False
West Islip Union Free School District,NCES-3630690,Udall Road Middle School,site_athletics,7_construction,False,,unknown,Installation of pavers in school courtyard.,labor for installation of pavers at Udall Road Middle School courtyard,https://files.smartsites.parentsquare.com/6796/05marchmins.pdf,2005-03-01,False
West Islip Union Free School District,NCES-3630690,,general_construction,7_construction,False,,bond,Bond issue project with multiple change orders from construction contractors.,"approve the following bond issue change order: #1 – Snow Industries, Inc. for $8,144.45 credit.",https://files.smartsites.parentsquare.com/6796/july_2010_school_board_minutes.pdf,2010-07-01,False
West Islip Union Free School District,NCES-3630690,,general_construction,7_construction,False,,bond,Multiple change orders for general construction work.,"bond issue change order: #1 – Stalco Construction, Inc. for $18,212.62.",https://files.smartsites.parentsquare.com/6796/july_2010_school_board_minutes.pdf,2010-07-01,False
West Islip Union Free School District,NCES-3630690,,general_construction,7_construction,False,,unknown,Design and architectural services with contract addendum.,"approve addendum to BBS Architects and Engineers, PC contract.",https://files.smartsites.parentsquare.com/6796/december_2010_school_board_minutes.pdf,2010-12-01,False
West Islip Union Free School District,NCES-3630690,District buildings,general_construction,7_construction,False,,bond,Bond-funded construction and improvement work performed in the district.,School Construction Consultants and BBS Architects gave a presentation about the bond work performed in the district.,https://files.smartsites.parentsquare.com/6796/february_2011_school_board_minutes.pdf,2011-02-01,False
West Islip Union Free School District,NCES-3630690,Beach,general_construction,7_construction,False,,bond,Construction work at Beach school facility.,"SMC Construction, Corp. (Beach) #1 = $4,535.00; SMC Construction, Corp. (Beach) #2 = $18,745.50; SMC Construction, Corp. (Beach) #3 = $2,873.00",https://files.smartsites.parentsquare.com/6796/april_2011_school_board_minutes.pdf,2011-04-01,False
West Islip Union Free School District,NCES-3630690,High School,general_construction,7_construction,False,,bond,Construction work at High School facility.,"SMC Construction, Corp. (H.S.) #2 = $12,994.00; SMC Construction, Corp. (H.S.) #1 = $12,771.00",https://files.smartsites.parentsquare.com/6796/april_2011_school_board_minutes.pdf,2011-04-01,False
West Islip Union Free School District,NCES-3630690,Udall Road Middle School,general_construction,7_construction,False,,bond,Construction work at Udall Road Middle School facility.,"SMC Construction, Corp. (Udall) #2 = $18,632.00; SMC Construction, Corp. (Udall) #1 = $18,660.00",https://files.smartsites.parentsquare.com/6796/april_2011_school_board_minutes.pdf,2011-04-01,False
West Islip Union Free School District,NCES-3630690,High School,energy,7_construction,False,,bond,Energy or conservation systems work at High School.,"Advanced Conservation Systems, Inc. (H.S.) #2 = ($1,200.00); Advanced Conservation Systems, Inc. (H.S.) #3 = ($8,333.33)",https://files.smartsites.parentsquare.com/6796/april_2011_school_board_minutes.pdf,2011-04-01,False
West Islip Union Free School District,NCES-3630690,Beach,energy,7_construction,False,,bond,Energy or conservation systems work at Beach facility.,"Advanced Conservation Systems, Inc. (Beach) #1 = ($6,863.33)",https://files.smartsites.parentsquare.com/6796/april_2011_school_board_minutes.pdf,2011-04-01,False
West Islip Union Free School District,NCES-3630690,Udall Road Middle School,energy,7_construction,False,,bond,Energy or conservation systems work at Udall Road Middle School.,"Advanced Conservation Systems, Inc. (Udall) #1 = ($2,048.81)",https://files.smartsites.parentsquare.com/6796/april_2011_school_board_minutes.pdf,2011-04-01,False
West Islip Union Free School District,NCES-3630690,High School,electrical_lighting,7_construction,False,,bond,Electrical and lighting work at High School.,"Cooper Power & Lighting (H.S) #1 = ($3,320.18)",https://files.smartsites.parentsquare.com/6796/april_2011_school_board_minutes.pdf,2011-04-01,False
West Islip Union Free School District,NCES-3630690,Paul J. Bellew,electrical_lighting,7_construction,False,,bond,Electrical and lighting work at Paul J. Bellew facility.,"Cooper Power & Lighting (Paul J. Bellew) #1 = ($5,000.00)",https://files.smartsites.parentsquare.com/6796/april_2011_school_board_minutes.pdf,2011-04-01,False
West Islip Union Free School District,NCES-3630690,Oquenock,electrical_lighting,7_construction,False,,bond,Electrical and lighting work at Oquenock facility.,"Cooper Power & Lighting (Oquenock) #1 = ($5,000.00)",https://files.smartsites.parentsquare.com/6796/april_2011_school_board_minutes.pdf,2011-04-01,False
West Islip Union Free School District,NCES-3630690,Westbrook,electrical_lighting,7_construction,False,,bond,Electrical and lighting work at Westbrook facility.,"Cooper Power & Lighting (Westbrook) #1 = ($5,000.00)",https://files.smartsites.parentsquare.com/6796/april_2011_school_board_minutes.pdf,2011-04-01,False
West Islip Union Free School District,NCES-3630690,High School,general_construction,7_construction,False,,bond,High School construction work underway; Lion's Path entrance closed.,Lion's Path entrance to the High School will be closed due to construction work.,https://files.smartsites.parentsquare.com/6796/july_2009_school_board_minutes.pdf,2009-07-01,False
West Islip Union Free School District,NCES-3630690,High School,general_construction,7_construction,False,,bond,Construction work closing the Lion's Path entrance to the High School.,Lion's Path entrance to the High School will be closed due to construction work.,https://files.smartsites.parentsquare.com/6796/july_2009_school_board_minutes.pdf,2009-07-01,False
West Islip Union Free School District,NCES-3630690,,general_construction,7_construction,False,,unknown,"Site or infrastructure work with change order from The Land Tek Group, Inc.","approve the following change order: The Land Tek Group, Inc. #2",https://files.smartsites.parentsquare.com/6796/november_2009_school_board_minutes.pdf,2009-11-01,False
West Islip Union Free School District,NCES-3630690,"Bayview, Kirdahy and Manetuck",general_construction,7_construction,False,,unknown,Construction change order approved for Laser Industries work.,"approve the following change order: Laser Industries - #1 (Bayview, Kirdahy and Manetuck)",https://files.smartsites.parentsquare.com/6796/december_2009_school_board_minutes.pdf,2009-12-01,False
West Islip Union Free School District,NCES-3630690,West Islip High School,general_construction,7_construction,False,,unknown,"Construction change order #3 approved for The Land Tek Group, Inc.","approve the following change order: The Land Tek Group, Inc. - #3 (West Islip High School)",https://files.smartsites.parentsquare.com/6796/december_2009_school_board_minutes.pdf,2009-12-01,False
West Islip Union Free School District,NCES-3630690,across from Westbrook Elementary School,site_athletics,7_construction,False,,unknown,Selling or leasing school-owned property.,selling or leasing school-owned property across from Westbrook Elementary School,https://files.smartsites.parentsquare.com/6796/february_2010_school_board_minutes.pdf,2010-02-01,False
West Islip Union Free School District,NCES-3630690,Paul J. Bellew School,general_construction,7_construction,False,,bond,Site improvements phase 1 part 2 project under construction,"Site Improvements – Phase 1/Part 2 – Paul J. Bellew School – awarded to Ruttura & Sons Construction Company, Inc.",https://files.smartsites.parentsquare.com/6796/june_2010_school_board_minutes.pdf,2010-06-01,False
West Islip Union Free School District,NCES-3630690,Paul J. Bellew School,general_construction,7_construction,False,,bond,Site improvements phase 1 part 2 at Paul J. Bellew School,Site Improvements – Phase 1/Part 2 – Paul J. Bellew School – awarded to Ruttura & Sons,https://files.smartsites.parentsquare.com/6796/june_2010_school_board_minutes.pdf,2010-06-01,False
West Islip Union Free School District,NCES-3630690,not specified,site_athletics,7_construction,False,,unknown,Tennis court installation with change order approval.,"approve change order #1, re: tennis court installation.",https://files.smartsites.parentsquare.com/6796/july07minutes.pdf,2007-07-01,False
Sagaponack Common School District,NCES-3625410,Sagaponack School,life_safety_security,7_construction,True,,operating budget,"Implementation of security measures including exterior security cameras, panic buttons for staff, and emergency door locks.","Security measures adopted by the district include: Visitors identified on exterior security cameras, panic/emergency buttons, emergency door locks",https://sagaponackschool.org/wp-content/uploads/2026/07/District-Wide-School-Safety-Plan-2026-2027-Board-Approved-1.pdf,,
Brentwood Union Free School District,NCES-3605280,BUFSD (Buffalo area site),"site_athletics, general_construction",7_construction,True,,unknown,Emergency authorization to complete Phase II site work with LandTek Group due to partially completed improvements.,project remains underway and partially completed... Board authorizes the increase of existing purchase order,"https://www.bufsd.org/uploaded/BOE/2025-2026/3_Minute/June_18,_2026_Meeting_Minutes_Approved_.pdf",,
Brentwood Union Free School District,NCES-3605280,District facilities,energy,7_construction,False,,operating budget,Ongoing maintenance services for photovoltaic system installed by Sunrise Power Solutions.,award of a professional services agreement to Sunrise Power Solutions for photovoltaic system maintenance services,"https://www.bufsd.org/uploaded/BOE/2025-2026/3_Minute/June_18,_2026_Meeting_Minutes_Approved_.pdf",,
West Islip Union Free School District,NCES-3630690,,general_construction,7_construction,True,,bond,Library Bond Issue project with change orders for general construction and plumbing.,"approve Library Bond Issue change orders #PL-05, #GC-09, #GCA-02",https://files.smartsites.parentsquare.com/6796/july03mins.pdf,,
Western Suffolk Boces,NCES-3680860,,general_construction,7_construction,True,,capital,"Multiple capital projects in design, contracting, and construction phases across the district.","19 projects are in design, two have been submitted to NYSED, 19 contracts are in the contracting phase and 24 projects in progress.",https://www.wsboces.org/wp-content/uploads/Minutes-Feb-10-2026-FINAL.pdf,,
West Islip Union Free School District,NCES-3630690,"District facilities (Manetuck School, Captree School)",interiors,7_construction,True,,settlement,Replacement of FRP doors as part of settlement with Pav-lak matter.,"authorize Guercio & Guercio to settle the Pav-lak matter, subject to written confirmation from C & M. The settlement offer will cover the cost to replace the FRP doors",https://files.smartsites.parentsquare.com/6796/july03mins.pdf,,
Western Suffolk Boces,NCES-3680860,Multiple facilities,general_construction,7_construction,True,,capital,"Portfolio of 70 capital projects including 20 in design, 25 in bid, and 25 scheduled to begin construction.","20 projects are in design, 25 projects are in the bid process and 25 projects are scheduled to begin",https://www.wsboces.org/wp-content/uploads/Minutes-Nov-12-2025-final.pdf,,
Western Suffolk Boces,NCES-3680860,,general_construction,7_construction,True,,unknown,"Multiple capital projects in various stages of design, bidding, and construction across the district.","24 projects in design, two at NYSED, 13 in bid process and 16 projects in progress",https://www.wsboces.org/wp-content/uploads/Agenda-Oct-10-2025-FULL.pdf,,
Western Suffolk Boces,NCES-3680860,Western Suffolk BOCES,"general_construction, hvac_mechanical, electrical_lighting, roofing, plumbing, interiors, envelope_windows",7_construction,True,,unknown,"Multiple capital projects across district: five in design, three at NYSED, fourteen contracting, 22 in progress, three on bid list, six scheduled.","53 projects: five projects in design, three at NYSED, fourteen contracting and quote process, 22 in progress, three bid list, six scheduled",https://www.wsboces.org/wp-content/uploads/Minutes-April-9-2024-FINAL.pdf,,
Western Suffolk Boces,NCES-3680860,Western Suffolk BOCES Central Administrative Office,hvac_mechanical,7_construction,True,,unknown,Ventilation project currently underway with concerns about completion status.,Mr. Taylor updated the Board on the ventilation project and shared concerns about the completion,https://www.wsboces.org/wp-content/uploads/Feb-13-2024-FULL.pdf,,
Western Suffolk Boces,NCES-3680860,Western Suffolk BOCES,hvac_mechanical,7_construction,True,,unknown,Ventilation project nearing completion with supply chain delays resolved.,The ventilation project will be completed by the end of October.,https://www.wsboces.org/wp-content/uploads/Agenda-Nov-23-FULL.pdf,,
Western Suffolk Boces,NCES-3680860,Western Suffolk BOCES,hvac_mechanical,7_construction,True,,unknown,Ventilation project nearing completion.,The ventilation project will be completed by the end of October.,https://www.wsboces.org/wp-content/uploads/MInutes-October-10-2023-Final.pdf,,
Western Suffolk Boces,NCES-3680860,Western Suffolk BOCES,hvac_mechanical,7_construction,True,,unknown,Ventilation project nearing completion.,The ventilation project should be completed by the end of October.,https://www.wsboces.org/wp-content/uploads/Minutes-Sept-12-2023-FINAL.pdf,,
Western Suffolk Boces,NCES-3680860,JEA Elementary School Chestnut Hill Annex,general_construction,7_construction,True,,unknown,Opening of Chestnut Hill Annex building for 2023-24 school year with enrollment-driven expansion.,"opening the building for the 2023-24 school year, we do not have a wait list",https://www.wsboces.org/wp-content/uploads/Minutes-August-29-2023-final-for-Sept.pdf,,
Western Suffolk Boces,NCES-3680860,,hvac_mechanical,7_construction,True,,unknown,Ventilation project ongoing with anticipated completion by start of school.,ventilation project which is still ongoing and the anticipated completion should be by the start of school,https://www.wsboces.org/wp-content/uploads/August-8-2023-FULL.pdf,,
Western Suffolk Boces,NCES-3680860,District facilities,hvac_mechanical,7_construction,True,,unknown,Ventilation project ongoing with expected completion by mid-September.,The ventilation project should be completed by mid-September.,https://www.wsboces.org/wp-content/uploads/Minutes-Aug-8-2023-FINAL.pdf,,
Western Suffolk Boces,NCES-3680860,District facilities,general_construction,7_construction,True,,capital,"77 active capital projects across multiple stages including design, bidding, and construction.","77 active projects, 24 projects in design, 11 projects in bid process, 20 projects work in progress",https://www.wsboces.org/wp-content/uploads/Minutes-Aug-8-2023-FINAL.pdf,,
Western Suffolk Boces,NCES-3680860,,hvac_mechanical,7_construction,True,,capital reserve,Ventilation equipment installation across 13 buildings with completion status tracking.,ventilation project has taken much longer; three buildings near completion; eight buildings unable to get equipment,https://www.wsboces.org/wp-content/uploads/Agenda-April-13-2023-FULL.pdf,,
Western Suffolk Boces,NCES-3680860,,hvac_mechanical,7_construction,True,,unknown,Ventilation project with three buildings near completion and eight of thirteen buildings pending equipment delivery.,ventilation project. This project has taken much longer to get equipment. Three buildings near completion.,https://www.wsboces.org/wp-content/uploads/Minutes-March-14-2023-FINAL.pdf,,
Western Suffolk Boces,NCES-3680860,,hvac_mechanical,7_construction,True,,unknown,Ventilation project with units delayed due to supply chain issues.,Mr. Taylor updated the board on a ventilation project. We are waiting for units due to supply chain issues.,https://www.wsboces.org/wp-content/uploads/REVISED-AGENDA-Dec-13-2022-FULL.pdf,,
Western Suffolk Boces,NCES-3680860,,hvac_mechanical,7_construction,True,,unknown,Ventilation project with mechanical equipment installation and replacement.,Mr. Taylor updated the board on a ventilation project. We are waiting for units due to supply chain issues.,https://www.wsboces.org/wp-content/uploads/Minutes-Nov-8-2022-FINAL.pdf,,
Western Suffolk Boces,NCES-3680860,Wilson Tech Dix Hills; JEA Elementary,"hvac_mechanical, electrical_lighting, roofing, plumbing, site_athletics",7_construction,True,,capital,"HVAC equipment, electrical equipment, auto shop painting, roofs, water intrusion repairs, paving and drainage improvements.","Managed 35 new capital and alteration projects including updates to agency wide HVAC equipment; electrical equipment, auto shop painting, roofs and water intrusion at Wilson Tech Dix Hills; and paving and drainage improvements at JEA Elementary.",https://www.wsboces.org/wp-content/uploads/Agenda-Sept-13-2022-FULL-1.pdf,,
Western Suffolk Boces,NCES-3680860,BOCES-Wide,"life_safety_security, abatement, maintenance_services",7_construction,True,,operating budget,"Compliance with federal and state regulations including COVID-19, AHERA, fire safety, lead water testing, hydrant testing, kitchen hood, cooling tower maintenance.","Met federal and state compliance regulations for COVID-19 Reopening, AHERA, NYSIR, Fire Safety, Lead in Water Testing, Hydrant Testing, Kitchen Hood, Cooling Tower.",https://www.wsboces.org/wp-content/uploads/Agenda-Sept-13-2022-FULL-1.pdf,,
Western Suffolk Boces,NCES-3680860,Western Suffolk BOCES,site_athletics,7_construction,True,,capital reserve,Tree pruning and removal services across district facilities.,participate in Suffolk County Water Authority Bid #7667 Tree Pruning and Removal,https://www.wsboces.org/wp-content/uploads/Minutes-Sept-13-2022-FINAL.pdf,,
Western Suffolk Boces,NCES-3680860,District-wide,hvac_mechanical,7_construction,True,,capital reserve,Ventilation system units installation across district locations.,Ventilation system units are being delivered and it is expected the project will begin in September.,https://www.wsboces.org/wp-content/uploads/Minutes-Aug-9-2022-Final.pdf,,
Western Suffolk Boces,NCES-3680860,James E. Allen buildings,abatement,7_construction,True,,unknown,Asbestos removal completed in two James E. Allen buildings.,in the two James E. Allen buildings all the asbestos has been removed,https://www.wsboces.org/wp-content/uploads/Agenda-April-12-2022.pdf,,
Western Suffolk Boces,NCES-3680860,Multiple buildings,hvac_mechanical,7_construction,True,,unknown,Ventilation projects underway extending into summer months.,ventilation projects beginning this week and stated this work will extend into the summer months,https://www.wsboces.org/wp-content/uploads/Agenda-April-12-2022.pdf,,
Western Suffolk Boces,NCES-3680860,Various BOCES buildings,hvac_mechanical,7_construction,True,,unknown,"Ventilation projects beginning this week, extending into summer months.",ventilation projects beginning this week and stated this work will extend into the summer months,https://www.wsboces.org/wp-content/uploads/Minutes-March-8-2022-FINAL-1.pdf,,
Western Suffolk Boces,NCES-3680860,James E. Allen buildings,abatement,7_construction,True,,unknown,Asbestos removal completed in two James E. Allen buildings.,in the two James E. Allen buildings all the asbestos has been removed,https://www.wsboces.org/wp-content/uploads/Minutes-March-8-2022-FINAL-1.pdf,,
Western Suffolk Boces,NCES-3680860,WS BOCES,electrical_lighting,7_construction,False,,unknown,LED lighting installation with light harvesting expected to last beyond 19 years.,LED lighting should last about 19 years. WS BOCES does light harvesting.,https://www.wsboces.org/wp-content/uploads/Minutes-Nov-9-2021-final.pdf,,
West Islip Union Free School District,NCES-3630690,,general_construction,7_construction,False,-1192,bond,General construction work with change order credit.,"Change Order # 1 – Advanced Construction for $1,192.00 credit.",https://files.smartsites.parentsquare.com/6796/march_2011_school_board_minutes.pdf,2011-03-01,False
West Islip Union Free School District,NCES-3630690,,general_construction,7_construction,False,-1192,bond,General construction credit change order from Advanced Construction.,"Change Order # 1 – Advanced Construction for $1,192.00 credit.",https://files.smartsites.parentsquare.com/6796/march_2011_school_board_minutes.pdf,2011-03-01,False
West Islip Union Free School District,NCES-3630690,Udall,energy,7_construction,False,-2048.81,bond,Energy conservation work with change order credit.,"Advanced Conservation Systems, Inc. (Udall) #1 = ($2,048.81)",https://files.smartsites.parentsquare.com/6796/april_2011_school_board_minutes.pdf,2011-04-01,False
West Islip Union Free School District,NCES-3630690,,hvac_mechanical,7_construction,False,-2672,bond,Mechanical HVAC work with change order credit.,"Change Order # 1 – Walsh Mechanical Contractors for $2,672.00 credit.",https://files.smartsites.parentsquare.com/6796/march_2011_school_board_minutes.pdf,2011-03-01,False
West Islip Union Free School District,NCES-3630690,,hvac_mechanical,7_construction,False,-2672,bond,Mechanical work credit change order from Walsh Mechanical Contractors.,"Change Order # 1 – Walsh Mechanical Contractors for $2,672.00 credit.",https://files.smartsites.parentsquare.com/6796/march_2011_school_board_minutes.pdf,2011-03-01,False
West Islip Union Free School District,NCES-3630690,,hvac_mechanical,7_construction,False,-3249,bond,Mechanical HVAC work with change order credit.,"Change Order # 1 – Walsh Mechanical Contractors for $3,249.00 credit.",https://files.smartsites.parentsquare.com/6796/march_2011_school_board_minutes.pdf,2011-03-01,False
West Islip Union Free School District,NCES-3630690,,hvac_mechanical,7_construction,False,-3249,bond,Mechanical work credit change order from Walsh Mechanical Contractors.,"Change Order # 1 – Walsh Mechanical Contractors for $3,249.00 credit.",https://files.smartsites.parentsquare.com/6796/march_2011_school_board_minutes.pdf,2011-03-01,False
West Islip Union Free School District,NCES-3630690,High School,electrical_lighting,7_construction,False,-3320.18,bond,Electrical and lighting work with change order credit.,"Cooper Power & Lighting (H.S) #1 = ($3,320.18)",https://files.smartsites.parentsquare.com/6796/april_2011_school_board_minutes.pdf,2011-04-01,False
West Islip Union Free School District,NCES-3630690,,general_construction,7_construction,False,-5000,unknown,Construction work with change order for credit adjustment.,"approve the following change order: Hygrade Insulators, Inc. - #1 for a credit of $5,000.00",https://files.smartsites.parentsquare.com/6796/november_2009_school_board_minutes.pdf,2009-11-01,False
West Islip Union Free School District,NCES-3630690,,general_construction,7_construction,False,-5000,unknown,"Construction work with change order credit from Hygrade Insulators, Inc.","approve the following change order: Hygrade Insulators, Inc. - #1 for a credit of $5,000.00",https://files.smartsites.parentsquare.com/6796/november_2009_school_board_minutes.pdf,2009-11-01,False
West Islip Union Free School District,NCES-3630690,Paul J. Bellew,electrical_lighting,7_construction,False,-5000.0,bond,Electrical and lighting work with change order credit.,"Cooper Power & Lighting (Paul J. Bellew) #1 = ($5,000.00)",https://files.smartsites.parentsquare.com/6796/april_2011_school_board_minutes.pdf,2011-04-01,False
West Islip Union Free School District,NCES-3630690,Oquenock,electrical_lighting,7_construction,False,-5000.0,bond,Electrical and lighting work with change order credit.,"Cooper Power & Lighting (Oquenock) #1 = ($5,000.00)",https://files.smartsites.parentsquare.com/6796/april_2011_school_board_minutes.pdf,2011-04-01,False
West Islip Union Free School District,NCES-3630690,Westbrook,electrical_lighting,7_construction,False,-5000.0,bond,Electrical and lighting work with change order credit.,"Cooper Power & Lighting (Westbrook) #1 = ($5,000.00)",https://files.smartsites.parentsquare.com/6796/april_2011_school_board_minutes.pdf,2011-04-01,False
West Islip Union Free School District,NCES-3630690,Beach,energy,7_construction,False,-6863.33,bond,Energy conservation work with change order credit.,"Advanced Conservation Systems, Inc. (Beach) #1 = ($6,863.33)",https://files.smartsites.parentsquare.com/6796/april_2011_school_board_minutes.pdf,2011-04-01,False
West Islip Union Free School District,NCES-3630690,High School,energy,7_construction,False,-9533.33,bond,Energy conservation work with change order credits.,"Advanced Conservation Systems, Inc. (H.S.) #2 = ($1,200.00); #3 = ($8,333.33)",https://files.smartsites.parentsquare.com/6796/april_2011_school_board_minutes.pdf,2011-04-01,False
Brentwood Union Free School District,NCES-3605280,BHS – Ross Center,site_athletics,7_construction,True,-30224.8,unknown,"Site work for bleacher stair, fencing, and speaker pole connections.","Dant Clayton Corporation SC-05 BHS – Ross Center Site Work – Bleacher Stair Fencing & Speaker Pole Connections ($30,224.80)","https://www.bufsd.org/uploaded/BOE/2026-2027/3_Minutes/August_20,_2026_Meeting_Minutes_Approved_.pdf",,
Western Suffolk Boces,NCES-3680860,Multiple Western Suffolk BOCES locations,maintenance_services,unknown,False,1808830,operating budget,Ongoing maintenance and operations services across multiple educational facilities and rentals.,"Facilities Rentals at Brennan School, Forest School, Chestnut Hill School",https://www.wsboces.org/wp-content/uploads/Agenda-Annual-Meeting-April-14-2026-FULL.pdf,,
Western Suffolk Boces,NCES-3680860,Taukomas (H918),roofing,unknown,False,6770,unknown,Roof top unit replacement or repair.,"Roof Top Unit – Taukomas (H918) 6,770",https://www.wsboces.org/wp-content/uploads/Minutes-June-11-2024-final.pdf,,
Western Suffolk Boces,NCES-3680860,Brennan,general_construction,unknown,False,6361,unknown,Recovery High School renovation project.,"Renovate Recovery HS – Brennan (H923) 6,361",https://www.wsboces.org/wp-content/uploads/Minutes-June-11-2024-final.pdf,,
West Islip Union Free School District,NCES-3630690,Not specified,,unknown,False,,unknown,"Architectural firm Burton, Behrendt, Smith presented to the board.","Presentation: Burton, Behrendt, Smith - architectural firm.",https://files.smartsites.parentsquare.com/6796/march08mins.pdf,2008-03-01,False
West Islip Union Free School District,NCES-3630690,District-wide,general_construction,unknown,False,,bond,Bond projects under review by Buildings and Grounds committee.,start-up of the district's irrigation system and bond projects,https://files.smartsites.parentsquare.com/6796/april_2012_school_board_minutes.pdf,2012-04-01,False
West Islip Union Free School District,NCES-3630690,,,unknown,False,,bond,Bond Project Advisory Committee appointed with Mr. Smith and Mr. Ulrich as liaisons.,"Bond Project Advisory Committee Mr. Smith, Mr. Ulrich",https://files.smartsites.parentsquare.com/6796/july_2009_school_board_minutes.pdf,2009-07-01,False
West Islip Union Free School District,NCES-3630690,Westbrook Elementary School,,unknown,False,,unknown,Selling or leasing school-owned property across from Westbrook Elementary School.,selling or leasing school-owned property across from Westbrook Elementary School,https://files.smartsites.parentsquare.com/6796/february_2010_school_board_minutes.pdf,2010-02-01,False
Western Suffolk Boces,NCES-3680860,Alternative Learning Center Program locations in component districts,general_construction,unknown,False,,unknown,Formalize terms of BOCES use of classroom and ancillary space in buildings owned by local component districts.,BOCES and the districts seek to formalize the terms of BOCES use of these facilities,https://www.wsboces.org/wp-content/uploads/Minutes-Aug-4-2026-final.pdf,,
Western Suffolk Boces,NCES-3680860,Caleb Smith Outdoor Learning Lab,general_construction,unknown,False,,unknown,Modular building addition for outdoor learning facility,Modular Building Addition at Caleb Smith Outdoor Learning Lab Bid 24/25-91SI-AN,https://www.wsboces.org/wp-content/uploads/Agenda-May-12-26-FULL.pdf,,
Mount Sinai Union Free School District,NCES-3620040,,general_construction,unknown,False,,unknown,H2M Group designated as district architectural firm for 2023-24.,designates H2M Group as the District's Architectural firm for the fiscal year 2023-24,https://s3.amazonaws.com/scschoolfiles/4468/july_reorganization_minutes.pdf,,
Western Suffolk Boces,NCES-3680860,Western Suffolk BOCES / West Babylon UFSD,general_construction,unknown,False,,unknown,Lease agreement between Western Suffolk BOCES and West Babylon UFSD,Lease Agreement Between Western Suffolk BOCES and West Babylon UFSD,https://www.wsboces.org/wp-content/uploads/Agenda-Special-Board-Meeting-May-22-2025.pdf,,
Western Suffolk Boces,NCES-3680860,,general_construction,unknown,False,,unknown,Capital projects update provided by Chief Financial Officer.,Update of Capital Projects,https://www.wsboces.org/wp-content/uploads/Revised-Agenda-June-13-2023.pdf,,
